Designation	Obsid	RA	DEC	S/N(g)	Subclass	Source
J062407.76+264155.1	1902031	96.03234	26.698665	64.53	A2	Hümmerich et al. (2020)
J062307.91+264642.0	1902033	95.782966	26.778336	69.01	A2	Hümmerich et al. (2020)
J020421.09+582117.2	2403088	31.0879	58.3548	59.39	A1	Shi et al. (2023)
J020637.65+583606.8	2403170	31.6569	58.6019	68.35	A2	Shang et al. (2022)
J015958.89+585420.1	2414054	29.9954	58.9056	65.87	F0	Shi et al. (2023)
J015446.68+584637.5	2414230	28.6945	58.7771	59.62	A2	Shang et al. (2022)
J015713.72+594738.7	2416019	29.3072	59.7941	58.3	A2	Shi et al. (2023)
J063626.68+295739.5	2614128	99.111191	29.960979	56.98	A5	Shang et al. (2022)
J030709.75+535142.4	4116106	46.7906384	53.8618022	193.67	A2	Hümmerich et al. (2020)
J024406.53+534103.3	5004128	41.027232	53.684267	52.26	A2	Shang et al. (2022)
J023335.11+530446.3	5010036	38.396324	53.079551	119.8	A2	Hümmerich et al. (2020)
J024549.44+560453.8	5011191	41.456005	56.081629	90.74	A7	Shang et al. (2022)
J024356.00+535924.8	5104181	40.983349	53.990244	212.91	A1	Shang et al. (2022)
J025114.65+530215.2	5108101	42.811048	53.037575	70.07	A7	Shang et al. (2022)
J032939.33+060540.8	8312154	52.4138966	6.094693	302.66	A1	Hümmerich et al. (2020)
J091053.90+285032.6	8811202	137.7245978	28.842394	85.99	A7	Shang et al. (2022)
J035035.28+513819.4	11209081	57.647007	51.638734	62.02	A5	Shang et al. (2022)
J033546.83+512723.7	11214004	53.945133	51.456596	110.56	A1	Hümmerich et al. (2020)
J034114.89+483916.7	15002137	55.312061	48.65464	118.19	A2	Hümmerich et al. (2020)
J033637.91+491703.0	15010033	54.157987	49.284194	78.82	A2	Shang et al. (2022)
J033222.17+501250.6	15010139	53.092382	50.214059	61.74	A2	Shang et al. (2022)
J033831.76+513357.1	15016079	54.632343	51.565887	86.54	A1	Shi et al. (2023)
J034247.83+515853.3	15016105	55.699326	51.981473	63.67	A1	Shi et al. (2023)
J034614.11+514056.0	15115216	56.559688	51.682389	50.55	A2	Shang et al. (2022)
J020813.73+564115.9	15302015	32.057232	56.687759	51.71	A1	Shang et al. (2022)
J020403.88+564523.7	15302150	31.0162	56.7566	70.83	F0	Yang et al. (2024)
J020427.40+583513.5	15303061	31.1142	58.5871	60.82	A2	Shi et al. (2023)
J021142.21+583159.0	15304172	32.9258963	58.5330664	61.94	A2	Shang et al. (2022)
J021717.61+565859.8	15307038	34.3234	56.9833	78.76	A2	Shang et al. (2022)
J020058.06+591358.9	15314158	30.2419357	59.2330466	65.58	A2	Shang et al. (2022)
J052116.00+293157.5	15503148	80.316694	29.532661	62.8	A1	Shang et al. (2022)
J052753.31+293553.2	15509035	81.972142	29.598127	76.96	A2	Yang et al. (2024)
J092615.52+280323.0	15913129	141.563306	28.056412	134.08	A2	Shi et al. (2023)
J091053.71+285032.6	15916196	137.723805	28.842394	90.54	A7	Shi et al. (2023)
J030534.47+501457.6	16102024	46.393644	50.249352	121.08	A6	Lu et al. (2025)
J080130.69+132318.1	18202101	120.3778791	13.3883694	99.41	A5	Hümmerich et al. (2020)
J024853.65+515427.6	19901177	42.223565	51.907693	86.85	A7	Shang et al. (2022)
J025724.96+530044.3	19906207	44.354002	53.012309	104.21	A2	Shi et al. (2023)
J023129.31+542243.7	19914042	37.872161	54.378819	52.51	A6	Shang et al. (2022)
J081330.78+040630.6	21215157	123.3782833	4.1085111	164.63	A1	Hümmerich et al. (2020)
J055534.69+294438.9	21415188	88.894546	29.744149	51.45	A2	Shang et al. (2022)
J023029.43+541526.2	25410134	37.622625	54.257304	74	A2	Shi et al. (2023)
J034257.81+523015.1	26016244	55.7408895	52.5042114	78.47	A2	Shi et al. (2023)
J105734.90+260846.0	26105226	164.395437	26.14612	282.91	A2	Hümmerich et al. (2020)
J032413.45+525937.5	26613120	51.056053	52.993774	126.29	A3	Hümmerich et al. (2020)
J032111.38+530600.5	26613154	50.297433	53.100154	154.44	A3	Hümmerich et al. (2020)
J040642.34+454640.8	26905143	61.676433	45.778015	349.44	A2	Renson & Manfroid (2009)
J040845.42+461903.7	26908165	62.189255	46.317709	66.89	A1	Shang et al. (2022)
J044713.47+540515.5	27011065	71.806144	54.087661	440.23	F0	Hümmerich et al. (2020)
J045857.42+525653.7	27013021	74.739281	52.948254	96.31	A2	Shang et al. (2022)
J043814.40+542341.7	27016229	69.560002	54.394927	61.72	A3	Shi et al. (2023)
J055922.96+315147.4	27105085	89.845701	31.863171	113.71	A2	Shang et al. (2022)
J061001.31+325315.5	27106146	92.505476	32.887661	126.89	A1	Renson & Manfroid (2009)
J055218.79+331852.7	27114055	88.078319	33.314654	226.96	A1	Hümmerich et al. (2020)
J060719.04+323439.5	27206242	91.829343	32.577641	73.01	A5	Shang et al. (2022)
J055258.51+341523.9	27216092	88.243793	34.25666	432.11	A2	Shi et al. (2023)
J065302.82+121041.1	27303068	103.26176	12.178096	258.24	A1	Shang et al. (2022)
J065049.03+105959.6	27310029	102.70431	10.999911	82.03	A1	Shi et al. (2023)
J064935.95+124041.1	27314140	102.39983	12.678096	78.99	A1	Shang et al. (2022)
J122855.36+255446.3	27701139	187.227936	25.91287	176.89	A1	Renson & Manfroid (2009)
J044542.19+414052.9	27909199	71.425807	41.681381	96.79	A3	Shang et al. (2022)
J043813.34+424250.0	27911014	69.555621	42.713905	54.66	A1	Shang et al. (2022)
J044854.96+413917.5	27913107	72.229041	41.654873	117.92	A2	Shang et al. (2022)
J043111.72+393229.4	28002185	67.798872	39.541523	93.61	A2	Shang et al. (2022)
J043846.46+411724.2	28004042	69.693596	41.290066	96.86	A7	Shang et al. (2022)
J044002.28+400610.1	28005159	70.009522	40.102825	80.89	A2	Shang et al. (2022)
J044826.81+404211.9	28006047	72.111729	40.703308	218.7	A1	Shi et al. (2023)
J044511.49+405918.8	28009015	71.297886	40.988583	65.48	A1	Shang et al. (2022)
J064748.51+160757.8	28107057	101.95216	16.132748	195.06	A1	Hümmerich et al. (2020)
J064055.32+172735.3	28204200	100.23053	17.459833	103.05	F0	Yang et al. (2024)
J064358.14+192242.2	28211074	100.99226	19.378412	67.16	A1	Shang et al. (2022)
J063351.27+184418.9	28214023	98.463637	18.738586	321.55	A1	Hümmerich et al. (2020)
J063805.24+195355.8	28216238	99.52187	19.898834	97.83	A7	Shang et al. (2022)
J040258.12+461910.1	28703007	60.7422	46.319474	71.14	A3	Shi et al. (2023)
J040023.62+462840.7	28703048	60.098421	46.477997	358.18	A2	Hümmerich et al. (2020)
J040245.51+485337.9	28711020	60.689664	48.893871	61.2	A1	Hümmerich et al. (2020)
J035511.43+470050.3	28714179	58.797637	47.013995	73.17	A1	Shang et al. (2022)
J040427.19+474536.5	28715197	61.113331	47.760147	66.84	A2	Shi et al. (2023)
J040054.22+455310.4	28805240	60.225939	45.886242	51.6	A2	Shi et al. (2023)
J040452.41+484841.1	28811176	61.218409	48.811435	56.37	A5	Hümmerich et al. (2020)
J035432.82+472105.1	28814214	58.63678	47.351433	58.61	A1	Shi et al. (2023)
J065755.85+125952.8	29015129	104.48272	12.998015	159.49	A1	Shang et al. (2022)
J065404.60+113509.5	29103047	103.51918	11.585982	548.02	A1	Shang et al. (2022)
J065924.90+114744.7	29104227	104.85378	11.795777	67.11	A1	Yang et al. (2024)
J064959.12+125329.4	29114003	102.49637	12.891512	291.75	A1	Hümmerich et al. (2020)
J065415.12+125411.3	29115082	103.56301	12.903158	111.44	A1	Yang et al. (2024)
J065444.94+135455.5	29116149	103.68729	13.915432	177.5	A1	Hümmerich et al. (2020)
J043957.17+503355.9	29602059	69.988227	50.56554	86.6	A2	Shi et al. (2023)
J044846.65+530731.7	29609169	72.194383	53.125496	202.62	A1	Shang et al. (2022)
J044926.00+532923.5	29709068	72.358358	53.489871	73.87	A2	Yang et al. (2024)
J045311.65+525836.4	29709189	73.298546	52.976805	84.67	A1	Shang et al. (2022)
J045231.56+521715.1	29709236	73.131518	52.287537	193.04	A5	Hümmerich et al. (2020)
J043337.59+525003.7	29714163	68.406625	52.834368	72.35	A5	Yang et al. (2024)
J044446.35+533621.2	29715042	71.193151	53.605892	51.52	A1	Lu et al. (2025)
J064954.05+063614.9	29903093	102.47521	6.6041418	60.14	A5	Shi et al. (2023)
J065256.97+062511.6	29904178	103.23739	6.4198967	64.42	A1	Shang et al. (2022)
J065631.02+051047.3	29907041	104.12926	5.1798222	64.41	A2	Shang et al. (2022)
J070105.93+045719.0	29907087	105.274749	4.955284	103.07	A2	Shang et al. (2022)
J065624.57+071640.8	29909163	104.10239	7.2780071	51.07	A3	Shi et al. (2023)
J065420.92+081933.7	29911076	103.58717	8.3260519	51.75	A1	Shang et al. (2022)
J065239.94+090550.1	29911167	103.16642	9.097252	55.49	A2	Shang et al. (2022)
J064529.41+072552.2	29914124	101.37257	7.4311825	212.48	A1	Hümmerich et al. (2020)
J065154.99+080825.0	29915154	102.97915	8.1402796	101.71	A2	Shi et al. (2023)
J064927.82+080217.8	29916184	102.3659475	8.0382794	93	A1	Shang et al. (2022)
J065509.35+044322.6	30001082	103.78896	4.722962	90.96	A2	Shang et al. (2022)
J065137.32+062911.9	30003185	102.90551	6.4866582	77.82	A2	Shi et al. (2023)
J065124.21+072240.1	30003224	102.85088	7.3778248	101.53	A2	Shang et al. (2022)
J065310.66+071446.8	30004033	103.29444	7.2463597	160.83	A1	Hümmerich et al. (2020)
J065400.61+063645.2	30004182	103.50258	6.612556	152.53	A2	Hümmerich et al. (2020)
J065733.83+065745.3	30009009	104.39097	6.9625889	189.08	A7	Shang et al. (2022)
J065714.71+073908.9	30009101	104.31131	7.6524934	121.66	A1	Hümmerich et al. (2020)
J064716.03+054142.0	30010039	101.81683	5.695015	60.68	A5	Yang et al. (2024)
J065317.88+085025.4	30011022	103.32451	8.840414	76.98	A1	Shi et al. (2023)
J070434.59+070255.9	30013035	106.14414	7.0488657	50.65	A1	Shang et al. (2022)
J070047.44+071512.6	30013232	105.19767	7.2535016	75.06	A1	Shi et al. (2023)
J064614.76+072231.1	30014112	101.56154	7.375327	150.86	A1	Hümmerich et al. (2020)
J064704.31+073127.7	30014140	101.76799	7.524367	79.24	A1	Shang et al. (2022)
J064747.91+071929.4	30014225	101.94963	7.3248462	52.02	A2	Yang et al. (2024)
J065016.60+083133.3	30016057	102.5692	8.525924	95.08	A1	Shang et al. (2022)
J064812.61+080855.1	30016087	102.05256	8.1486473	52.71	A1	Shi et al. (2023)
J065205.09+065214.6	30103153	103.02123	6.8707489	123.79	A1	Hümmerich et al. (2020)
J070133.22+061017.5	30106078	105.38843	6.1715375	170.78	A1	Hümmerich et al. (2020)
J065953.07+061651.2	30108064	104.97114	6.2808965	58.93	A2	Shi et al. (2023)
J065629.15+074030.5	30109116	104.12146	7.675139	244.13	A2	Hümmerich et al. (2020)
J070337.20+064533.5	30113058	105.905	6.7593303	135.07	A1	Hümmerich et al. (2020)
J064741.02+072458.8	30114216	101.92094	7.4163444	149.43	A1	Hümmerich et al. (2020)
J014525.85+311349.2	30209070	26.357738	31.230356	63.37	A2	Shi et al. (2023)
J034004.96+442037.8	34202016	55.020684	44.343851	53.79	A1	Shi et al. (2023)
J034000.57+444858.4	34205214	55.002413	44.816231	300.48	A2	Renson & Manfroid (2009)
J034108.89+435436.0	34301239	55.287083	43.910004	68.07	A7	Shang et al. (2022)
J034828.34+460128.5	34308034	57.118101	46.024599	111.8	A1	Hümmerich et al. (2020)
J034632.02+450932.5	34308197	56.633452	45.159035	66.51	A2	Yang et al. (2024)
J034806.49+463445.6	34309216	57.027077	46.579352	64.73	A2	Shang et al. (2022)
J034603.80+483502.2	34311223	56.515858	48.583965	57.93	A5	Yang et al. (2024)
J034458.31+464848.7	34315109	56.24296	46.813537	198.95	A1	Hümmerich et al. (2020)
J055049.90+093136.5	34402218	87.707926	9.5268123	61.33	A1	Shang et al. (2022)
J055629.24+120153.3	34404050	89.121872	12.031483	220.09	A2	Hümmerich et al. (2020)
J060510.12+110636.6	34406136	91.292184	11.110185	53.64	A5	Yang et al. (2024)
J060040.60+100410.1	34407123	90.169188	10.069493	208.16	A2	Hümmerich et al. (2020)
J054732.61+121608.0	34414119	86.885915	12.26891	109.31	A2	Hümmerich et al. (2020)
J055507.06+121347.0	34415235	88.779427	12.229733	259.74	A2	Hümmerich et al. (2020)
J065952.57+055324.0	34806239	104.96908	5.8900124	63.16	A5	Yang et al. (2024)
J065749.94+075719.6	34809055	104.45811	7.9554524	118.29	A2	Yang et al. (2024)
J064546.78+075101.3	34814016	101.44494	7.8503764	84.91	A2	Lu et al. (2025)
J062158.40+282508.1	36209055	95.49337	28.418941	231.32	A7	Shang et al. (2022)
J061005.04+271200.8	36210022	92.521039	27.200249	98.7	A1	Shang et al. (2022)
J062126.32+291448.7	36211108	95.359707	29.246876	279.63	A2	Shi et al. (2023)
J061213.77+274735.8	36214164	93.057401	27.793283	77.98	A2	Yang et al. (2024)
J062020.91+252606.8	36301103	95.087152	25.435246	170.98	A2	Hümmerich et al. (2020)
J061101.05+264328.4	36310063	92.754379	26.724562	76.29	A3	Shang et al. (2022)
J062134.96+292444.7	36311035	95.395705	29.412417	73.31	A2	Lu et al. (2025)
J061027.62+272337.8	36314072	92.615122	27.393845	183.66	A2	Shang et al. (2022)
J060737.83+273524.4	36314244	91.907625	27.590128	65.13	A1	Shang et al. (2022)
J061342.52+263829.6	36403028	93.427188	26.641575	101.95	A1	Hümmerich et al. (2020)
J061817.58+265109.6	36404083	94.573253	26.852688	121.24	A2	Hümmerich et al. (2020)
J061609.41+265703.0	36404177	94.039248	26.950858	65.35	A1	Shi et al. (2023)
J044108.28+481631.3	36815232	70.28453	48.275372	97.42	A2	Hümmerich et al. (2020)
J043521.85+462246.7	36910050	68.841062	46.379662	104.17	A2	Shi et al. (2023)
J044253.81+492128.1	36911009	70.724239	49.357815	54.28	A2	Shang et al. (2022)
J064012.77+082519.3	37002029	100.05323	8.4220479	251.86	A2	Hümmerich et al. (2020)
J064617.26+082858.8	37005017	101.57194	8.483018	153.22	A2	Hümmerich et al. (2020)
J065309.66+083557.1	37006221	103.29028	8.599215	88.4	A2	Shang et al. (2022)
J064317.99+101010.2	37103134	100.82496	10.169527	728.88	A2	Shang et al. (2022)
J064323.68+095437.4	37104159	100.8487	9.910415	80.64	A1	Shi et al. (2023)
J064126.16+111922.8	37116153	100.359	11.323019	86.51	A2	Yang et al. (2024)
J041625.37+395526.1	37501043	64.105748	39.92393	55.64	A5	Yang et al. (2024)
J041702.06+402132.7	37501164	64.258598	40.359089	98.96	A2	Shi et al. (2023)
J041744.73+403036.1	37501175	64.436378	40.510044	88.7	A1	Hümmerich et al. (2020)
J042235.95+411448.9	37508110	65.649796	41.246933	66.45	F0	Hümmerich et al. (2020)
J040728.92+415903.9	37510024	61.870517	41.984444	110.64	A2	Hümmerich et al. (2020)
J041959.35+442203.7	37511116	64.997318	44.367706	67.88	A2	Yang et al. (2024)
J041800.71+440657.0	37511189	64.502964	44.115854	103.67	A1	Shang et al. (2022)
J041104.32+434706.1	37516198	62.76804	43.785052	66.93	A1	Shang et al. (2022)
J042200.91+402507.7	37607005	65.503808	40.418822	156.92	A1	Hümmerich et al. (2020)
J042113.88+441145.3	37611109	65.307858	44.195923	135.11	A2	Hümmerich et al. (2020)
J042748.14+422213.9	37613203	66.950603	42.370544	343.91	A2	Shang et al. (2022)
J040506.71+423800.8	37714248	61.277997	42.633575	68.37	A1	Shi et al. (2023)
J063857.91+133031.1	37803119	99.741307	13.508661	80	A1	Shang et al. (2022)
J064302.03+132254.0	37804008	100.75849	13.381687	411.91	A1	Shi et al. (2023)
J063457.98+141111.9	37814017	98.74159	14.18665	51.9	A2	Shi et al. (2023)
J064057.08+142512.7	37815174	100.23786	14.42021	57.42	A1	Yang et al. (2024)
J064146.23+125058.1	37904189	100.44263	12.849491	66.24	A1	Shi et al. (2023)
J064844.97+131201.5	37908080	102.18739	13.20042	103.81	A2	Shi et al. (2023)
J064544.04+134915.8	37909156	101.43353	13.821073	81.12	A2	Shang et al. (2022)
J040508.94+484944.7	38401163	61.287277	48.829086	258.6	A2	Hümmerich et al. (2020)
J041022.82+494828.4	38408248	62.595084	49.807891	85.51	A2	Shang et al. (2022)
J041530.27+511305.8	38413152	63.876146	51.218285	105.6	A1	Hümmerich et al. (2020)
J041507.49+510621.7	38413172	63.781211	51.106028	96.06	A1	Shang et al. (2022)
J041659.05+505704.7	38413248	64.246055	50.95132	80.19	A1	Shang et al. (2022)
J035100.36+502812.5	38414050	57.751531	50.47015	68.54	F0	Shang et al. (2022)
J035602.26+515453.2	38416223	59.009435	51.914799	53.26	A5	Shi et al. (2023)
J041043.97+505730.3	38509170	62.683241	50.958444	78.28	A5	Shi et al. (2023)
J035524.35+494525.0	38510075	58.851465	49.756957	57.98	A2	Shang et al. (2022)
J041108.93+521010.8	38512127	62.787215	52.169675	121.2	A2	Shang et al. (2022)
J065200.81+121952.8	38703109	103.00339	12.33134	312.48	A5	Hümmerich et al. (2020)
J065826.56+123931.9	38715106	104.61068	12.658882	166	A2	Shang et al. (2022)
J045109.07+433556.5	39103009	72.787831	43.599036	187.63	A2	Hümmerich et al. (2020)
J045939.31+425419.1	39108122	74.913823	42.905327	226.49	A2	Shi et al. (2023)
J044507.20+432450.1	39110075	71.280029	43.413939	66.49	A2	Shi et al. (2023)
J044531.93+434003.8	39110246	71.383067	43.667743	65.37	A2	Shang et al. (2022)
J044655.11+445553.4	39114086	71.729648	44.931522	86.94	A7	Shang et al. (2022)
J044219.93+443401.7	39114120	70.583075	44.567144	76.97	A1	Shang et al. (2022)
J045611.05+441446.2	39204072	74.046049	44.246192	62.06	A1	Yang et al. (2024)
J050320.42+432802.5	39306226	75.835106	43.467382	66.85	A3	Shi et al. (2023)
J050001.22+430207.3	39308120	75.005095	43.035381	80.79	A2	Shang et al. (2022)
J044605.51+435343.9	39310248	71.522992	43.89555	81.69	A3	Shi et al. (2023)
J064628.76+150619.4	39412127	101.61985	15.105413	270.98	A2	Hümmerich et al. (2020)
J065012.81+134136.5	39413243	102.5534	13.693482	74.98	A1	Shang et al. (2022)
J043111.89+393230.0	39902185	67.799568	39.541667	59.69	A2	Shang et al. (2022)
J044003.25+403702.1	39904180	70.013567	40.617268	78.95	A1	Shang et al. (2022)
J044411.38+410532.1	39909221	71.047425	41.092271	65.53	A1	Shang et al. (2022)
J045220.67+405034.9	39913075	73.086164	40.843029	139.31	A2	Hümmerich et al. (2020)
J045024.25+412411.3	39913129	72.601055	41.403155	58.08	A1	Shang et al. (2022)
J043849.38+412049.7	40004046	69.705759	41.347145	61.3	A1	Shang et al. (2022)
J045131.08+395823.5	40006166	72.879504	39.973221	102.23	A1	Hümmerich et al. (2020)
J044336.75+400733.9	40008001	70.903145	40.126102	87.98	A1	Shi et al. (2023)
J044553.43+401723.3	40008055	71.472631	40.289831	108.7	A1	Yang et al. (2024)
J044438.43+410114.9	40009003	71.160141	41.020809	196.36	A2	Shang et al. (2022)
J043111.97+414409.5	40014141	67.799875	41.735998	64.59	A2	Shi et al. (2023)
J065414.97+083323.6	40107143	103.5624	8.5565809	110.87	A2	Shi et al. (2023)
J064737.41+100739.7	40109202	101.90589	10.127721	51.61	A1	Shang et al. (2022)
J063752.90+091516.7	40110057	99.470446	9.254654	186.45	A2	Renson & Manfroid (2009)
J064621.04+105918.9	40115146	101.58768	10.98861	54.6	F0	Shang et al. (2022)
J051104.35+380901.1	40514140	77.768146	38.150333	155.03	A1	Yang et al. (2024)
J051316.11+380133.9	40514165	78.317155	38.026111	117.46	A2	Shang et al. (2022)
J053244.09+405132.0	42603224	83.183724	40.858889	288.57	A1	Shi et al. (2023)
J053233.44+404645.7	42603225	83.139371	40.779365	74.83	A2	Shang et al. (2022)
J054358.79+383237.6	42607072	85.99498	38.543794	112.03	A1	Shi et al. (2023)
J054613.28+402902.7	42613211	86.555371	40.484103	54.37	A1	Bernhard et al. (2021)
J052859.67+403028.4	42614064	82.24864	40.50789	52.07	A5	Lu et al. (2025)
J053056.77+382731.6	42702148	82.736546	38.458801	334.47	A2	Shi et al. (2023)
J053052.64+383121.6	42702245	82.719334	38.522673	96.79	A1	Shi et al. (2023)
J053619.05+394757.9	42704134	84.07939	39.799425	67.38	A1	Shi et al. (2023)
J054450.44+382142.3	42707087	86.210187	38.36175	110.52	A5	Shang et al. (2022)
J054353.01+382112.7	42707222	85.97091	38.353543	143.94	A2	Shi et al. (2023)
J052811.99+415006.4	42716203	82.049962	41.835136	235.2	A2	Renson & Manfroid (2009)
J063823.52+021917.6	42801218	99.598016	2.321583	56.03	A6	Yang et al. (2024)
J063419.94+052022.8	42803107	98.583116	5.339691	99.16	A2	Shang et al. (2022)
J063116.83+043725.9	42810023	97.820155	4.623866	667.14	A1	Renson & Manfroid (2009)
J063014.96+042636.4	42810144	97.562347	4.44347	263.16	A5	Gaia Collaboration et al. (2016, 2023)
J064452.82+055428.4	42812154	101.22009	5.907912	128.89	A1	Hümmerich et al. (2020)
J064637.54+051612.6	42813135	101.65643	5.270194	101.53	A1	Shi et al. (2023)
J063825.84+054729.6	42815023	99.607681	5.7915629	50.76	A7	Shi et al. (2023)
J063952.96+052439.2	42815103	99.97068	5.4109159	56.65	A1	Shang et al. (2022)
J063603.27+053208.5	42815245	99.013661	5.535716	129.32	A1	Yang et al. (2024)
J063555.54+061753.5	42816110	98.981451	6.2981992	60.89	A1	Shang et al. (2022)
J063546.95+061914.9	42816112	98.945625	6.3208175	137.05	A2	Hümmerich et al. (2020)
J064344.80+025959.6	42907064	100.93668	2.99991	54.7	A1	Shang et al. (2022)
J064240.91+051532.6	42909042	100.67046	5.259059	85.11	A1	Shi et al. (2023)
J063906.40+061732.8	42911233	99.77668	6.2924707	57.57	A1	Shi et al. (2023)
J063133.44+050659.3	42914178	97.889367	5.116487	75.28	A1	Shi et al. (2023)
J063334.12+062403.3	42916187	98.392187	6.4009235	79.85	A1	Shi et al. (2023)
J051336.10+365555.5	43310217	78.400454	36.932109	72.05	A2	Yang et al. (2024)
J051003.60+382125.9	43314023	77.515009	38.357222	93.48	A2	Hümmerich et al. (2020)
J052016.52+351301.6	43401221	80.068853	35.217128	137.74	A2	Hümmerich et al. (2020)
J051711.10+365831.6	43403009	79.296271	36.975468	187.2	A1	Hümmerich et al. (2020)
J051725.85+364904.8	43403014	79.357734	36.818	203.65	A1	Hümmerich et al. (2020)
J051540.30+370025.0	43403043	78.917941	37.006968	198.19	A1	Hümmerich et al. (2020)
J051732.28+375907.9	43403131	79.384534	37.985543	82.71	A2	Shang et al. (2022)
J052454.90+370932.6	43408244	81.228771	37.159075	117.87	A2	Hümmerich et al. (2020)
J051109.06+370211.1	43410010	77.787752	37.036439	160.17	F0	Shang et al. (2022)
J051148.38+382233.2	43414138	77.95162	38.375914	105.4	A1	Shang et al. (2022)
J051816.22+380429.4	43415239	79.567623	38.074858	160.43	A1	Hümmerich et al. (2020)
J051128.95+384852.5	43416217	77.870654	38.814607	56.87	A2	Shang et al. (2022)
J064358.69+160630.3	43807041	100.99456	16.108427	70.04	A1	Shi et al. (2023)
J064248.31+184951.8	43815144	100.70132	18.831067	67.82	A2	Shi et al. (2023)
J064127.83+182821.1	43815197	100.36597	18.472539	84.95	A2	Shang et al. (2022)
J064251.28+050741.2	44309148	100.7137	5.128121	212.75	A1	Shi et al. (2023)
J063148.30+040804.2	44310068	97.951282	4.13451	75.12	A5	Yang et al. (2024)
J064013.40+061645.0	44311064	100.05587	6.2791767	126.58	A1	Hümmerich et al. (2020)
J064637.59+051616.2	44313135	101.65664	5.271172	109.9	A2	Hümmerich et al. (2020)
J063226.35+044536.9	44314056	98.109793	4.760255	110.32	A1	Shang et al. (2022)
J063600.51+042016.4	44403023	99.002154	4.3379141	87.19	A2	Yang et al. (2024)
J064511.33+035210.9	44406024	101.29723	3.869705	157.39	A5	Hümmerich et al. (2020)
J064121.92+065416.6	44411034	100.34134	6.904616	56.61	A2	Shang et al. (2022)
J064031.63+062210.6	44411059	100.1318	6.369614	59.56	A2	Yang et al. (2024)
J064606.92+055254.6	44412220	101.52886	5.881835	96.75	A1	Shang et al. (2022)
J063708.88+054224.9	44415011	99.287007	5.706939	59.18	A1	Shang et al. (2022)
J063218.45+032146.3	44502037	98.076883	3.362882	196.15	A2	Renson & Manfroid (2009)
J063035.66+035246.6	44510188	97.648591	3.879634	233.37	A1	Renson & Manfroid (2009)
J064356.64+063913.3	44512048	100.98601	6.6537221	56.96	A1	Shang et al. (2022)
J062345.15+202530.3	44903067	95.938139	20.425106	141.65	A5	Shang et al. (2022)
J063114.46+184731.8	44908213	97.810257	18.792189	157.83	A3	Hümmerich et al. (2020)
J061942.01+194813.0	44910125	94.925046	19.803614	162.48	A2	Shi et al. (2023)
J063840.63+203356.7	44913033	99.6693	20.565756	141.82	A1	Shi et al. (2023)
J062418.35+215742.5	44916075	96.07647	21.961816	66.47	A1	Shang et al. (2022)
J132426.36+303320.6	45010013	201.1098389	30.5539412	145.02	A7	Renson & Manfroid (2009)
J063800.46+310256.5	45107154	99.501922	31.049034	192.36	A1	Hümmerich et al. (2020)
J063640.63+315450.6	45108191	99.169306	31.914068	241.97	A2	Hümmerich et al. (2020)
J063634.59+324139.4	45108230	99.144151	32.694304	79.32	A5	Shang et al. (2022)
J063228.45+344456.3	45111090	98.118564	34.748981	72.5	A1	Shang et al. (2022)
J065235.08+423717.7	45313073	103.14619	42.621588	77.62	A2	Yang et al. (2024)
J065423.08+270332.4	46108088	103.59618	27.059023	73.6	A7	Shang et al. (2022)
J065623.57+281013.1	46113165	104.09822	28.170319	102.27	F0	Hümmerich et al. (2020)
J064039.28+264137.2	46210055	100.16368	26.693689	187.61	A1	Hümmerich et al. (2020)
J072622.78+045215.5	46601032	111.59492	4.870976	86.93	A2	Shang et al. (2022)
J072535.30+072629.1	46603149	111.39709	7.441436	130.47	A3	Shang et al. (2022)
J073421.14+082101.2	46612020	113.58811	8.350352	56.25	A1	Shang et al. (2022)
J072612.34+052602.9	46702056	111.55143	5.434159	227.35	A2	Renson & Manfroid (2009)
J073102.16+070734.5	46709007	112.75902	7.126251	103.44	A5	Hümmerich et al. (2020)
J082331.87+491533.9	48910012	125.88282	49.259422	245.88	A1	Shi et al. (2023)
J191837.96+394726.4	52403122	289.658208	39.790667	254.17	A1	Hümmerich et al. (2020)
J192929.16+391317.6	52408044	292.3715	39.221556	522.29	A6	Shang et al. (2022)
J192630.16+380251.9	52408193	291.625708	38.04775	78.2	A2	Shang et al. (2022)
J191608.95+390024.9	52410229	289.037292	39.006944	154.98	A5	Shang et al. (2022)
J192605.29+405954.9	52411055	291.522063	40.998603	145.07	A1	Shang et al. (2022)
J191430.53+402714.1	52416023	288.626583	40.454639	659.86	A1	Hümmerich et al. (2020)
J192128.18+370955.2	52501035	290.367446	37.165347	85.48	A5	Shang et al. (2022)
J192313.41+372224.2	52501167	290.8058892	37.373393	280.47	A1	Shang et al. (2022)
J192755.20+371032.0	52507170	291.9800264	37.1755833	68.58	A5	Shang et al. (2022)
J191825.72+395557.0	52515066	289.607167	39.9325	64.09	A2	Shang et al. (2022)
J194154.63+380153.3	52907248	295.477633	38.031486	187.21	A1	Shi et al. (2023)
J193908.61+391608.7	52908192	294.7859015	39.2690846	93	A5	Shang et al. (2022)
J010007.84+045339.3	55111157	15.03269	4.89427	293.23	A1	Renson & Manfroid (2009)
J031244.57+113233.7	56307066	48.18571	11.54272	153.41	A1	Hümmerich et al. (2020)
J213940.97-044004.9	56411162	324.92072	-4.66805	143.45	A2	Hümmerich et al. (2020)
J231412.30+232336.9	57503106	348.551271	23.393598	162.14	A2	Hümmerich et al. (2020)
J232506.46+230334.9	57509231	351.27692	23.05972	413.2	A7	Yang et al. (2024)
J214140.37+082544.0	58515250	325.41821	8.42889	108.2	A2	Shang et al. (2022)
J214140.38+082543.9	58815250	325.418264	8.428865	114.96	A1	Shang et al. (2022)
J054128.52+312905.0	68301064	85.368852	31.484726	71.94	A2	Shang et al. (2022)
J231505.60+020916.4	72410226	348.77335	2.15457	577.1	A7	Hümmerich et al. (2020)
J231505.61+020916.6	72510226	348.773382	2.154617	473.7	A7	Shi et al. (2023)
J001159.29-001346.9	74102215	2.997069	-0.229702	419.3	A9	Shang et al. (2022)
J231308.93+104016.6	74501059	348.287238	10.671289	524.04	A7	Shang et al. (2022)
J221523.56+082620.4	75516085	333.848186	8.439004	73.13	A1	Shi et al. (2023)
J053712.63+254735.5	81409067	84.302631	25.793198	64.81	A1	Shi et al. (2023)
J065202.93+244542.5	81502046	103.01222	24.761814	50.89	A5	Qin et al. (2019)
J054521.11+382157.5	83014029	86.337999	38.365973	52.06	A2	Yang et al. (2024)
J055417.44+374759.2	83103016	88.572707	37.79978	66.24	A1	Shi et al. (2023)
J060527.16+371429.6	83106219	91.363198	37.241573	434.1	A2	Shi et al. (2023)
J060606.37+372248.6	83106224	91.52656	37.380191	88.68	A2	Shang et al. (2022)
J055945.78+371300.5	83108199	89.940781	37.216808	83.02	A2	Yang et al. (2024)
J060126.41+385724.3	83109030	90.36008	38.956754	55.22	A1	Shi et al. (2023)
J060319.03+390335.1	83113170	90.829303	39.059772	82.06	A1	Shang et al. (2022)
J054850.43+370936.0	83202184	87.210145	37.16001	246.47	A2	Shang et al. (2022)
J055417.45+374759.2	83203016	88.572718	37.799785	59.79	A2	Shi et al. (2023)
J055242.36+373033.1	83205179	88.176508	37.509197	139.69	A5	Shang et al. (2022)
J094532.54-062723.0	83404113	146.3855835	-6.4564127	103.33	A1	Shi et al. (2023)
J093915.30-041535.0	83416226	144.8137873	-4.2597258	51.66	A5	Shang et al. (2022)
J094532.52-062723.0	83504113	146.385511	-6.456399	111.55	A1	Shi et al. (2023)
J001538.33+294443.6	83807089	3.90973	29.745453	52.33	A1	Shi et al. (2023)
J070200.78+161738.2	84109159	105.50325	16.293972	287.89	A2	Hümmerich et al. (2020)
J065435.39+135124.5	84202126	103.64748	13.856815	82.94	A7	Shang et al. (2022)
J065941.01+143418.8	84205031	104.92088	14.57189	173.19	A2	Hümmerich et al. (2020)
J070127.57+142617.6	84205131	105.3649	14.438228	191.88	A2	Hümmerich et al. (2020)
J065719.75+173342.3	84216146	104.3323	17.561765	54.42	A3	Shang et al. (2022)
J070131.37+154047.7	84304055	105.38071	15.67993	100.17	A2	Yang et al. (2024)
J065945.45+172539.7	84311176	104.9394	17.427713	144.98	A2	Shi et al. (2023)
J065358.16+141845.0	84402177	103.49235	14.312508	212.53	A2	Hümmerich et al. (2020)
J094226.47-001954.4	84502221	145.6103046	-0.331781	52.82	A7	Hümmerich et al. (2020)
J024738.40+433809.8	84714182	41.910019	43.636066	57.24	A6	Shang et al. (2022)
J033559.79+404840.5	84815200	53.999139	40.811268	122.37	A2	Shi et al. (2023)
J034731.70+394858.3	84906049	56.88209	39.816196	59.98	A1	Shang et al. (2022)
J033107.69+420332.1	84916226	52.78208	42.058941	57.87	A5	Shang et al. (2022)
J050210.72+464600.0	87210123	75.544675	46.766685	240.98	A2	Renson & Manfroid (2009)
J050845.43+492250.8	87316236	77.189293	49.380795	122.98	A1	Shang et al. (2022)
J001457.96+354740.4	87506239	3.741529	35.794563	134.79	A6	Yang et al. (2024)
J040213.73+370957.0	87707011	60.557234	37.165855	204.92	A1	Shang et al. (2022)
J072341.49-024106.9	88601241	110.9229	-2.68526	167.67	A6	Hümmerich et al. (2020)
J072423.08-003904.7	88604187	111.09619	-0.651326	221.06	A1	Hümmerich et al. (2020)
J072915.84+003208.5	88609064	112.316	0.535715	310.81	A1	Hümmerich et al. (2020)
J072614.34-004443.5	88704194	111.55976	-0.7454432	209.14	A1	Hümmerich et al. (2020)
J072725.86-012818.4	88705129	111.85779	-1.4717988	154.18	B6	Hümmerich et al. (2020)
J072655.09-013752.4	88705143	111.72955	-1.6312292	65.72	A1	Shang et al. (2022)
J073526.38-010309.3	88706169	113.85995	-1.0525896	51.25	A2	Yang et al. (2024)
J072519.87+013555.3	88711007	111.33282	1.598705	145.47	A1	Shang et al. (2022)
J072433.03-001416.4	88804023	111.13766	-0.237909	228.21	A1	Hümmerich et al. (2020)
J072010.19-010508.9	88810210	110.04248	-1.0858239	62.8	A1	Shi et al. (2023)
J072040.31-000827.5	88814064	110.16796	-0.140981	61.68	A3	Hümmerich et al. (2020)
J072338.12+003848.5	88815100	110.90886	0.646821	93.25	A2	Bernhard et al. (2021)
J085148.85+434402.2	88914234	132.953571	43.733964	100.95	A2	Shang et al. (2022)
J044758.11+070009.4	89106102	71.992138	7.00263	193.8	A1	Hümmerich et al. (2020)
J052237.24+324258.3	89404236	80.655191	32.716208	148.82	A2	Hümmerich et al. (2020)
J052436.09+321553.5	89408072	81.150409	32.264866	326.96	A2	Shang et al. (2022)
J052606.55+324317.9	89408097	81.527328	32.72166	68.11	A1	Shang et al. (2022)
J052430.90+333824.6	89409037	81.128772	33.64018	106.82	A2	Yang et al. (2024)
J052239.31+335239.0	89409112	80.663792	33.877524	79.59	A6	Shang et al. (2022)
J051957.65+334802.5	89415140	79.990247	33.800701	166.12	A1	Hümmerich et al. (2020)
J051634.34+340314.3	89415165	79.143108	34.053997	56.5	F0	Shang et al. (2022)
J051224.39+335858.9	89416080	78.101642	33.983036	83.12	A2	Shi et al. (2023)
J052118.35+304521.5	89501104	80.326465	30.755978	103.53	A6	Renson & Manfroid (2009)
J051541.33+310322.7	89502022	78.922232	31.056326	183.06	A5	Shang et al. (2022)
J051210.17+310708.1	89502085	78.042378	31.11892	104.95	F0	Shang et al. (2022)
J051500.13+332041.5	89503122	78.750563	33.344883	452.23	A2	Shi et al. (2023)
J052746.31+314215.9	89506219	81.942988	31.704426	214.28	A2	Shang et al. (2022)
J052347.98+341611.4	89509100	80.949927	34.269856	167.44	A1	Shang et al. (2022)
J052217.46+334244.5	89509116	80.572762	33.712363	68.34	A2	Shi et al. (2023)
J052059.29+351123.5	89511222	80.247077	35.189884	196.51	A2	Hümmerich et al. (2020)
J052437.29+341035.2	89512095	81.155401	34.176466	58.26	A1	Shi et al. (2023)
J051641.73+342908.7	89516119	79.17388	34.485771	96.47	A2	Shi et al. (2023)
J053011.10+315718.7	89606102	82.546256	31.955222	65.06	A2	Yang et al. (2024)
J052155.76+332242.2	89609163	80.482343	33.378406	55.79	A5	Yang et al. (2024)
J052616.48+331544.2	89609184	81.568686	33.262295	255.89	A1	Renson & Manfroid (2009)
J052043.38+335022.0	89615139	80.180752	33.839467	152.99	A2	Hümmerich et al. (2020)
J051445.40+345801.5	89616238	78.689174	34.967085	62.74	B6	Hümmerich et al. (2020)
J051506.10+321121.3	89703028	78.775458	32.189277	120.55	A1	Hümmerich et al. (2020)
J051540.53+314003.1	89705227	78.918905	31.667542	71.76	A1	Shi et al. (2023)
J052343.31+320938.3	89708019	80.930487	32.16065	99.22	A1	Shi et al. (2023)
J052407.67+331545.7	89709225	81.031965	33.262719	83.37	A2	Shi et al. (2023)
J052244.67+345827.2	89711030	80.686133	34.974247	135.83	B6	Shang et al. (2022)
J052856.71+341332.8	89712104	82.236333	34.225799	73.8	A2	Shang et al. (2022)
J052259.54+343944.9	89712146	80.748112	34.662479	190.79	A2	Renson & Manfroid (2009)
J051101.35+330230.2	89714184	77.755663	33.041738	69.16	A2	Shi et al. (2023)
J074459.33+233758.9	89903235	116.24723	23.63305	76.09	A5	Shang et al. (2022)
J065235.59+423715.7	90503119	103.14832	42.621031	197.63	A2	Hümmerich et al. (2020)
J065302.61+403553.6	90602149	103.26088	40.59824	130.2	A5	Hümmerich et al. (2020)
J080435.19-031900.7	93203046	121.14663	-3.316869	206.46	A1	Shi et al. (2023)
J081342.91-053547.1	93609068	123.42881	-5.596429	217.03	A2	Hümmerich et al. (2020)
J081025.65-062756.5	93704009	122.60688	-6.465703	175.13	A1	Hümmerich et al. (2020)
J080710.19-075740.5	93705224	121.79247	-7.9612556	51.29	A1	Shang et al. (2022)
J080339.87-082141.0	93802093	120.91614	-8.361405	248.9	A2	Renson & Manfroid (2009)
J081148.45-075357.2	93805135	122.95188	-7.8992285	168.19	A1	Shi et al. (2023)
J044346.31+241753.1	94308128	70.942977	24.298092	52.01	A1	Shi et al. (2023)
J044441.74+263924.0	94312090	71.173944	26.656694	111.94	A1	Hümmerich et al. (2020)
J075041.80-060338.3	94705068	117.67418	-6.060639	129.78	A6	Renson & Manfroid (2009)
J075656.82-054907.8	94708058	119.23679	-5.8188485	62.32	A1	Shi et al. (2023)
J065245.88+220018.0	95408084	103.19117	22.005009	68.05	A2	Shang et al. (2022)
J065403.63+221545.2	95413099	103.51514	22.262556	386.26	A7	Renson & Manfroid (2009)
J064559.17+213252.6	95505174	101.49657	21.54797	391.22	A2	Hümmerich et al. (2020)
J063833.21+214522.4	95510016	99.638392	21.756243	54.47	F0	Shi et al. (2023)
J064540.65+235113.6	95511092	101.41938	23.853786	455.5	A1	Gaia Collaboration et al. (2016, 2023)
J065401.03+213810.3	95606245	103.50433	21.636211	84.68	A3	Shang et al. (2022)
J064853.79+203905.2	95607032	102.22413	20.651462	62.91	A1	Shang et al. (2022)
J064947.96+202510.8	95607048	102.44986	20.419684	324.24	F0	Hümmerich et al. (2020)
J065339.18+240351.7	95612176	103.41325	24.064363	79.63	A6	Shang et al. (2022)
J064351.19+233534.8	95615163	100.9633	23.593025	164.87	A2	Hümmerich et al. (2020)
J064545.31+203022.0	95701056	101.43881	20.506133	99.07	A5	Shi et al. (2023)
J064851.38+211245.6	95708192	102.21412	21.212685	138.15	A2	Shang et al. (2022)
J063952.11+221314.6	95710240	99.967154	22.220744	327.87	A2	Yang et al. (2024)
J064116.68+202807.5	95802131	100.31951	20.468761	87.03	A7	Yang et al. (2024)
J033213.08+411345.2	96501154	53.054518	41.229248	181.11	A5	Shang et al. (2022)
J033815.59+425848.9	96509147	54.564997	42.980267	365.01	A2	Shang et al. (2022)
J033228.57+433038.0	96515101	53.119063	43.510576	149.51	A1	Hümmerich et al. (2020)
J032734.88+442839.8	96716120	51.895345	44.477737	116.13	A1	Shang et al. (2022)
J055739.82+160140.8	98804102	89.415944	16.028007	165.85	A2	Hümmerich et al. (2020)
J055604.42+160937.1	98804196	89.018437	16.16033	254.76	A2	Hümmerich et al. (2020)
J055519.77+154335.4	98805055	88.832397	15.7265	164.55	A1	Hümmerich et al. (2020)
J060315.94+143510.2	98807079	90.816437	14.586182	168.64	A2	Hümmerich et al. (2020)
J060258.76+160557.2	98808087	90.744856	16.099228	318.49	A1	Hümmerich et al. (2020)
J054916.72+153120.0	98810027	87.319684	15.522223	82.65	A2	Shi et al. (2023)
J055159.50+152629.3	98810155	87.997924	15.441496	84.21	A2	Shang et al. (2022)
J055633.50+180003.2	98811084	89.139596	18.000895	77.15	A1	Shang et al. (2022)
J060354.12+162915.5	98813081	90.9755	16.487665	110.68	A1	Hümmerich et al. (2020)
J055516.50+165944.8	98815195	88.818782	16.995786	81.29	A2	Shi et al. (2023)
J055409.86+165428.3	98903131	88.541124	16.907875	157.25	A2	Hümmerich et al. (2020)
J055604.34+160937.0	98904196	89.018087	16.160304	212.76	A1	Shi et al. (2023)
J060453.41+161322.1	98906046	91.222568	16.222811	142.3	A3	Hümmerich et al. (2020)
J055834.78+181300.3	98911067	89.644931	18.216761	62.1	A1	Shang et al. (2022)
J055330.10+151106.8	99005238	88.375427	15.185224	70.15	A2	Shi et al. (2023)
J055545.02+180021.2	99011078	88.93761	18.005903	68.8	A1	Shi et al. (2023)
J055346.74+144708.2	99102054	88.444777	14.785634	111.33	A2	Hümmerich et al. (2020)
J055523.13+150002.5	99105084	88.846377	15.000697	226.62	A2	Hümmerich et al. (2020)
J055237.04+154023.8	99105198	88.154374	15.6733	183.3	A2	Hümmerich et al. (2020)
J075829.38+262902.1	99207103	119.62245	26.483942	127.89	A2	Hümmerich et al. (2020)
J082706.72+453553.0	99410128	126.778	45.598068	273.09	A6	Hümmerich et al. (2020)
J045324.33+215142.4	99901153	73.351386	21.861799	83.67	A1	Shang et al. (2022)
J044741.43+230820.9	99903084	71.922664	23.139147	126.36	A2	Hümmerich et al. (2020)
J045504.49+230922.2	99904101	73.768718	23.156191	121.44	A2	Shang et al. (2022)
J045107.51+231453.9	99904162	72.781313	23.248306	52.79	A5	Shi et al. (2023)
J045538.72+243458.6	99909095	73.911366	24.582968	131.76	A1	Hümmerich et al. (2020)
J045144.60+243935.8	99915222	72.935855	24.659969	145.02	A2	Shi et al. (2023)
J050419.12+233621.7	100113035	76.079688	23.606031	90.38	A7	Shi et al. (2023)
J064254.37+250805.5	100202222	100.72655	25.13488	145.35	A1	Shi et al. (2023)
J064259.18+270608.9	100203100	100.74662	27.102488	480.66	A2	Hümmerich et al. (2020)
J064839.96+291625.1	100211185	102.1665	29.273656	57.02	A1	Shang et al. (2022)
J064541.90+254049.4	100305220	101.42462	25.680401	81.35	A6	Shang et al. (2022)
J064220.64+271237.1	100314052	100.58602	27.210328	54.78	A2	Shang et al. (2022)
J091021.97+281832.2	100514090	137.591543	28.308965	65.52	A1	Hümmerich et al. (2020)
J091053.70+285032.7	100516196	137.723789	28.842434	68.53	A7	Shi et al. (2023)
J035323.09+253833.4	100912208	58.346209	25.642624	346.14	A7	Gaia Collaboration et al. (2016, 2023)
J063033.69+014424.1	101108108	97.64039	1.7400429	244.44	A2	Hümmerich et al. (2020)
J062937.22+015430.1	101108183	97.405114	1.9083661	66.42	A1	Shang et al. (2022)
J062628.79+040302.5	101115009	96.619969	4.0507038	85.19	A1	Shi et al. (2023)
J062722.46+014046.8	101205134	96.84361	1.6796852	88.62	A1	Shang et al. (2022)
J063204.44+013000.1	101207109	98.018507	1.50003	430.1	A1	Hümmerich et al. (2020)
J062140.03+031902.5	101303114	95.416799	3.317378	357.09	A2	Yang et al. (2024)
J062607.45+022111.4	101304135	96.531057	2.3531941	63.43	A1	Shang et al. (2022)
J062748.57+020857.3	101305121	96.952408	2.1492663	62.65	A1	Shang et al. (2022)
J063044.96+030025.3	101309008	97.68736	3.007047	61.05	A2	Bernhard et al. (2021)
J062939.79+030753.5	101309025	97.415798	3.1315315	76.13	F0	Shang et al. (2022)
J062051.02+033146.8	101314173	95.212622	3.529692	89.61	A2	Shang et al. (2022)
J062506.79+042338.3	101315158	96.278317	4.393987	231.97	A7	Shang et al. (2022)
J062358.41+041124.9	101315159	95.993409	4.1902625	65.41	A2	Shi et al. (2023)
J062432.23+041102.9	101315165	96.134312	4.1841473	79.4	A2	Yang et al. (2024)
J062914.34+004257.0	101401183	97.309755	0.71585	516.81	A2	Renson & Manfroid (2009)
J063018.34+004255.8	101407159	97.576458	0.715516	59.83	A2	Shi et al. (2023)
J062044.63+023859.6	101410247	95.185992	2.6499056	97.19	A2	Hümmerich et al. (2020)
J062108.21+030106.7	101414057	95.284242	3.0185525	92.08	A1	Yang et al. (2024)
J062348.44+043007.6	101416171	95.951844	4.502123	104.51	F0	Hümmerich et al. (2020)
J081604.31+332638.0	102303242	124.017973	33.443906	137.53	A6	Shang et al. (2022)
J063004.66+313042.8	102908141	97.519443	31.511902	56.02	A3	Shang et al. (2022)
J080415.41+502936.1	104602022	121.064221	50.493382	74.48	A6	Hümmerich et al. (2020)
J053807.06+312820.8	105104159	84.52945	31.472452	65.17	A2	Shi et al. (2023)
J055026.09+314751.1	105113032	87.608727	31.797538	52.79	A1	Hümmerich et al. (2020)
J052904.69+313250.0	105114050	82.269569	31.547243	62.36	A1	Shang et al. (2022)
J082532.06+473737.2	105301041	126.383586	47.627026	75.38	A6	Shang et al. (2022)
J051936.81+334413.4	106504194	79.903409	33.737057	56.59	A1	Shang et al. (2022)
J055102.16+184434.1	107802062	87.759022	18.742811	98.41	A5	Shi et al. (2023)
J055143.67+205025.1	107803131	87.93197	20.840311	287.79	A1	Hümmerich et al. (2020)
J054447.32+203219.4	107814026	86.197188	20.538748	78.8	A2	Lu et al. (2025)
J054652.19+210438.5	107814144	86.717463	21.077383	89.54	A1	Shi et al. (2023)
J055245.27+204859.2	107903138	88.188626	20.816467	107.36	A2	Yang et al. (2024)
J055154.04+202927.6	107903140	87.975191	20.491005	225.56	A1	Shi et al. (2023)
J055633.96+202101.1	107904250	89.141523	20.35033	89.12	A2	Shi et al. (2023)
J055331.67+193654.5	107905154	88.381969	19.615144	57.24	A2	Shang et al. (2022)
J055933.52+220650.2	107912045	89.88969	22.113945	179.79	A6	Shang et al. (2022)
J055545.19+195746.3	108004113	88.938324	19.962877	160.52	A1	Hümmerich et al. (2020)
J055547.48+191413.6	108005132	88.947862	19.237118	149.15	A1	Shang et al. (2022)
J055618.50+210706.3	108009151	89.077105	21.118423	125.88	A2	Hümmerich et al. (2020)
J054430.30+192531.7	108010095	86.12627	19.425476	110.34	A2	Shi et al. (2023)
J060215.10+214607.5	108012104	90.562923	21.768767	69.68	A3	Shi et al. (2023)
J055753.10+215612.4	108012128	89.471279	21.936794	57.84	A5	Shi et al. (2023)
J054622.23+204640.9	108014206	86.592646	20.778044	93.9	A1	Hümmerich et al. (2020)
J050900.02+493815.2	108402016	77.250085	49.637569	145.22	A2	Shang et al. (2022)
J050755.19+495727.1	108402244	76.979963	49.957535	61.01	A7	Faltová et al. (2021)
J050131.98+503008.4	108410181	75.383251	50.502342	80.01	A3	Shi et al. (2023)
J050717.68+492331.5	108502221	76.823695	49.39211	81.91	A1	Shang et al. (2022)
J051531.51+495711.7	108505020	78.881317	49.953272	51.02	A1	Shi et al. (2023)
J052056.42+525332.4	108512078	80.235095	52.892359	50.21	A7	Shang et al. (2022)
J051205.75+491307.8	108601043	78.023965	49.218849	231.83	A6	Hümmerich et al. (2020)
J051310.92+500555.8	108605013	78.295503	50.098858	101.38	A1	Shi et al. (2023)
J050444.72+525118.4	108616082	76.186356	52.855135	89.23	A1	Shi et al. (2023)
J050435.61+530749.5	108616195	76.148414	53.130428	123.9	A1	Shang et al. (2022)
J065901.22+241452.3	108703172	104.75509	24.247885	72.95	A5	Shi et al. (2023)
J070105.34+230257.0	108905033	105.27229	23.049167	81.17	A1	Shi et al. (2023)
J042430.19+513023.0	109409095	66.125802	51.506401	64.53	A1	Shi et al. (2023)
J041205.54+492419.2	109410156	63.023123	49.40535	82.39	A1	Shang et al. (2022)
J074959.61+013517.8	109602064	117.49838	1.588289	260.86	A2	Renson & Manfroid (2009)
J074354.81+022855.1	109610188	115.9784	2.481976	108.28	A1	Shi et al. (2023)
J074744.39+052243.8	109716231	116.93497	5.378841	152.6	A1	Shi et al. (2023)
J053857.05+592215.7	110612237	84.737744	59.371036	64.48	A2	Shang et al. (2022)
J065340.19+562055.0	110902143	103.41749	56.348621	54.93	A1	Shi et al. (2023)
J065544.52+563703.5	110902239	103.93553	56.617661	427.33	A1	Hümmerich et al. (2020)
J034514.32+294335.4	111609062	56.309674	29.726514	88.72	A5	Hümmerich et al. (2020)
J074851.40+001619.1	115314106	117.2142	0.271987	230.83	A1	Renson & Manfroid (2009)
J033348.98+334153.1	115811078	53.454118	33.698097	256.3	A1	Hümmerich et al. (2020)
J034704.76+305136.2	116003032	56.769859	30.860064	164.21	A6	Hümmerich et al. (2020)
J035236.97+330736.0	116011190	58.154045	33.126667	181.96	A2	Shi et al. (2023)
J055053.45+240904.0	116203100	87.722724	24.151128	62.6	A1	Shi et al. (2023)
J060005.80+232129.0	116208103	90.024194	23.358063	86	A2	Shi et al. (2023)
J054757.12+235011.8	116210116	86.988021	23.836616	281.24	A2	Renson & Manfroid (2009)
J055002.80+234023.9	116210215	87.511678	23.673323	136.83	A2	Renson & Manfroid (2009)
J055435.56+250646.5	116215234	88.648181	25.112932	95.74	F0	Shang et al. (2022)
J055312.94+260855.7	116216137	88.303925	26.14883	73.33	A1	Shang et al. (2022)
J060225.92+244628.5	116309180	90.608	24.774597	534.85	A2	Renson & Manfroid (2009)
J055504.38+262725.6	116311161	88.768277	26.457132	56.06	A1	Hümmerich et al. (2020)
J055721.83+254214.3	116315028	89.340998	25.703977	61.3	A5	Shang et al. (2022)
J055023.89+261330.2	116316041	87.599557	26.225073	78.76	A2	Hümmerich et al. (2020)
J055219.99+261909.7	116316228	88.083299	26.319374	170.8	A1	Hümmerich et al. (2020)
J051436.70+330844.3	116706181	78.652927	33.145641	84.84	A1	Shang et al. (2022)
J051510.44+330047.9	116706205	78.793516	33.013329	226.06	A1	Hümmerich et al. (2020)
J045706.66+342403.0	116714215	74.27779	34.400859	55.77	A2	Shi et al. (2023)
J043321.72+362745.7	117503009	68.340535	36.462706	56.89	A1	Shi et al. (2023)
J044214.27+353207.5	117507114	70.559478	35.535433	63.86	A2	Hümmerich et al. (2020)
J064257.32+521951.3	117705062	100.73885	52.330936	212.9	A7	Hümmerich et al. (2020)
J090517.27+165855.6	117903029	136.321992	16.982136	127.55	A2	Shang et al. (2022)
J062942.22+390425.6	118811014	97.425951	39.073799	69.8	A1	Shi et al. (2023)
J062406.25+373327.4	118814075	96.026053	37.557629	84.38	A2	Shi et al. (2023)
J041504.12+170447.1	119702037	63.767195	17.079756	214.37	A7	Shang et al. (2022)
J080130.66+132318.6	121301075	120.37775	13.388523	88.18	A6	Yang et al. (2024)
J075951.20+021609.8	122403065	119.96336	2.2693949	258.04	A1	Shi et al. (2023)
J075951.17+021610.9	122503065	119.96323	2.269705	334.23	A1	Shi et al. (2023)
J045637.95+380626.6	123102054	74.15813	38.10741	309.9	A1	Hümmerich et al. (2020)
J045952.42+381043.6	123105014	74.968447	38.17878	87.81	A1	Shi et al. (2023)
J051205.28+385056.7	123106174	78.022036	38.849102	82.04	A6	Shang et al. (2022)
J050429.49+405815.9	123109084	76.12289	40.971095	64.36	A2	Shang et al. (2022)
J045943.95+372945.7	123201208	74.933163	37.496053	68.46	A2	Shi et al. (2023)
J045620.90+374931.8	123202016	74.087099	37.82552	89.56	A2	Shang et al. (2022)
J045636.47+390149.5	123203002	74.151988	39.030443	190.88	A1	Shang et al. (2022)
J045933.63+395715.8	123204041	74.890147	39.954399	165.63	A2	Hümmerich et al. (2020)
J050059.67+385837.5	123205124	75.248626	38.977103	89.59	A2	Shi et al. (2023)
J050748.68+385804.4	123206236	76.95286	38.967906	463.25	A2	Hümmerich et al. (2020)
J050519.16+412323.4	123212069	76.329865	41.389835	135.91	A1	Hümmerich et al. (2020)
J045741.74+405440.1	123215157	74.42393	40.911162	149.79	A2	Hümmerich et al. (2020)
J045914.82+410335.6	123215213	74.811778	41.059891	427.6	A2	Hümmerich et al. (2020)
J045713.44+383741.1	123305230	74.306004	38.628105	126.04	A1	Hümmerich et al. (2020)
J050519.82+393959.4	123308035	76.332613	39.6665	115.52	A1	Yang et al. (2024)
J050453.61+403735.7	123309069	76.223397	40.626586	134.63	A2	Hümmerich et al. (2020)
J071646.63+323824.9	123511090	109.19431	32.640274	83.7	A1	Shang et al. (2022)
J055529.24+393248.5	124101173	88.871846	39.546822	254.65	A2	Hümmerich et al. (2020)
J060347.88+412532.8	124109226	90.949515	41.425781	51.23	A2	Shi et al. (2023)
J054656.50+401242.7	124110050	86.73543	40.211876	50.33	A1	Shi et al. (2023)
J054754.49+413621.4	124114064	86.977048	41.605963	168.83	A1	Shi et al. (2023)
J055523.49+401320.7	124205049	88.847891	40.222431	77.41	A2	Yang et al. (2024)
J055422.96+415825.7	124215183	88.595676	41.97382	408.63	A1	Hümmerich et al. (2020)
J055300.15+411220.9	124304152	88.250641	41.205809	160.4	A1	Hümmerich et al. (2020)
J060418.22+413658.0	124313225	91.075922	41.616119	198.51	A2	Shi et al. (2023)
J055157.54+410439.7	124403185	87.989786	41.077702	118.72	A2	Hümmerich et al. (2020)
J051140.50+411732.2	125103069	77.918778	41.292303	51.28	A1	Shang et al. (2022)
J052334.22+400351.0	125108120	80.892611	40.064186	56.4	A5	Shi et al. (2023)
J052118.19+394539.8	125108204	80.325812	39.761078	139.37	A1	Shang et al. (2022)
J052052.86+414339.3	125109173	80.220256	41.727589	95.29	A1	Shang et al. (2022)
J052641.02+420917.1	125112161	81.670948	42.154751	70.31	A5	Lu et al. (2025)
J052818.84+414932.6	125113123	82.078517	41.825748	186.24	A1	Hümmerich et al. (2020)
J051013.62+420718.3	125114132	77.556788	42.121758	373.25	A2	Hümmerich et al. (2020)
J050839.79+422835.6	125116014	77.165828	42.476556	94.04	A1	Hümmerich et al. (2020)
J050952.91+424828.1	125116205	77.470461	42.807831	80.14	A1	Hümmerich et al. (2020)
J052212.17+394141.4	125208225	80.550719	39.694858	66.84	A3	Shang et al. (2022)
J052839.85+411209.4	125213090	82.16606	41.202629	60.09	A1	Shang et al. (2022)
J051140.92+423009.3	125216193	77.920506	42.502594	231.12	A1	Shang et al. (2022)
J071306.79+450303.8	125903098	108.27833	45.051079	58.52	A5	Shang et al. (2022)
J060820.77-025507.5	126704215	92.086555	-2.9187692	247.28	A1	Hümmerich et al. (2020)
J060106.33-042123.2	126710168	90.276414	-4.356469	117.89	A5	Shi et al. (2023)
J060504.78-023806.7	126715228	91.269957	-2.6352189	170.41	A5	Shang et al. (2022)
J055945.90-020059.9	126716016	89.941282	-2.016642	89.04	A1	Shi et al. (2023)
J055657.30+265341.3	127701081	89.238774	26.894829	85.78	A1	Hümmerich et al. (2020)
J055809.39+283754.0	127704113	89.539127	28.631688	59.92	A3	Shi et al. (2023)
J060202.24+282202.0	127708145	90.509362	28.367226	56.5	A1	Hümmerich et al. (2020)
J055806.62+280610.5	127708158	89.527599	28.102926	60.63	A2	Shang et al. (2022)
J055625.41+295741.2	127715140	89.105906	29.961449	103.57	A2	Hümmerich et al. (2020)
J055055.39+284014.3	127803083	87.730792	28.670663	101.56	A2	Shang et al. (2022)
J055342.64+292724.8	127803149	88.427681	29.456912	66.62	A1	Shi et al. (2023)
J055814.07+283437.6	127804096	89.558661	28.57713	145.92	A1	Shang et al. (2022)
J055815.27+284211.9	127804117	89.563639	28.703321	53.71	A1	Shang et al. (2022)
J055557.19+275828.0	127805035	88.988311	27.974457	109.07	A1	Hümmerich et al. (2020)
J060227.33+282943.9	127808064	90.613898	28.495544	298.35	A2	Renson & Manfroid (2009)
J055546.39+301645.6	127815216	88.943323	30.279356	63.3	A1	Shang et al. (2022)
J055016.83+302816.1	127816185	87.570159	30.471159	54.38	A2	Shang et al. (2022)
J055723.29+272156.1	127901140	89.347049	27.365606	60.94	A3	Shang et al. (2022)
J060724.62+282623.5	127906157	91.8526	28.439869	74.36	A2	Shang et al. (2022)
J055940.19+284225.7	127908236	89.917468	28.707139	117.72	A2	Hümmerich et al. (2020)
J055422.76+305401.8	127911020	88.594853	30.90051	256.69	B6	Renson & Manfroid (2009)
J060616.65+293445.9	127913004	91.56938	29.579426	66.97	A1	Shang et al. (2022)
J055730.88+295306.9	127915141	89.378677	29.88525	116.08	A1	Hümmerich et al. (2020)
J055411.43+304113.3	127916101	88.547629	30.68705	113.86	A1	Hümmerich et al. (2020)
J071458.67+125333.8	128608162	108.74446	12.892733	98.07	A1	Hümmerich et al. (2020)
J071752.83+134707.8	128609231	109.47016	13.785504	277.2	A6	Scholz et al.(2019)
J071512.61+153632.8	128611061	108.80258	15.609138	64.65	F0	Shang et al. (2022)
J071416.25+152118.3	128611069	108.56774	15.355095	106.07	A1	Shi et al. (2023)
J070834.99+135350.1	128703066	107.1458	13.897261	74.86	A1	Shang et al. (2022)
J070657.57+132403.1	128710235	106.7399	13.400869	93.43	A1	Yang et al. (2024)
J070721.55+144835.0	128714078	106.83982	14.809736	75.36	A1	Shi et al. (2023)
J071941.42+144816.2	128913167	109.92259	14.804522	60.06	A1	Shi et al. (2023)
J073054.73+101640.1	129108069	112.72806	10.277823	173.1	A1	Hümmerich et al. (2020)
J072659.14+121919.4	129211227	111.74643	12.322067	138.56	A5	Hümmerich et al. (2020)
J073254.94+111314.5	129313245	113.22895	11.220716	289.09	A1	Hümmerich et al. (2020)
J072606.69+332600.9	129908084	111.5279	33.433599	93.68	A1	Yang et al. (2024)
J055947.87+265855.8	131707160	89.94949	26.982167	51.1	A2	Shang et al. (2022)
J054902.68+301926.4	131716087	87.261187	30.324013	55.82	A3	Shang et al. (2022)
J122139.23+383309.5	132707031	185.413476	38.552652	65.13	A5	Yang et al. (2024)
J070348.90+281103.0	134503167	105.95375	28.184193	62.99	A5	Shi et al. (2023)
J070801.31+301921.1	134611193	107.00546	30.322531	125.72	A5	Hümmerich et al. (2020)
J064514.05+371344.9	137002138	101.30858	37.22916	257.37	A1	Hümmerich et al. (2020)
J083539.15+002150.7	137203019	128.91313	0.364096	91.71	F0	Shi et al. (2023)
J140422.54+044357.7	137611203	211.093948	4.732721	66.41	A5	Hümmerich et al. (2020)
J081930.22+001232.3	139202213	124.87594	0.208995	132.05	A2	Hümmerich et al. (2020)
J170210.51+194917.2	139605166	255.543803	19.821464	235.78	A2	Shi et al. (2023)
J073633.16+232914.1	140504215	114.13819	23.487266	68.41	A1	Shang et al. (2022)
J073351.72+242221.8	140515201	113.46554	24.372744	105.49	A1	Hümmerich et al. (2020)
J134827.65+073335.2	142011021	207.115224	7.559778	51.2	A1	Shi et al. (2023)
J173024.45+541856.8	142302229	262.601902	54.315783	50.2	A1	Shi et al. (2023)
J173152.09+393831.0	143006138	262.96706	39.641972	127.47	A1	Shi et al. (2023)
J172937.90+414015.2	143012198	262.407954	41.670898	71.37	A6	Shi et al. (2023)
J133147.33+454002.5	143601183	202.947247	45.667384	123.75	A2	Shang et al. (2022)
J165909.90+262236.7	143710143	254.7912622	26.3768661	234.07	A6	Shi et al. (2023)
J082326.70+072116.0	143903184	125.86125	7.354453	178.88	A7	Hümmerich et al. (2020)
J135937.92+530806.1	150308091	209.908035	53.135054	53.52	A1	Shang et al. (2022)
J162436.61+585426.9	151511119	246.1525781	58.9074966	57.43	A7	Shang et al. (2022)
J155549.85+401144.4	152008198	238.957713	40.195669	112.47	A2	Shi et al. (2023)
J154101.97+404211.1	152010105	235.2582292	40.7031083	68.39	A6	Shang et al. (2022)
J192943.77+422930.6	154006039	292.432375	42.491861	153.95	A1	Hümmerich et al. (2020)
J175753.94+530415.2	155303022	269.4747647	53.0708889	60.76	A7	Shang et al. (2022)
J175134.06+263903.1	156309192	267.8919307	26.6508752	125.12	A1	Hümmerich et al. (2020)
J173844.78+243856.2	156310028	264.6866139	24.6489503	117.91	A1	Hümmerich et al. (2020)
J193021.81+465043.2	157202092	292.590896	46.845356	99.42	A2	Hümmerich et al. (2020)
J193927.58+471826.3	157205043	294.8649399	47.3073318	660.56	A2	Hümmerich et al. (2020)
J194629.20+473750.0	157208126	296.621708	47.630556	352.67	A7	Hümmerich et al. (2020)
J195042.19+483639.4	157213088	297.675792	48.610972	307.28	A7	Hümmerich et al. (2020)
J035828.16+555117.3	157901195	59.617338	55.854809	125.86	A1	Hümmerich et al. (2020)
J034047.37+563747.6	157902179	55.197404	56.629906	69.06	F0	Shang et al. (2022)
J034312.35+581724.9	157903114	55.801492	58.290272	127.18	A5	Hümmerich et al. (2020)
J035327.23+581906.5	157904035	58.363461	58.318493	91.88	A1	Shi et al. (2023)
J035752.06+580323.1	157904238	59.466933	58.056421	111.96	A1	Hümmerich et al. (2020)
J040149.18+572606.5	157908055	60.454942	57.435163	75.15	A5	Yang et al. (2024)
J040229.46+571905.4	157908133	60.622784	57.318172	377.71	A1	Hümmerich et al. (2020)
J040009.29+584106.1	157909038	60.038719	58.685039	96.03	A1	Hümmerich et al. (2020)
J040915.72+592252.0	157912106	62.315511	59.381132	138.7	A5	Yang et al. (2024)
J033611.64+582252.1	157914241	54.048534	58.381163	88.02	A1	Hümmerich et al. (2020)
J035207.20+585349.4	157915186	58.030035	58.897056	54.15	A1	Yang et al. (2024)
J234636.71+360651.4	158509086	356.652993	36.114285	810.85	F0	Renson & Manfroid (2009)
J233633.56+042504.5	158706245	354.1398491	4.4179263	85.05	A5	Shang et al. (2022)
J195644.95+432951.5	158801247	299.1873255	43.4976563	261.15	A3	Hümmerich et al. (2020)
J200227.66+463007.0	158809174	300.6152796	46.5019703	338.62	A5	Hümmerich et al. (2020)
J194925.91+470218.0	158816077	297.357979	47.038344	122.79	A2	Hümmerich et al. (2020)
J200059.53+450633.5	158905119	300.248083	45.109306	105.95	A1	Shang et al. (2022)
J195524.78+470458.0	158915152	298.85325	47.082778	114.4	A5	Shang et al. (2022)
J013033.25+332904.5	159003222	22.638572	33.484611	70.31	A1	Shang et al. (2022)
J014508.87+322430.3	159006172	26.286982	32.40843	108.84	A1	Hümmerich et al. (2020)
J035231.08+085546.6	159307244	58.129506	8.92962	56.26	A6	Yang et al. (2024)
J192904.11+421916.6	159606087	292.267125	42.321278	590.03	A1	Shi et al. (2023)
J192849.30+413550.1	159607179	292.2054486	41.5972676	440.49	A1	Shi et al. (2023)
J192510.90+422659.7	159608247	291.295438	42.4499251	765.68	A2	Shang et al. (2022)
J191920.17+444706.6	159611004	289.834083	44.785194	185.11	A1	Hümmerich et al. (2020)
J041207.40+235857.2	160106026	63.03084	23.98257	474.07	A1	Hümmerich et al. (2020)
J035700.36+240805.8	160114062	59.2515	24.13496	238.63	A1	Shang et al. (2022)
J040444.06+250416.4	160115148	61.183624	25.071236	89.57	A5	Lu et al. (2025)
J195551.27+480759.8	160811165	298.9636302	48.1333014	327.91	A1	Hümmerich et al. (2020)
J052455.72+111345.4	160904092	81.232194	11.229293	582.11	A1	Shang et al. (2022)
J052220.03+132145.8	160911024	80.583464	13.362749	219.65	A1	Hümmerich et al. (2020)
J051852.91+133356.6	160916050	79.720487	13.565727	808.5	A1	Hümmerich et al. (2020)
J043513.08+374709.9	161215197	68.804538	37.786096	56.65	A7	Yang et al. (2024)
J185801.00+432336.3	161410065	284.504204	43.393433	51.88	A1	Shi et al. (2023)
J192135.14+440302.4	161413054	290.3964507	44.0506746	61.66	A3	Hümmerich et al. (2020)
J190627.36+445032.2	161415197	286.614792	44.842611	243.52	F0	Renson & Manfroid (2009)
J041805.98+373901.6	161904193	64.524954	37.650467	65.95	A1	Shi et al. (2023)
J041021.65+372411.0	161910057	62.590222	37.403068	75.02	A1	Shang et al. (2022)
J042957.29+385712.5	161913189	67.488727	38.95349	58.09	A2	Bernhard et al. (2021)
J231715.84+433727.2	162104227	349.315594	43.624691	370.38	A2	Yang et al. (2024)
J232507.50+432535.0	162106148	351.280079	43.426548	143.43	A1	Hümmerich et al. (2020)
J193833.70+401924.9	162202152	294.6404568	40.3235865	193.07	A7	Shang et al. (2022)
J193913.73+423552.9	162214129	294.8072436	42.5980301	121.02	A5	Shang et al. (2022)
J220213.99+232237.2	162911054	330.558314	23.377009	211.65	A7	Shang et al. (2022)
J030837.10+364000.8	163304247	47.154616	36.666889	104.14	A1	Hümmerich et al. (2020)
J061101.06+282620.5	163502134	92.754435	28.43904	51.43	A1	Shang et al. (2022)
J060655.01+284815.4	163502164	91.729226	28.804301	63.35	A1	Shi et al. (2023)
J061015.07+300938.5	163503057	92.562797	30.160722	75.49	A2	Shang et al. (2022)
J061310.92+295555.4	163503189	93.29551	29.932068	54.39	A1	Shi et al. (2023)
J061129.09+302830.7	163503218	92.871215	30.475206	51.38	A2	Shang et al. (2022)
J062031.37+300340.5	163508046	95.130743	30.061256	115.86	A1	Hümmerich et al. (2020)
J061855.52+285634.8	163508178	94.731339	28.943012	73	A1	Shi et al. (2023)
J061951.56+283916.8	163508210	94.964872	28.654686	98.05	A1	Hümmerich et al. (2020)
J223146.73+212920.4	163816070	337.944724	21.489024	336.97	A5	Shang et al. (2022)
J022649.57+401914.3	164108123	36.706566	40.320642	90.27	A6	Shang et al. (2022)
J224939.77+341256.5	164310028	342.41573	34.215721	205.12	F0	Hümmerich et al. (2020)
J224704.08+343418.9	164310082	341.767004	34.571932	167.08	F0	Hümmerich et al. (2020)
J005535.39+433430.0	164407198	13.897498	43.575027	297.48	A2	Hümmerich et al. (2020)
J003425.61+452108.7	164414249	8.606721	45.352417	64.52	A5	Hümmerich et al. (2020)
J233819.99+222343.4	164507168	354.583306	22.395412	84.73	F0	Bauer-Fasching et al. (2024)
J052504.72+280431.0	164601033	81.269678	28.075296	100.95	A2	Shi et al. (2023)
J051737.99+285126.0	164602159	79.408321	28.857229	76.65	A1	Shang et al. (2022)
J052436.54+284353.0	164605208	81.152268	28.731404	84.25	A5	Shang et al. (2022)
J053026.78+294157.2	164608022	82.611609	29.699242	84.17	A2	Bernhard et al. (2021)
J053058.99+304013.9	164609207	82.745792	30.670536	51.02	A2	Shang et al. (2022)
J051749.37+304243.7	164614223	79.455733	30.712147	50.13	A5	Qin et al. (2019)
J051708.66+303850.0	164614238	79.286109	30.647224	57.1	A1	Shang et al. (2022)
J052253.97+302023.6	164703161	80.724888	30.3399	53.19	A1	Shi et al. (2023)
J004658.27+213152.3	164903057	11.742801	21.531214	59.91	A1	Shang et al. (2022)
J021237.66+501915.2	165008060	33.156923	50.3209	67.23	A2	Shi et al. (2023)
J021106.70+492548.2	165008106	32.777943	49.430061	181.15	A2	Hümmerich et al. (2020)
J021026.49+520608.9	165009100	32.61041	52.102489	68.41	F0	Shang et al. (2022)
J061334.87+331413.8	165102008	93.395305	33.237185	69.31	A7	Shi et al. (2023)
J062753.43+360317.1	165113197	96.972632	36.054767	261.77	A1	Hümmerich et al. (2020)
J061521.57+364854.3	165116125	93.839899	36.815087	96.51	A1	Shi et al. (2023)
J060732.15+221707.0	165603245	91.883995	22.285288	113.08	A1	Shi et al. (2023)
J061723.07+211344.7	165607019	94.346148	21.229088	304.08	A2	Shang et al. (2022)
J062014.41+213053.0	165607132	95.06005	21.514734	53.89	A1	Shang et al. (2022)
J061619.81+205445.8	165607154	94.082557	20.912745	142.27	A2	Shang et al. (2022)
J061127.39+251145.9	165611138	92.864158	25.196102	181.82	A1	Shang et al. (2022)
J061734.04+250424.0	165612232	94.391874	25.073352	188.93	A1	Shang et al. (2022)
J062257.61+231625.8	165613047	95.740057	23.273842	352.81	A6	Renson & Manfroid (2009)
J062151.23+235732.1	165613181	95.463475	23.958922	56.1	A1	Yang et al. (2024)
J060751.94+243407.9	165616060	91.966426	24.568876	95.41	A2	Bernhard et al. (2021)
J060809.53+240945.0	165616158	92.039727	24.162506	449.16	A2	Hümmerich et al. (2020)
J061350.63+203015.3	165701005	93.460976	20.504264	141.81	A1	Hümmerich et al. (2020)
J060751.86+205523.3	165702107	91.966091	20.923154	123.68	A5	Shang et al. (2022)
J060827.84+204832.0	165702117	92.116015	20.808901	102.95	A1	Hümmerich et al. (2020)
J060908.35+225419.9	165703174	92.284832	22.905554	280.5	A6	Shang et al. (2022)
J061826.24+211412.3	165707056	94.609347	21.236774	233.55	A1	Hümmerich et al. (2020)
J060355.23+220251.4	165710180	90.980165	22.047624	74.32	A1	Shang et al. (2022)
J061736.75+245322.7	165712047	94.40314	24.889654	65.68	A1	Shang et al. (2022)
J062110.06+235303.6	165713190	95.291955	23.884341	108.84	A1	Yang et al. (2024)
J060822.66+233735.4	165715053	92.094442	23.626503	412.04	A1	Renson & Manfroid (2009)
J061054.63+240801.2	165715202	92.727653	24.133694	223.81	A3	Hümmerich et al. (2020)
J061023.43+241017.1	165715215	92.597632	24.171442	97.83	A1	Shi et al. (2023)
J060852.42+243739.8	165716120	92.218442	24.627724	126.32	A5	Yang et al. (2024)
J024754.45+454324.8	165807113	41.976906	45.723568	219.11	A2	Shang et al. (2022)
J024924.92+491148.1	165812232	42.353837	49.196707	89.79	A2	Shang et al. (2022)
J024028.73+473922.8	165815195	40.119739	47.656346	116.4	A1	Hümmerich et al. (2020)
J195341.40+441939.9	165902248	298.4225	44.32775	141.01	A1	Hümmerich et al. (2020)
J200911.86+445359.0	165906207	302.299442	44.899742	213.95	A2	Hümmerich et al. (2020)
J041643.20+323247.5	166002087	64.180012	32.546542	50.72	F0	Shang et al. (2022)
J042344.60+350740.4	166115176	65.935865	35.127895	347.8	A5	Hümmerich et al. (2020)
J051322.65+385958.7	167502103	78.344375	38.999653	218.25	A1	Hümmerich et al. (2020)
J052030.45+420812.4	167515134	80.126911	42.136791	63.09	A2	Shi et al. (2023)
J052128.61+401445.8	167608166	80.369247	40.246069	286.68	A2	Hümmerich et al. (2020)
J050813.24+404513.2	167610107	77.055204	40.753674	340.81	A2	Hümmerich et al. (2020)
J051111.64+420136.0	167614083	77.798513	42.02667	50.34	A1	Shang et al. (2022)
J051613.01+401530.0	167705057	79.054235	40.258343	58.04	A5	Shang et al. (2022)
J052317.91+392115.6	167707015	80.824629	39.354351	142.21	A5	Shang et al. (2022)
J011430.72+432537.2	168002170	18.628019	43.427017	198.55	F0	Hümmerich et al. (2020)
J012122.31+442826.2	168003006	20.34297	44.473965	152.19	A5	Hümmerich et al. (2020)
J013055.87+452155.7	168009042	22.732832	45.365475	733.73	A2	Renson & Manfroid (2009)
J013237.77+431216.2	168207058	23.157376	43.204521	130.59	A1	Yang et al. (2024)
J052001.14+490915.4	168607243	80.004767	49.154286	531.38	A1	Hümmerich et al. (2020)
J050925.66+512444.9	168703174	77.356947	51.412498	157.04	A5	Hümmerich et al. (2020)
J220642.97+222150.9	169115200	331.679072	22.364157	70.89	A2	Shang et al. (2022)
J041141.64+521727.2	169202171	62.923523	52.290913	58.77	F0	Yang et al. (2024)
J041459.31+532400.8	169203100	63.747126	53.400246	109.89	A2	Hümmerich et al. (2020)
J041147.31+523639.2	169210031	62.947152	52.610901	58.3	A2	Bauer-Fasching et al. (2024)
J042602.49+540804.0	169215102	66.510404	54.134468	235.59	A2	Hümmerich et al. (2020)
J042410.70+540958.6	169215109	66.04462	54.166288	113.53	A1	Hümmerich et al. (2020)
J041920.40+530457.5	169303023	64.835041	53.082654	111.19	A2	Hümmerich et al. (2020)
J041502.17+530418.7	169303241	63.759043	53.071862	63.51	A7	Yang et al. (2024)
J041416.49+525611.2	169310211	63.568725	52.93646	74.2	F0	Yang et al. (2024)
J040821.16+540119.2	169314105	62.088195	54.022022	264.22	A6	Hümmerich et al. (2020)
J041056.36+534031.0	169314189	62.734867	53.675289	144.59	A2	Hümmerich et al. (2020)
J042235.21+515224.6	169401075	65.646712	51.873506	299.02	A2	Hümmerich et al. (2020)
J041607.68+511955.5	169402204	64.032007	51.332111	188.04	A2	Hümmerich et al. (2020)
J041748.47+534201.4	169403159	64.451985	53.700413	107.94	A1	Hümmerich et al. (2020)
J043037.38+524319.3	169408134	67.655772	52.722047	53.72	A1	Shi et al. (2023)
J042656.81+542914.6	169409123	66.736739	54.487393	88.3	A2	Shang et al. (2022)
J075429.74-074804.3	170201188	118.62392	-7.8012194	63.91	A3	Hümmerich et al. (2020)
J074417.67-043551.0	170214110	116.07363	-4.597503	276.61	A1	Hümmerich et al. (2020)
J224509.86+392449.6	170311019	341.29112	39.413786	52.47	A7	Shang et al. (2022)
J195506.34+442900.7	170505215	298.776417	44.483528	296.76	A5	Hümmerich et al. (2020)
J200529.70+440656.7	170507022	301.373762	44.115756	256.65	A3	Hümmerich et al. (2020)
J040632.59+231335.6	170608159	61.635817	23.226561	85.67	A2	Shi et al. (2023)
J064742.06+331004.0	170801057	101.92529	33.167801	721.44	A6	Shang et al. (2022)
J004545.69+542943.7	171007146	11.4404087	54.4954999	68.13	A6	Shang et al. (2022)
J003139.65+531300.2	171101222	7.915239	53.216738	126.88	A5	Shang et al. (2022)
J003312.88+543141.3	171105144	8.30267333	54.52814722	561.53	A1	Hümmerich et al. (2020)
J004555.55+553553.8	171106068	11.4814772	55.5982981	329.87	A1	Hümmerich et al. (2020)
J003318.47+571616.8	171111066	8.3269698	57.2713492	338.89	A3	Hümmerich et al. (2020)
J003123.23+575714.5	171111202	7.845601	57.954342	115.83	A1	Shang et al. (2022)
J002616.49+562735.1	171115227	6.568738	56.459761	58.91	A2	Hümmerich et al. (2020)
J060347.17+220504.9	171706141	90.946565	22.084695	76.49	A1	Shi et al. (2023)
J055426.04+241129.6	171711099	88.6085	24.191579	118	A1	Hümmerich et al. (2020)
J055052.94+214344.2	171805183	87.720611	21.728946	57.84	A1	Shi et al. (2023)
J025452.25+451357.1	171902223	43.7177262	45.2325507	67.52	A6	Shang et al. (2022)
J025507.91+463730.1	171903237	43.782971	46.625052	96.23	A1	Hümmerich et al. (2020)
J025833.34+453219.4	172002061	44.638936	45.538724	50.63	A5	Shang et al. (2022)
J030350.47+463718.3	172004095	45.959213	46.621772	594.25	F0	Renson & Manfroid (2009)
J031054.55+462725.9	172006076	47.72673	46.457196	421.71	A2	Hümmerich et al. (2020)
J031111.67+461637.6	172006228	47.798656	46.277129	185.03	A1	Hümmerich et al. (2020)
J030937.10+451010.4	172007209	47.404607	45.16958	136.12	A1	Hümmerich et al. (2020)
J025317.44+465342.6	172010228	43.322692	46.895183	135.06	A6	Hümmerich et al. (2020)
J030655.59+492941.0	172011029	46.731633	49.494734	111.22	A2	Hümmerich et al. (2020)
J213923.75+383847.5	172201002	324.848967	38.646549	60.76	A2	Shang et al. (2022)
J212937.17+392758.5	172202050	322.404884	39.466267	103.54	A1	Shang et al. (2022)
J214528.67+423410.2	172212022	326.369475	42.569517	75.31	A1	Hümmerich et al. (2022)
J214358.57+430044.4	172212043	325.993913	43.012133	228.49	A2	Hümmerich et al. (2020)
J213316.03+414550.0	172215070	323.316832	41.7639	168.39	A5	Shang et al. (2022)
J213851.08+414514.0	172215105	324.7123919	41.75450028	846.12	A1	Hümmerich et al. (2020)
J212844.99+423518.6	172216211	322.18699	42.588738	357.04	A1	Shi et al. (2023)
J235737.20+482456.6	172714228	359.40501	48.415726	505.75	A2	Shang et al. (2022)
J020024.35+254616.4	173102032	30.101489	25.771223	231.9	A2	Yang et al. (2024)
J021034.16+271854.7	173109014	32.642369	27.315203	104.97	F0	Lu et al. (2025)
J065628.38+190003.7	174902093	104.11827	19.001038	86.94	A6	Shang et al. (2022)
J070613.94+185355.6	174907044	106.55809	18.898784	62.79	A2	Hümmerich et al. (2020)
J051956.20+392118.6	175111176	79.984171	39.35519	70.88	A1	Hümmerich et al. (2020)
J073950.01+201812.7	176203092	114.95839	20.303543	80.44	A2	Hümmerich et al. (2020)
J060707.31+232405.2	176403110	91.780486	23.401451	111.49	A1	Hümmerich et al. (2020)
J061649.01+233922.2	176409197	94.204231	23.656172	90.4	A1	Shi et al. (2023)
J061332.47+244140.3	176411065	93.385323	24.694534	105.49	B6	Shang et al. (2022)
J061155.67+240315.5	176415019	92.981991	24.05431	55.2	A2	Shang et al. (2022)
J022113.98+381906.3	176804173	35.308272	38.318432	56.51	A1	Shi et al. (2023)
J022723.28+372205.0	176908110	36.847039	37.368065	114.92	A6	Yang et al. (2024)
J061623.52+330303.3	177301049	94.09801	33.050938	292.5	A2	Hümmerich et al. (2020)
J061814.03+352759.7	177304207	94.558465	35.466587	61.49	A1	Shi et al. (2023)
J062334.58+353835.2	177309180	95.894088	35.643113	92.84	A2	Yang et al. (2024)
J040305.44+444943.7	177501042	60.772678	44.828827	224.5	A2	Hümmerich et al. (2020)
J040407.80+450824.7	177501054	61.032509	45.140217	72.26	A5	Shang et al. (2022)
J040531.04+471204.5	177504005	61.379363	47.201252	74.81	A1	Yang et al. (2024)
J041706.53+462439.2	177506187	64.277211	46.410896	122.25	A1	Hümmerich et al. (2020)
J041448.39+484252.7	177512186	63.701628	48.714664	271.27	A2	Hümmerich et al. (2020)
J035924.82+451240.9	177602134	59.853441	45.211388	62.59	A2	Shi et al. (2023)
J040511.96+471903.3	177604049	61.299854	47.317593	223.66	A2	Hümmerich et al. (2020)
J040311.06+460647.9	177605059	60.796111	46.113327	78.44	A2	Shi et al. (2023)
J040809.35+485644.1	177611117	62.038969	48.945606	123.99	A2	Hümmerich et al. (2020)
J040650.14+484127.7	177611238	61.708931	48.691041	68.39	A1	Shang et al. (2022)
J041431.97+480234.3	177612161	63.633249	48.042862	195.3	A2	Hümmerich et al. (2020)
J041946.03+471655.3	177613049	64.941825	47.282036	108.49	A2	Hümmerich et al. (2020)
J035601.03+473843.6	177614222	59.004296	47.645466	455.03	A2	Hümmerich et al. (2020)
J041631.07+455203.5	177706222	64.129488	45.867658	112.89	A5	Hümmerich et al. (2020)
J040739.38+491127.2	177711214	61.914124	49.190907	66.31	A1	Shang et al. (2022)
J072243.21+220430.7	177813088	110.68008	22.075195	934.37	A2	Hümmerich et al. (2020)
J070709.06+225559.9	177814012	106.78778	22.933315	457.74	A2	Hümmerich et al. (2020)
J071949.52+231243.8	177912099	109.95634	23.212193	92.33	A5	Yang et al. (2024)
J071720.48+223251.3	178009163	109.33536	22.547596	70.96	A5	Shang et al. (2022)
J071900.55+235918.4	178012236	109.7523	23.988446	88.81	A2	Shi et al. (2023)
J072118.92+223422.7	178013240	110.32887	22.572994	382.63	A1	Renson & Manfroid (2009)
J070738.03+231201.8	178016010	106.90848	23.200502	547.64	A2	Hümmerich et al. (2020)
J002104.63+410641.1	178213015	5.269292	41.111443	371.95	A6	Shang et al. (2022)
J222332.76+341825.8	178402130	335.886536	34.307169	58.49	F0	Shang et al. (2022)
J222549.96+343851.0	178405214	336.456967	34.647514	180.86	A2	Renson & Manfroid (2009)
J025335.51+443723.9	178601025	43.397982	44.623318	56.34	A7	Shang et al. (2022)
J030350.21+463718.3	178606068	45.959222	46.621761	432.92	F0	Renson & Manfroid (2009)
J030207.01+474606.2	178613110	45.529233	47.76841	170.47	A7	Shang et al. (2022)
J021626.36+442611.8	180416166	34.109842	44.436623	881.56	A1	Hümmerich et al. (2020)
J021927.75+420707.6	180505162	34.865658	42.118805	983.31	A2	Hümmerich et al. (2020)
J080734.82-044027.2	181001070	121.89512	-4.6742289	94.76	A2	Shang et al. (2022)
J052816.11-063820.1	181208199	82.067151	-6.63893	356.78	A5	Hümmerich et al. (2020)
J000700.42+053333.6	181415249	1.751277	5.559348	368.64	A1	Hümmerich et al. (2020)
J065800.69+482950.3	181616161	104.50289	48.497326	469.33	A1	Hümmerich et al. (2020)
J035716.27+344839.6	181909232	59.317812	34.811012	71.33	A5	Hümmerich et al. (2020)
J035046.03+363648.2	181911230	57.691829	36.613392	128.48	A1	Hümmerich et al. (2020)
J034229.41+353820.9	181914207	55.622575	35.639141	799.69	A2	Renson & Manfroid (2009)
J035725.46+331357.0	182007088	59.356084	33.232517	376.77	A5	Yang et al. (2024)
J035238.56+284808.0	182101022	58.160695	28.802228	90.01	A1	Hümmerich et al. (2020)
J010952.86+452521.0	182711062	17.470288	45.422517	88.94	A7	Shang et al. (2022)
J071706.27+205242.5	183108182	109.27613	20.878475	572.76	A1	Hümmerich et al. (2020)
J083539.12+002150.4	183415133	128.9130167	0.3640056	179.69	A5	Shi et al. (2023)
J045121.11+093555.8	183502015	72.837976	9.598858	563.76	A1	Renson & Manfroid (2009)
J044557.85+110020.9	183610125	71.491065	11.005817	94.01	A6	Shi et al. (2023)
J070237.06+362235.1	184903084	105.65444	36.37643	108.14	A7	Hümmerich et al. (2020)
J070519.30+350140.9	185002062	106.33045	35.028052	126.06	A2	Hümmerich et al. (2020)
J034208.42+451627.0	185205053	55.535088	45.274168	312.47	A7	Yang et al. (2024)
J034940.87+444342.0	185207113	57.42033	44.728341	213.77	A2	Shang et al. (2022)
J035508.23+444208.1	185207126	58.784295	44.702277	202.32	A2	Hümmerich et al. (2020)
J034332.21+473806.4	185211080	55.884242	47.635113	90.75	A1	Shi et al. (2023)
J035009.19+453134.2	185308127	57.538329	45.526179	105.08	A2	Shi et al. (2023)
J034522.30+480436.5	185311190	56.342925	48.076833	100.15	A2	Shang et al. (2022)
J064029.42+201821.4	185402202	100.12259	20.305949	92.09	A5	Shang et al. (2022)
J065454.39+211328.1	185406224	103.72663	21.22448	55.99	A6	Yang et al. (2024)
J065129.75+221206.5	185408035	102.87399	22.201815	65.25	A2	Shang et al. (2022)
J064441.84+213750.5	185503007	101.17437	21.630708	131.88	A1	Hümmerich et al. (2020)
J063919.66+211805.9	185510040	99.831927	21.301656	75.79	A6	Shang et al. (2022)
J085502.63+284605.5	186111131	133.760976	28.768206	123.5	F0	Shang et al. (2022)
J005002.58+434300.5	186704098	12.510785	43.716817	231.4	A1	Hümmerich et al. (2020)
J091022.04+281832.0	186908204	137.5918667	28.3088944	129.12	A2	Hümmerich et al. (2020)
J085820.33+291203.6	186910106	134.584746	29.201019	181.98	B6	Shang et al. (2022)
J060439.44+313048.6	187201045	91.164351	31.513503	53.76	A2	Yang et al. (2024)
J060124.66+330911.8	187203037	90.352775	33.153289	66.86	A5	Shang et al. (2022)
J060133.77+332201.8	187203194	90.390716	33.367181	80.37	A2	Shang et al. (2022)
J060457.55+335937.4	187204049	91.239794	33.993723	53.51	A1	Shang et al. (2022)
J061642.88+331949.6	187206064	94.1787	33.330472	63.87	A2	Shi et al. (2023)
J060747.23+315312.1	187207033	91.946802	31.886695	72.6	A5	Shang et al. (2022)
J055613.59+325456.6	187210078	89.056643	32.915734	86.8	A2	Shi et al. (2023)
J060209.92+343031.1	187215092	90.541356	34.508642	89.21	A1	Shi et al. (2023)
J060251.60+345653.8	187215156	90.715013	34.948281	56.61	A7	Shang et al. (2022)
J055920.93+321020.3	187302026	89.837249	32.172329	55.5	A1	Shang et al. (2022)
J055407.55+330634.0	187310104	88.531462	33.10946	58.81	A2	Shi et al. (2023)
J055529.73+322737.7	187310183	88.873877	32.460495	58.93	A2	Shi et al. (2023)
J065134.66+343547.3	189104100	102.89442	34.596497	235.06	A2	Hümmerich et al. (2020)
J064329.87+370553.0	189116045	100.87446	37.098067	74.84	A1	Lu et al. (2025)
J064350.51+362755.6	189116179	100.96046	36.465466	63.97	A5	Shang et al. (2022)
J035447.86+313644.1	189410196	58.699436	31.612273	55.52	A2	Shang et al. (2022)
J062013.19+254451.7	189502153	95.054993	25.747722	67.06	A1	Shang et al. (2022)
J063401.08+251940.6	189507019	98.50452	25.327953	65.36	A5	Shang et al. (2022)
J063513.37+271807.4	189509133	98.805737	27.302082	75.07	A6	Shang et al. (2022)
J062005.67+262824.9	189510060	95.023643	26.473598	74.12	A2	Shi et al. (2023)
J062230.56+261711.4	189510206	95.627369	26.286524	78.82	A6	Shang et al. (2022)
J062139.72+262712.1	189510222	95.4155	26.453388	76.89	A2	Shi et al. (2023)
J062912.29+285204.5	189511200	97.301226	28.867929	70.21	A1	Shang et al. (2022)
J041506.01+414635.1	190103021	63.775052	41.776432	138.61	A1	Hümmerich et al. (2020)
J041442.36+404740.7	190105205	63.676518	40.794666	379.43	A2	Shang et al. (2022)
J041511.92+404329.6	190105207	63.799703	40.724907	87.71	A5	Shang et al. (2022)
J042304.38+405451.5	190108106	65.768288	40.914313	493.97	A2	Hümmerich et al. (2020)
J041542.44+442851.1	190111157	63.926867	44.480862	84.48	A2	Shang et al. (2022)
J042742.00+431921.7	190112168	66.925026	43.322705	57.45	A5	Shang et al. (2022)
J041248.01+425252.2	190115055	63.200042	42.881169	86.89	A2	Shi et al. (2023)
J041107.47+433904.3	190116178	62.781135	43.651218	132.35	A2	Hümmerich et al. (2020)
J042224.33+411317.1	190208110	65.601375	41.221428	121.15	A5	Yang et al. (2024)
J042228.91+411012.8	190208117	65.620489	41.170231	75.86	F0	Yang et al. (2024)
J041952.45+401551.1	190301115	64.968556	40.264221	168.14	A2	Hümmerich et al. (2020)
J042406.50+435251.1	190312040	66.027102	43.880871	191.01	A5	Shang et al. (2022)
J053755.64+493047.3	190911065	84.481838	49.513163	132.32	A2	Hümmerich et al. (2020)
J052626.92+484438.8	190914149	81.612172	48.744131	59.64	A2	Shi et al. (2023)
J052621.99+491939.9	190916215	81.591634	49.327766	298.22	A5	Hümmerich et al. (2020)
J053339.57+461157.1	191102056	83.414879	46.199214	63.82	A2	Shi et al. (2023)
J053912.12+480622.4	191109202	84.800503	48.106232	132.24	A1	Hümmerich et al. (2020)
J052537.34+475324.2	191114190	81.405588	47.890059	95.74	A5	Shi et al. (2023)
J075516.94+101951.2	191207209	118.82061	10.33091	228.5	F0	Hümmerich et al. (2020)
J075220.93+113710.6	191208009	118.08722	11.619622	143.14	A5	Shi et al. (2023)
J074933.79+135525.5	191211230	117.39083	13.923757	300.41	A2	Shi et al. (2023)
J002454.57+385413.2	191403205	6.227396	38.903676	121.86	A7	Hümmerich et al. (2020)
J020034.64+451914.2	191614095	30.14436	45.320618	217.7	A2	Hümmerich et al. (2020)
J061605.70+465915.1	192003005	94.023769	46.987546	71.12	A5	Yang et al. (2024)
J061557.24+461006.7	192005086	93.988516	46.168533	269.08	A6	Yang et al. (2024)
J002548.05+364333.7	192307112	6.450236	36.726044	195.32	A6	Shang et al. (2022)
J002454.58+385413.2	192309175	6.227447	38.903675	74.86	A7	Shi et al. (2023)
J024243.57+453720.4	192515216	40.681565	45.622352	142.46	A5	Qin et al. (2019)
J065021.64+433020.7	194116098	102.59018	43.505764	304.87	A1	Hümmerich et al. (2020)
J040857.77+352336.1	194609072	62.240724	35.393368	281.82	A2	Shang et al. (2022)
J035945.29+331757.7	194810175	59.93874	33.299367	93.15	A2	Hümmerich et al. (2020)
J053930.65+204857.4	194901062	84.877732	20.81595	227.85	A2	Shang et al. (2022)
J053734.74+222349.8	194903046	84.394762	22.397176	82.35	A2	Shang et al. (2022)
J055130.01+221511.4	194906060	87.875078	22.253173	58.05	F0	Yang et al. (2024)
J055019.83+214937.6	194906191	87.582641	21.827131	247.14	A1	Hümmerich et al. (2020)
J054044.78+243154.9	194911003	85.186592	24.531925	193.02	A5	Hümmerich et al. (2020)
J053836.41+242850.6	194916070	84.651727	24.480723	154.41	A1	Hümmerich et al. (2020)
J053531.81+211856.3	195002040	83.882551	21.315639	167.22	A1	Hümmerich et al. (2020)
J055111.92+220342.6	195006147	87.799687	22.061846	58.85	A1	Shang et al. (2022)
J054807.07+210619.0	195007053	87.029492	21.105301	522.71	A2	Hümmerich et al. (2020)
J055031.83+211525.8	195007146	87.632664	21.257186	72.76	A5	Shi et al. (2023)
J054548.96+222854.3	195008026	86.454039	22.481751	469.02	A1	Hümmerich et al. (2020)
J054016.07+250455.5	195011165	85.066978	25.082103	50.08	A2	Yang et al. (2024)
J055002.87+235548.0	195012120	87.511989	23.930025	186.56	A2	Hümmerich et al. (2020)
J053437.38+211104.1	195102042	83.65575	21.184478	67.16	A2	Shi et al. (2023)
J053356.79+211907.9	195102083	83.486651	21.318871	119.11	A1	Shi et al. (2023)
J053554.49+210229.6	195102131	83.97705	21.041565	138.62	F0	Hümmerich et al. (2020)
J053815.87+230422.9	195103203	84.566159	23.073029	185.91	A1	Shi et al. (2023)
J054613.99+245550.4	195112233	86.558303	24.930676	107.25	F0	Hümmerich et al. (2020)
J053217.02+230026.6	195114039	83.070924	23.007401	118.18	A5	Shang et al. (2022)
J053445.96+225408.2	195114074	83.69151	22.902281	57.13	A1	Shi et al. (2023)
J053209.10+231919.9	195114241	83.037954	23.322217	66.07	A1	Shang et al. (2022)
J055245.39+210138.5	195815191	88.189164	21.027378	62.72	A1	Yang et al. (2024)
J065531.92+253656.8	198016086	103.88303	25.615794	75.78	A2	Shang et al. (2022)
J102027.58+280919.4	199002091	155.1149542	28.1554111	127.24	A2	Shi et al. (2023)
J060741.50+571019.4	199401010	91.922917	57.172073	95.5	A5	Shang et al. (2022)
J062221.82+595613.0	199413009	95.59094	59.93695	266.54	F0	Hümmerich et al. (2020)
J090517.28+165855.6	200810030	136.32202	16.982121	262.62	A5	Shang et al. (2022)
J042423.82+274013.9	201503068	66.09927	27.670536	86.46	A2	Yang et al. (2024)
J043100.76+285057.2	201509079	67.753183	28.849227	75.6	A2	Shang et al. (2022)
J062427.61+213544.0	201601049	96.115082	21.59556	133.74	A1	Hümmerich et al. (2020)
J062521.83+213356.2	201601078	96.340976	21.565635	93.91	A1	Yang et al. (2024)
J062107.62+234952.8	201603163	95.281771	23.831338	60.49	A2	Shang et al. (2022)
J062638.98+233156.4	201604116	96.662448	23.532345	174.66	A2	Hümmerich et al. (2020)
J062551.25+240212.8	201604207	96.463561	24.036891	174.38	A5	Hümmerich et al. (2020)
J062620.51+221542.7	201605020	96.585488	22.261883	113.51	A1	Hümmerich et al. (2020)
J062546.54+221843.4	201605022	96.443936	22.312071	69.41	A5	Shang et al. (2022)
J063015.16+215028.3	201607215	97.563196	21.841219	90.21	A2	Shi et al. (2023)
J062829.47+233423.0	201608039	97.12281	23.57306	100.83	A1	Hümmerich et al. (2020)
J062240.54+245826.2	201615167	95.668929	24.97395	73.13	A1	Shang et al. (2022)
J062140.49+252053.1	201616058	95.418716	25.348101	69.59	A1	Shi et al. (2023)
J062057.29+253203.4	201616132	95.238716	25.534285	85.66	A1	Shi et al. (2023)
J061734.94+252253.8	201616225	94.395623	25.381636	103.49	A2	Hümmerich et al. (2020)
J062145.00+231402.6	201703037	95.437531	23.234082	95.86	A5	Yang et al. (2024)
J062955.49+235938.3	201709001	97.481224	23.993993	98.36	A5	Shang et al. (2022)
J063037.14+234154.8	201709236	97.65475	23.698577	133.76	A2	Hümmerich et al. (2020)
J061911.91+224143.5	201710165	94.799663	22.695424	69.79	A2	Hümmerich et al. (2020)
J061739.44+233427.7	201710227	94.414338	23.574364	82.84	A2	Yang et al. (2024)
J062914.05+250935.1	201712083	97.308562	25.15975	107.24	A1	Shi et al. (2023)
J061553.83+240421.0	201714235	93.974297	24.072524	56.32	A1	Yang et al. (2024)
J062341.52+243826.1	201715189	95.923021	24.640591	95.9	A1	Shi et al. (2023)
J062319.45+243004.7	201715247	95.831063	24.501319	78.86	A1	Shi et al. (2023)
J051709.99+214859.0	202213063	79.291631	21.816414	107.94	A1	Hümmerich et al. (2020)
J050156.20+233939.7	202216039	75.484179	23.661031	56.54	A1	Shang et al. (2022)
J045027.88+024705.1	203303143	72.616174	2.784762	87.34	A7	Shang et al. (2022)
J060830.56+133858.1	203603174	92.127343	13.649473	96.37	A1	Shi et al. (2023)
J061331.98+135352.9	203604071	93.383266	13.898044	151.61	A2	Hümmerich et al. (2020)
J061052.68+130724.5	203604126	92.719533	13.123488	124.21	A1	Shi et al. (2023)
J061124.59+124504.9	203605167	92.852483	12.751384	635.7	A3	Hümmerich et al. (2020)
J062031.49+132806.1	203606051	95.131213	13.468384	75.12	A5	Shang et al. (2022)
J062040.02+131611.9	203606149	95.166763	13.269985	725.54	A2	Hümmerich et al. (2020)
J061419.24+122607.2	203608111	93.580202	12.435353	90.36	A2	Shi et al. (2023)
J061439.92+134128.6	203609002	93.666338	13.691285	222.34	A5	Shang et al. (2022)
J061436.66+142939.5	203609041	93.65277	14.494312	229.94	A1	Hümmerich et al. (2020)
J061334.76+144705.9	203609105	93.39484	14.784978	79.16	A2	Yang et al. (2024)
J060518.19+125728.6	203610209	91.325822	12.957948	149.57	A1	Hümmerich et al. (2020)
J061143.19+152832.1	203611229	92.929974	15.475601	129.9	A1	Hümmerich et al. (2020)
J060905.54+114858.8	203701061	92.273085	11.816353	286.09	A1	Hümmerich et al. (2020)
J060516.22+120731.9	203702048	91.317619	12.125541	209.12	A1	Hümmerich et al. (2020)
J061221.22+130049.2	203705107	93.088438	13.013675	218.04	A1	Shi et al. (2023)
J061638.39+125441.1	203706248	94.159972	12.911429	130.91	A1	Hümmerich et al. (2020)
J061341.68+114751.7	203707049	93.423668	11.7977	105.85	A2	Hümmerich et al. (2020)
J061558.32+135157.3	203709147	93.993017	13.865935	147.96	A2	Hümmerich et al. (2020)
J060620.10+142624.2	203714092	91.583772	14.440072	108.18	A1	Hümmerich et al. (2020)
J061252.15+150651.2	203715034	93.217298	15.114246	81.51	A2	Yang et al. (2024)
J060823.61+150657.0	203715172	92.098382	15.115837	277.37	A1	Shi et al. (2023)
J061413.62+112022.5	203801181	93.556767	11.339603	104.19	A5	Hümmerich et al. (2020)
J060653.79+114835.2	203802024	91.724133	11.809799	67.33	A2	Shang et al. (2022)
J060818.12+130000.3	203803002	92.075533	13.000084	55.87	A5	Yang et al. (2024)
J061217.98+123436.2	203805129	93.074918	12.57674	464.47	A2	Gaia Collaboration et al. (2016, 2023)
J061858.74+120929.8	203807133	94.744766	12.158279	51.18	A1	Shi et al. (2023)
J061222.88+155019.1	203811202	93.095354	15.838643	81	A1	Shang et al. (2022)
J060543.16+215523.2	204001070	91.429856	21.923118	101.87	A2	Hümmerich et al. (2020)
J061208.81+230026.7	204008131	93.036724	23.00742	86.53	A1	Shang et al. (2022)
J061002.07+240727.4	204009220	92.508641	24.124295	66.28	A1	Shang et al. (2022)
J060604.30+252416.1	204011087	91.517951	25.404491	66.61	A2	Shang et al. (2022)
J060959.73+253429.6	204012072	92.498902	25.574914	72.44	A2	Shang et al. (2022)
J060628.13+243533.4	204015176	91.617237	24.592628	62.63	A1	Shi et al. (2023)
J060514.18+245731.3	204015201	91.309095	24.958703	52.73	A1	Shi et al. (2023)
J060252.94+252959.6	204016129	90.720584	25.499889	55.34	A1	Shi et al. (2023)
J040918.97+273521.7	204106225	62.329056	27.589368	63.62	F0	Shang et al. (2022)
J040454.29+273245.3	204208109	61.226237	27.545927	650.48	A2	Yang et al. (2024)
J042327.19+330112.9	204705048	65.863328	33.020262	72.01	A1	Shang et al. (2022)
J061308.61+342342.1	204805179	93.285876	34.395031	348.91	A2	Hümmerich et al. (2020)
J061914.21+362331.9	204815135	94.809215	36.392208	291.99	A2	Hümmerich et al. (2020)
J060955.33+361647.0	204816083	92.48056	36.279737	74.98	A7	Yang et al. (2024)
J061509.91+332028.9	204901059	93.791322	33.341375	119.57	A2	Shang et al. (2022)
J061551.43+340944.5	204905041	93.9643	34.16237	93.52	A2	Shang et al. (2022)
J061921.48+340828.1	204908180	94.839537	34.14114	356.67	A1	Shi et al. (2023)
J060919.79+342540.5	204910069	92.332464	34.427922	139.77	A5	Shang et al. (2022)
J055207.96+242953.9	205403059	88.033178	24.498319	115.51	A2	Hümmerich et al. (2020)
J060455.79+250850.0	205413115	91.232475	25.147227	53.47	A2	Shang et al. (2022)
J024302.76+551718.5	205506035	40.7615136	55.2884883	58.65	A3	Yang et al. (2024)
J023516.54+563951.6	205509124	38.8189231	56.6643388	88.47	A1	Yang et al. (2024)
J021944.99+562715.8	205514094	34.937484	56.4543924	63.07	A7	Shang et al. (2022)
J074414.88+051124.7	205709061	116.062033	5.190199	294.22	A1	Hümmerich et al. (2020)
J073316.31+034515.1	205710021	113.317991	3.754218	140.42	F0	Shi et al. (2023)
J074428.41+060726.4	205712231	116.118415	6.124013	233.23	A2	Shi et al. (2023)
J062838.72+355224.3	206005217	97.161371	35.873434	107.07	A1	Hümmerich et al. (2020)
J062512.25+390655.3	206016038	96.301074	39.11538	62.9	A5	Shang et al. (2022)
J062811.88+390136.1	206016139	97.049511	39.026718	61.26	A1	Shang et al. (2022)
J024024.39+512516.1	206303085	40.100551	51.421408	204.56	A2	Yang et al. (2024)
J023449.94+505819.2	206310106	38.708087	50.972003	123.92	A1	Shang et al. (2022)
J030046.17+520446.2	206313202	45.191137	52.079524	548.58	A1	Shi et al. (2023)
J023805.20+513946.1	206314051	39.521677	51.6628085	146.97	A1	Hümmerich et al. (2020)
J060210.65-071728.0	207110222	90.544402	-7.2911283	177.78	A2	Yang et al. (2024)
J060539.47-060314.9	207115051	91.41448	-6.054165	220.8	A1	Shang et al. (2022)
J061338.27-085719.7	207207234	93.409459	-8.955475	286.47	A7	Hümmerich et al. (2020)
J060826.16-043751.3	207211196	92.109014	-4.630937	78.07	A5	Shang et al. (2022)
J061503.61-063230.3	207213213	93.765044	-6.5417541	283.97	F0	Shang et al. (2022)
J060812.71-061144.4	207215184	92.052969	-6.1956883	76.27	A2	Shang et al. (2022)
J052602.25+075254.0	208715200	81.509404	7.881676	342.02	A1	Hümmerich et al. (2020)
J052215.56+070808.7	208903078	80.564839	7.1357592	72.86	A1	Shang et al. (2022)
J025708.41+241901.3	209006194	44.285046	24.317034	137.14	A7	Hümmerich et al. (2020)
J051026.03+310734.3	209903186	77.608478	31.1262	76.19	F0	Yang et al. (2024)
J051558.69+310914.7	209904122	78.994582	31.154092	57.31	A2	Shi et al. (2023)
J051256.17+300836.8	209905089	78.234062	30.143583	72.17	A2	Shang et al. (2022)
J052454.03+302155.6	209906101	81.225155	30.36545	90.13	A1	Shi et al. (2023)
J052353.68+301935.1	209906125	80.97369	30.326437	121.9	A2	Yang et al. (2024)
J051854.93+313016.6	209909024	79.728907	31.504614	87.23	A2	Shi et al. (2023)
J051834.87+330052.5	209912080	79.645316	33.014606	71.02	A1	Shang et al. (2022)
J035258.77+331235.4	210507042	58.244894	33.209858	92.34	A2	Shi et al. (2023)
J055014.72+215959.5	210606199	87.561357	21.999887	69.89	A1	Shi et al. (2023)
J054928.24+211059.7	210607081	87.36768	21.183272	91.49	A5	Yang et al. (2024)
J054457.39+233826.7	210609064	86.239145	23.64076	51	A5	Shang et al. (2022)
J053321.21+214704.0	210610188	83.338405	21.784448	51.24	A2	Shang et al. (2022)
J053354.33+231312.2	210614206	83.476399	23.220059	87.71	A5	Lu et al. (2025)
J095522.45+135315.8	210808151	148.843561	13.887729	67.53	A1	Shang et al. (2022)
J060420.93-055158.3	211503143	91.087234	-5.866211	246.19	A1	Shi et al. (2023)
J061202.50-080653.2	211507209	93.010433	-8.114791	130.75	A5	Shang et al. (2022)
J061029.25-053152.4	211509038	92.621886	-5.531249	284.54	A1	Hümmerich et al. (2020)
J040942.74+291719.7	211703244	62.428091	29.288818	56.93	A6	Shang et al. (2022)
J041619.00+291523.7	211705107	64.079201	29.256599	367.02	A1	Hümmerich et al. (2020)
J040715.76+310107.8	211714148	61.815681	31.018859	485.57	A7	Hümmerich et al. (2020)
J040951.85+314025.2	211816057	62.466045	31.673689	98.91	F0	Shang et al. (2022)
J040217.66+340724.2	211916113	60.573598	34.123396	64.98	A5	Hümmerich et al. (2020)
J055737.77+282609.7	212004095	89.407396	28.436042	95.27	A2	Shi et al. (2023)
J055413.39+284155.0	212004177	88.555815	28.69863	67.46	A1	Shang et al. (2022)
J055534.89+281813.2	212005154	88.8954	28.303673	160.16	A2	Hümmerich et al. (2020)
J060155.40+280356.1	212006229	90.480836	28.065601	247.04	A2	Hümmerich et al. (2020)
J060000.75+273657.8	212008224	90.003144	27.616078	58.57	A1	Shang et al. (2022)
J060136.47+293812.0	212009194	90.401977	29.636675	80.32	A1	Hümmerich et al. (2020)
J054811.92+281056.3	212010048	87.049678	28.182329	55.66	A2	Shang et al. (2022)
J055804.75+303908.2	212011074	89.519795	30.652296	76.22	A2	Shi et al. (2023)
J060238.73+295105.4	212013155	90.661394	29.851512	192.98	A2	Yang et al. (2024)
J055118.35+305028.6	212016053	87.826478	30.841293	55.48	A2	Shi et al. (2023)
J054942.55+301922.1	212016090	87.427292	30.322821	60.6	A1	Shi et al. (2023)
J055809.04+264957.5	212101105	89.537707	26.832639	173.82	A2	Yang et al. (2024)
J055710.67+282732.1	212104084	89.294481	28.458931	70.8	A1	Shi et al. (2023)
J055443.49+285152.6	212104170	88.681247	28.864634	79.3	A1	Shi et al. (2023)
J055725.42+272653.2	212105024	89.355957	27.44812	80.55	A2	Shi et al. (2023)
J055321.75+302915.8	212116116	88.340664	30.487724	102.74	A5	Hümmerich et al. (2020)
J051744.49+373530.4	213504151	79.435391	37.591793	75.13	A5	Shi et al. (2023)
J052422.19+383106.2	213509073	81.092461	38.518411	103.54	A2	Hümmerich et al. (2020)
J052705.58+374003.3	213509140	81.77329	37.667598	62.96	A1	Shi et al. (2023)
J052303.37+381246.5	213509159	80.764047	38.212923	53.21	A2	Shi et al. (2023)
J052130.40+391627.6	213511244	80.37669	39.274338	52.38	A1	Shang et al. (2022)
J052056.63+353813.0	213601161	80.235985	35.636965	63.28	A5	Yang et al. (2024)
J052324.45+351347.1	213601189	80.851904	35.229776	61.59	A1	Shi et al. (2023)
J052855.41+372207.7	213606034	82.230893	37.368814	88.77	A5	Yang et al. (2024)
J052411.36+374602.5	213609210	81.047353	37.767377	94.25	A2	Shi et al. (2023)
J051059.71+362728.0	213610181	77.748805	36.457788	57.81	A1	Shi et al. (2023)
J053139.66+380231.5	213613009	82.915264	38.042101	451.07	A1	Hümmerich et al. (2020)
J071208.33+185914.7	214307085	108.03471	18.987444	123.17	A2	Shi et al. (2023)
J065629.86+200101.8	214310058	104.12444	20.017183	52.6	A1	Shi et al. (2023)
J040832.16+243436.8	214601074	62.13404	24.576904	126.45	A7	Hümmerich et al. (2020)
J050731.60+570017.2	215401082	76.881695	57.00478	315.6	A3	Hümmerich et al. (2020)
J050144.01+584923.4	215404166	75.433387	58.82317	575.4	A1	Hümmerich et al. (2020)
J051327.91+573333.0	215407123	78.366297	57.559192	178.97	A1	Hümmerich et al. (2020)
J050255.38+604108.9	215411096	75.730787	60.685816	65.03	A1	Shang et al. (2022)
J045150.13+594602.0	215414133	72.958893	59.767231	250.29	A1	Hümmerich et al. (2020)
J080513.99+100620.4	215703062	121.3083	10.105667	141.97	A2	Shang et al. (2022)
J053749.62+541330.8	216211092	84.456787	54.225227	158.87	A1	Shang et al. (2022)
J055108.25+531610.8	216213244	87.784392	53.269688	260.75	A5	Hümmerich et al. (2020)
J055417.20+525336.3	216313048	88.571697	52.893434	60.81	A1	Shang et al. (2022)
J054844.18+522027.8	216408079	87.184098	52.34108	155.6	A1	Shi et al. (2023)
J045708.30+543307.3	217006023	74.284593	54.552032	152.28	A1	Hümmerich et al. (2020)
J045747.66+560121.5	217013236	74.448591	56.022646	244.59	A1	Hümmerich et al. (2020)
J064745.41+583506.1	217314112	101.93922	58.585041	614.44	A3	Hümmerich et al. (2020)
J044551.78+452620.0	217801096	71.465762	45.438911	81.6	A1	Yang et al. (2024)
J044010.00+462453.3	217805231	70.04169	46.414812	119.53	A1	Yang et al. (2024)
J045650.69+465209.5	217806199	74.211209	46.869322	71.15	A5	Shang et al. (2022)
J045218.84+463921.4	217808138	73.078507	46.655962	58.79	A1	Yang et al. (2024)
J044834.63+483457.7	217809112	72.144298	48.582703	94.19	A7	Shang et al. (2022)
J043201.64+471447.8	217810147	68.006849	47.246628	341.3	A6	Hümmerich et al. (2020)
J044329.61+490024.3	217811077	70.87339	49.006752	164.03	A1	Shang et al. (2022)
J043337.20+480459.8	217814220	68.405034	48.083302	69.19	A5	Shang et al. (2022)
J044443.94+451317.6	217901221	71.183113	45.221571	55.92	A1	Shi et al. (2023)
J044648.78+483740.5	217915132	71.703271	48.627923	58.26	A5	Yang et al. (2024)
J044103.60+481729.0	217915245	70.265	48.291401	96.37	A2	Shi et al. (2023)
J043931.64+484228.7	217916158	69.881844	48.707989	67.74	A2	Shi et al. (2023)
J064549.02+484330.2	218004155	101.45426	48.725067	157.32	A2	Hümmerich et al. (2020)
J063709.27+193338.1	218206184	99.288642	19.560597	82.69	A2	Shang et al. (2022)
J063201.93+185013.4	218208224	98.008065	18.83706	59.89	A1	Hümmerich et al. (2020)
J063143.24+222550.4	218211030	97.930181	22.430674	255.66	A2	Shi et al. (2023)
J063516.46+215714.9	218212192	98.818608	21.954155	286.54	A2	Hümmerich et al. (2020)
J062723.25+212713.4	218215209	96.846911	21.453735	299.91	A1	Shi et al. (2023)
J062907.94+175738.6	218301024	97.283109	17.960723	73.07	A5	Shang et al. (2022)
J061953.90+210238.9	218314104	94.974623	21.044139	56.34	A5	Shi et al. (2023)
J063012.03+181750.4	218401110	97.550125	18.29736	142.04	A5	Shang et al. (2022)
J063107.37+202814.2	218404071	97.780731	20.47063	56.05	A3	Shang et al. (2022)
J063238.50+205939.7	218409047	98.160446	20.994379	253.18	A1	Hümmerich et al. (2020)
J061925.95+204122.2	218414247	94.858166	20.689527	54.03	A1	Shi et al. (2023)
J080056.60+383759.1	218508144	120.23584	38.633099	76.79	A7	Hümmerich et al. (2020)
J061952.28-033452.6	218604058	94.967839	-3.581305	82.05	F0	Shang et al. (2022)
J062529.84-032411.9	218713225	96.374344	-3.403328	123.12	A1	Hümmerich et al. (2020)
J063612.23+224739.6	220002059	99.050978	22.794358	91.14	A6	Qin et al. (2019)
J064519.12+240646.4	220008068	101.32967	24.112902	180.29	A1	Shi et al. (2023)
J064835.82+253408.6	220013190	102.14926	25.569072	54.43	A5	Shang et al. (2022)
J062540.62+334811.0	220507181	96.419291	33.803079	65.12	A2	Yang et al. (2024)
J062123.92+350132.4	220508027	95.349701	35.025691	70.57	A6	Shang et al. (2022)
J061942.40+365339.9	220511068	94.926699	36.894427	83.49	A2	Shang et al. (2022)
J061548.12+363657.2	220515204	93.950509	36.615896	86.93	A3	Shi et al. (2023)
J065742.90+255426.1	221107139	104.42876	25.90726	97.68	A1	Shang et al. (2022)
J064758.50+283022.6	221115220	101.99375	28.506298	613.93	A1	Hümmerich et al. (2020)
J074419.88+523638.9	223602216	116.08284	52.610806	496.41	A2	Shi et al. (2023)
J092233.23+072519.4	223804183	140.637558	7.422058	422.27	A5	Shi et al. (2023)
J092826.31+075944.0	223809140	142.10965	7.9955583	64.26	A1	Shang et al. (2022)
J091452.13+082606.7	223814110	138.716477	8.435202	140.8	A5	Shang et al. (2022)
J065505.83+384426.4	224404124	103.77431	38.740692	171.75	A2	Hümmerich et al. (2020)
J150331.87+093125.4	227905043	225.882818	9.523727	193.54	A7	Yang et al. (2024)
J074640.91+130918.7	229107161	116.67049	13.155216	62.81	A5	Hümmerich et al. (2020)
J090059.84+131238.8	229702209	135.24935	13.210779	179.01	A7	Shang et al. (2022)
J103757.03+003128.0	229906110	159.4876458	0.52445	67.89	A2	Hümmerich et al. (2020)
J091021.96+281832.1	231810241	137.59153	28.308939	116.95	A1	Hümmerich et al. (2020)
J152003.00+065731.2	235301094	230.012508	6.958673	87.62	F0	Yang et al. (2024)
J183923.10+345729.9	235701047	279.84625	34.958333	74.31	A5	Shang et al. (2022)
J185444.62+482024.7	238012135	283.685917	48.340222	84.12	A1	Shang et al. (2022)
J172341.00+153528.1	240511113	260.92022	15.59115	124.33	A7	Hümmerich et al. (2020)
J192659.97+455524.4	241008217	291.749883	45.923458	228.76	A5	Shang et al. (2022)
J191204.90+481716.6	241014004	288.0204566	48.2879548	131.03	A7	Shang et al. (2022)
J174031.07+102400.8	242307019	265.129479	10.400227	183.01	A5	Hümmerich et al. (2020)
J185444.64+482024.5	242612135	283.686017	48.340164	94.11	A6	Shang et al. (2022)
J185901.99+401821.8	243003203	284.7583099	40.3060792	89.6	A3	Lu et al. (2025)
J191326.00+401029.1	243013207	288.358367	40.174769	88.24	A1	Shang et al. (2022)
J190420.28+410144.9	243015144	286.0845347	41.0291565	129.94	A7	Shang et al. (2022)
J053417.69+442714.0	243503134	83.573734	44.453896	147.76	A2	Shi et al. (2023)
J053231.77+441954.0	243503212	83.132391	44.331689	134.95	A2	Hümmerich et al. (2020)
J054225.52+421124.6	243507010	85.606363	42.190182	99.86	A2	Shang et al. (2022)
J052510.60+440918.0	243514028	81.294171	44.155001	147.93	A1	Hümmerich et al. (2020)
J053551.11+450901.3	243515007	83.962998	45.15037	304.06	A1	Hümmerich et al. (2020)
J052748.30+453546.1	243516211	81.95127	45.596165	310.1	A2	Hümmerich et al. (2020)
J052751.11+422557.3	243602085	81.962991	42.432603	92.49	A2	Bernhard et al. (2021)
J052947.73+420240.7	243602224	82.448914	42.044662	282.85	A1	Hümmerich et al. (2020)
J052945.57+440142.2	243603100	82.439876	44.02839	192.82	A5	Hümmerich et al. (2020)
J052454.62+434145.3	243610109	81.227604	43.695924	107.16	A1	Hümmerich et al. (2020)
J082110.23+033501.8	243807137	125.29263	3.5838379	300.63	A1	Hümmerich et al. (2020)
J030004.41+542503.5	243905173	45.018385	54.417662	63.82	A3	Shi et al. (2023)
J030518.18+540419.9	243908107	46.3257537	54.0722158	91.88	A3	Shang et al. (2022)
J024816.94+532426.7	244002081	42.070615	53.40743	257.83	A1	Yang et al. (2024)
J025754.65+550238.6	244004192	44.477711	55.044067	56.49	A1	Shang et al. (2022)
J025733.92+541923.5	244005053	44.391343	54.323217	88.77	A2	Yang et al. (2024)
J025951.09+540337.5	244005145	44.96332778	54.06087111	409.15	A2	Hümmerich et al. (2020)
J025945.31+541941.5	244005163	44.93865083	54.32915472	770.17	A2	Renson & Manfroid (2009)
J025630.32+534143.1	244005204	44.126374	53.695318	338.57	A2	Yang et al. (2024)
J030709.95+535141.6	244007102	46.79049194	53.86183444	296.97	A2	Hümmerich et al. (2020)
J024836.89+535847.1	244010050	42.153715	53.979751	75.3	A5	Yang et al. (2024)
J024550.34+540256.4	244010190	41.45887	54.049019	68.49	A1	Shang et al. (2022)
J025716.49+572715.7	244011150	44.318143	57.454388	219.28	A1	Hümmerich et al. (2020)
J024542.78+555858.9	244014020	41.428256	55.983055	163.19	A2	Hümmerich et al. (2020)
J025611.74+561116.9	244015099	44.048934	56.188028	86.94	F0	Yang et al. (2024)
J194137.37+444007.3	247608043	295.405742	44.668697	55.26	F0	Yang et al. (2024)
J193829.50+464935.2	247611105	294.622958	46.826472	214.87	A1	Shang et al. (2022)
J193740.39+460219.3	247615036	294.418292	46.038722	137.47	A7	Shang et al. (2022)
J224225.17+025506.6	247807011	340.604877	2.918509	78.09	A5	Shang et al. (2022)
J202708.92+360047.0	248101214	306.787206	36.013072	237.4	A1	Shang et al. (2022)
J202340.90+383743.7	248103169	305.920453	38.62881	152.07	A1	Yang et al. (2024)
J202056.13+380407.6	248103228	305.234274	38.068699	278.45	A1	Hümmerich et al. (2020)
J202943.73+384756.6	248104069	307.43222	38.799057	171.22	A2	Hümmerich et al. (2020)
J202856.91+383619.1	248104072	307.237163	38.605322	204.35	A2	Shang et al. (2022)
J202836.42+375511.6	248104095	307.151781	37.919893	195.75	A1	Shang et al. (2022)
J203357.24+365858.1	248107067	308.488531	36.982823	88.93	F0	Yang et al. (2024)
J203123.17+384617.7	248109221	307.846582	38.771602	135.54	A5	Shang et al. (2022)
J201701.58+374713.2	248110086	304.256594	37.787024	79.19	A2	Yang et al. (2024)
J201931.52+391600.2	248114090	304.881363	39.266746	66.06	A2	Shang et al. (2022)
J010522.41+501031.3	248402246	16.343411	50.174889	365.81	A1	Hümmerich et al. (2020)
J011524.23+515128.5	248404054	18.8509812	51.8579419	451.67	A2	Hümmerich et al. (2020)
J011816.48+514639.8	248409005	19.568366	51.777931	409.39	A2	Hümmerich et al. (2020)
J012220.76+532354.4	248412197	20.586512	53.398451	298.15	A1	Hümmerich et al. (2020)
J041916.98+195637.1	248713007	64.820785	19.943661	170.2	A1	Shang et al. (2022)
J040654.80+210519.9	248715168	61.728339	21.088884	288.02	A1	Hümmerich et al. (2020)
J034019.21+570304.8	249001156	55.080083	57.051357	51.32	A5	Yang et al. (2024)
J034543.16+583801.1	249004243	56.429869	58.633639	128.55	A1	Hümmerich et al. (2020)
J035229.02+572122.2	249007053	58.120953	57.356175	76.15	A1	Shang et al. (2022)
J185444.63+482024.8	249210079	283.685993	48.3402269	148.82	A6	Hümmerich et al. (2020)
J191305.80+500013.3	249610247	288.2741823	50.0037176	224.36	A1	Hümmerich et al. (2020)
J022252.38+485816.0	250602069	35.718278	48.971116	134.37	A2	Hümmerich et al. (2020)
J023534.25+520926.0	250612081	38.892714	52.157243	169.81	A1	Hümmerich et al. (2020)
J022703.50+515528.7	250615208	36.7646104	51.9246417	338.57	A1	Shi et al. (2023)
J045508.24+204943.7	250815045	73.784341	20.828815	135.41	A5	Hümmerich et al. (2020)
J000520.49+491310.9	250901189	1.335416	49.219711	54.92	A7	Yang et al. (2024)
J235112.85+503814.5	250910027	357.8035694	50.6373836	211.03	A2	Shi et al. (2023)
J235351.09+525134.5	250916193	358.462627	52.859859	303.1	A1	Hümmerich et al. (2020)
J011435.00+534757.2	251005237	18.645854	53.79923	115.05	A5	Hümmerich et al. (2020)
J013417.13+535531.5	251006120	23.571977	53.925276	283.67	A3	Yang et al. (2024)
J013345.83+540641.7	251006194	23.440959	54.111588	84.8	A5	Shi et al. (2023)
J010507.43+535912.1	251010197	16.2809676	53.9867036	84.27	A3	Shang et al. (2022)
J012444.74+572159.1	251011029	21.186425	57.366435	138.52	A1	Yang et al. (2024)
J012214.42+561416.7	251015044	20.560123	56.237992	83.26	A1	Shi et al. (2023)
J011154.28+563254.7	251016168	17.975826	56.548529	143.09	A1	Hümmerich et al. (2020)
J032810.73+550737.3	251105129	52.044737	55.127033	271.98	A1	Yang et al. (2024)
J033341.86+542708.3	251107020	53.424457	54.452316	174.54	A2	Hümmerich et al. (2020)
J033053.47+550051.2	251108178	52.721574	55.014236	257.93	A2	Hümmerich et al. (2020)
J033359.91+564753.9	251109196	53.499655	56.798319	144.83	A1	Hümmerich et al. (2020)
J033003.45+563459.0	251109202	52.514405	56.583059	149.9	A2	Hümmerich et al. (2020)
J033648.54+571248.6	251113158	54.202279	57.213508	109.03	A2	Hümmerich et al. (2020)
J031714.31+565041.4	251115060	49.309656	56.844838	247.24	A2	Hümmerich et al. (2020)
J051440.88+405303.7	252803193	78.670338	40.884379	90.45	A1	Shang et al. (2022)
J052039.41+412015.6	252804054	80.164231	41.337687	61.41	A1	Shi et al. (2023)
J051857.75+412255.9	252804188	79.740635	41.382209	104.83	A1	Hümmerich et al. (2020)
J051734.35+402632.1	252805174	79.393143	40.442277	62	A2	Shang et al. (2022)
J052211.12+413228.0	252809211	80.54636	41.541118	56.1	A2	Shi et al. (2023)
J051633.24+421328.7	252815016	79.138524	42.224657	51.8	A1	Shang et al. (2022)
J051837.87+421552.2	252815019	79.657801	42.264508	50.84	A2	Shi et al. (2023)
J213025.59+475535.2	253202151	322.6066439	47.9264639	89.19	A2	Shi et al. (2023)
J213646.10+494739.4	253203207	324.1921147	49.7942836	137.08	A5	Hümmerich et al. (2020)
J214337.80+494041.9	253204202	325.9075025	49.6783322	122.28	A2	Hümmerich et al. (2020)
J215005.40+511418.3	253212048	327.5225317	51.2384306	70.65	A5	Shang et al. (2022)
J214814.24+510804.5	253212053	327.0593597	51.1346056	98.42	A5	Yang et al. (2024)
J213934.97+504002.1	253215201	324.8957156	50.6672689	61.92	A2	Shang et al. (2022)
J031731.28+495516.5	253601121	49.3803561	49.9212695	191.97	A2	Yang et al. (2024)
J031441.73+520318.9	253604065	48.6738957	52.055276	192.83	A1	Shi et al. (2023)
J032333.76+510336.6	253606235	50.890667	51.060169	107.38	A5	Hümmerich et al. (2020)
J032049.47+515001.9	253609231	50.2061333	51.8338662	135.67	A1	Yang et al. (2024)
J030503.47+504909.7	253610156	46.264461	50.819379	64.21	A1	Shi et al. (2023)
J032150.99+531917.1	253612025	50.462475	53.321436	56.05	A1	Shi et al. (2023)
J032503.12+531445.1	253612120	51.263038	53.245878	57.91	A5	Yang et al. (2024)
J032413.45+525937.7	253612153	51.0560697	52.9938239	196.75	A1	Hümmerich et al. (2020)
J032529.13+523213.8	253613133	51.3713787	52.5371914	264.07	A1	Yang et al. (2024)
J031327.59+525152.8	253615138	48.3649686	52.8646875	59.6	A1	Shang et al. (2022)
J053515.24+463342.6	253801131	83.8135	46.5618603	68.37	A1	Shang et al. (2022)
J053909.24+461117.3	253807171	84.7885144	46.1881447	226.49	A1	Hümmerich et al. (2020)
J053712.37+473528.5	253808024	84.3015694	47.5912636	98	F0	Yang et al. (2024)
J053008.91+504008.5	253811160	82.5371583	50.6690333	168.41	A5	Shang et al. (2022)
J054341.04+494033.1	253812112	85.9210353	49.6758731	55.11	A5	Shang et al. (2022)
J052823.82+491141.0	253815052	82.0992614	49.1947414	108.84	A2	Hümmerich et al. (2020)
J203742.66+411626.0	253907170	309.4277575	41.2739122	62.7	F0	Shang et al. (2022)
J203105.91+453053.7	253911173	307.7746403	45.5149219	77.07	A1	Shi et al. (2023)
J203312.23+441901.2	253915008	308.3009897	44.3170014	75.21	A1	Yang et al. (2024)
J022150.42+410135.4	254013229	35.460105	41.026515	90.67	A7	Qin et al. (2019)
J040144.41+132022.6	254105250	60.4350431	13.3396266	78.8	A6	Shang et al. (2022)
J040606.83+161907.6	254211187	61.5284853	16.3187856	97.42	A1	Shang et al. (2022)
J051800.77+184058.1	254315154	79.5032239	18.6828261	262.98	A1	Hümmerich et al. (2020)
J051523.41+183519.5	254316184	78.8475769	18.5887678	93.26	A1	Hümmerich et al. (2020)
J052055.30+340145.4	254901245	80.2304494	34.029305	77.1	A1	Shi et al. (2023)
J051756.42+343948.4	254902143	79.4851003	34.6634581	96.42	A2	Shi et al. (2023)
J053058.14+355916.1	254906090	82.7422525	35.9878144	97.16	A1	Yang et al. (2024)
J051539.57+360321.9	254910247	78.9148897	36.0561022	101.34	A2	Hümmerich et al. (2020)
J052450.53+380613.1	254911057	81.2105728	38.1036453	83.59	A2	Shi et al. (2023)
J052452.00+375954.2	254911069	81.2167036	37.9984106	89.76	A2	Yang et al. (2024)
J052422.18+383106.2	254911103	81.0924436	38.5184092	99.83	A2	Shi et al. (2023)
J051844.95+380605.3	254916072	79.6873233	38.1014753	116.07	A2	Hümmerich et al. (2020)
J052552.24+344817.3	255001129	81.4676714	34.8048211	110.35	A1	Qin et al. (2019)
J052643.64+341450.5	255001192	81.6818378	34.2473675	111.33	A1	Hümmerich et al. (2020)
J051717.29+362615.5	255003053	79.32169778	36.43764556	307.58	A1	Hümmerich et al. (2020)
J051928.38+363742.9	255003212	79.86748417	36.62860694	388.55	A1	Yang et al. (2024)
J051706.98+360058.8	255003226	79.2790886	36.0163381	137.14	A1	Shi et al. (2023)
J052244.67+345827.3	255005077	80.6861519	34.9742603	306.42	A1	Hümmerich et al. (2020)
J052805.24+343638.8	255007021	82.0218708	34.6108033	83.98	A3	Hümmerich et al. (2020)
J053020.88+360008.9	255008064	82.5870253	36.0024847	66.04	A1	Shi et al. (2023)
J052800.13+351644.0	255008108	82.0005744	35.2788936	101.43	A3	Hümmerich et al. (2020)
J053437.61+364648.8	255013027	83.6567486	36.7802422	55.82	A1	Shi et al. (2023)
J051812.81+370758.9	255015066	79.5534136	37.1330481	252.23	A1	Hümmerich et al. (2020)
J052059.64+374002.6	255015157	80.2485386	37.6673922	162.33	F0	Shang et al. (2022)
J051553.25+375517.7	255016200	78.9718844	37.9216017	65.72	A1	Shi et al. (2023)
J212719.61+401911.0	255202122	321.831729	40.319749	83.45	A2	Shang et al. (2022)
J212802.14+395946.6	255302124	322.0089503	39.9963008	171.74	A2	Hümmerich et al. (2020)
J214321.73+415129.4	255306127	325.8405433	41.8581736	305.99	A6	Shang et al. (2022)
J213820.12+404052.4	255307125	324.5838578	40.6812389	61.77	A2	Shi et al. (2023)
J213710.42+402056.7	255307163	324.293425	40.349092	297.32	A5	Hümmerich et al. (2020)
J213640.37+420944.1	255308039	324.168247	42.162257	61.39	A6	Shi et al. (2023)
J213112.87+434850.3	255311077	322.8037344	43.81364111	243.43	A2	Shi et al. (2023)
J213212.77+444658.3	255311145	323.053239	44.782874	168.5	A2	Shi et al. (2023)
J214029.69+432658.6	255312164	325.1233508	43.44961944	271.18	A3	Hümmerich et al. (2020)
J003543.13+465035.0	255403076	8.9297157	46.843059	63.9	A6	Shang et al. (2022)
J045226.04+271558.3	255608123	73.108501	27.266213	65.86	A1	Shi et al. (2023)
J070144.69-013353.6	255701144	105.436244	-1.564892	131.99	A1	Hümmerich et al. (2020)
J070008.40-012312.9	255701153	105.035008	-1.386923	71.17	A1	Shang et al. (2022)
J070305.59-020902.4	255701196	105.7733	-2.150685	106.33	A1	Hümmerich et al. (2020)
J065523.15-013848.3	255702149	103.846478	-1.646753	72.71	A1	Shi et al. (2023)
J065719.60+000306.7	255703174	104.331686	0.051872	97.52	A1	Shi et al. (2023)
J065832.42-002208.7	255704131	104.635109	-0.369085	120	A1	Shi et al. (2023)
J070120.90-012150.2	255705020	105.337109	-1.363953	50.08	A2	Shi et al. (2023)
J070004.95-010025.7	255705137	105.020664	-1.007155	166.31	A1	Hümmerich et al. (2020)
J070755.64-001724.5	255706094	106.981834	-0.290152	192.8	A1	Hümmerich et al. (2020)
J070155.26+010932.0	255709107	105.480275	1.158905	100.65	A1	Hümmerich et al. (2020)
J070423.57+005933.2	255709199	106.098239	0.992575	67.37	A2	Shang et al. (2022)
J065815.39+021919.6	255711163	104.564155	2.322114	213.27	A5	Hümmerich et al. (2020)
J065213.97+012826.2	255716005	103.0581456	1.47433194	76.22	A2	Shi et al. (2023)
J065552.24+013202.1	255716163	103.967699	1.533933	73.89	A1	Shang et al. (2022)
J011627.87+250924.1	256002118	19.11615	25.156713	140.32	A2	Hümmerich et al. (2020)
J062256.55+171508.3	256506167	95.735645	17.252328	61.28	A2	Shang et al. (2022)
J220500.91+043900.2	256807224	331.253795	4.650079	196.49	A5	Hümmerich et al. (2020)
J045519.31+374053.6	257002122	73.83047	37.681565	74.24	A1	Shi et al. (2023)
J045518.03+400428.9	257003204	73.825128	40.074712	92.6	A2	Yang et al. (2024)
J045828.73+385919.6	257005055	74.619719	38.988783	86.16	A1	Shang et al. (2022)
J045015.40+393146.0	257010003	72.564192	39.529461	68.13	A2	Bernhard et al. (2021)
J050919.10+394038.9	257013096	77.329589	39.677492	93.87	A1	Yang et al. (2024)
J045036.09+404708.5	257014004	72.650389	40.785695	51.94	A2	Shi et al. (2023)
J045522.79+402559.0	257015055	73.84498	40.433061	92.23	A1	Shi et al. (2023)
J052254.93+134638.7	257103069	80.7288814	13.7774264	272.23	A3	Hümmerich et al. (2020)
J052539.09+123709.8	257105226	81.4129056	12.6194061	57.82	A2	Shang et al. (2022)
J053347.07+132207.4	257108073	83.4461431	13.3687422	232.89	A2	Hümmerich et al. (2020)
J052851.80+160518.5	257111222	82.2158669	16.0884725	60.13	A5	Shang et al. (2022)
J052242.63+141708.0	257114096	80.6776308	14.2855689	74.7	A2	Yang et al. (2024)
J011720.27+455525.2	257207187	19.334467	45.923673	63.57	A1	Shang et al. (2022)
J065834.63+282752.9	257605084	104.64431	28.464702	110.29	A2	Hümmerich et al. (2020)
J030459.32+351024.5	257714032	46.2472003	35.1734881	130.27	A7	Hümmerich et al. (2020)
J053949.82+172800.9	258004155	84.95761	17.466938	64.51	A1	Shang et al. (2022)
J054043.62+163908.6	258005166	85.181772	16.652393	58.41	A2	Shang et al. (2022)
J054649.96+164231.1	258006239	86.708179	16.708647	68.7	A1	Shi et al. (2023)
J054731.37+181807.6	258013168	86.880719	18.302115	94.15	A2	Shang et al. (2022)
J054144.60+155002.8	258101145	85.435867	15.834131	96.95	A1	Shang et al. (2022)
J053957.05+172928.0	258104155	84.987712	17.49112	120.39	F0	Shang et al. (2022)
J054931.78+174711.4	258113224	87.382431	17.786505	99.46	A1	Bernhard et al. (2021)
J211315.32+252049.2	258316204	318.31385	25.347008	55.58	A2	Shi et al. (2023)
J211431.06+252304.3	258416183	318.6294294	25.3845486	114.81	A6	Yang et al. (2024)
J052857.86+275600.0	258901194	82.241104	27.933354	57.46	A1	Shi et al. (2023)
J052327.42+294738.5	258903047	80.864279	29.794038	92.46	A3	Yang et al. (2024)
J053733.83+293431.7	258906154	84.390996	29.575479	93.5	A1	Shi et al. (2023)
J052859.92+315614.2	258911068	82.249681	31.937298	70.14	A5	Yang et al. (2024)
J005732.27+524840.6	259403215	14.384492	52.810497	331.81	A1	Shi et al. (2023)
J010259.84+512737.0	259405040	15.7493475	51.46029	60.58	A5	Yang et al. (2024)
J004947.16+525208.2	259414235	12.445101	52.868955	285.11	A2	Renson & Manfroid (2009)
J005937.83+532354.0	259415226	14.9076565	53.3983384	198.42	A1	Hümmerich et al. (2020)
J023603.25+410111.9	259610212	39.013571	41.019974	93.69	A5	Shang et al. (2022)
J024738.41+433809.7	259612241	41.910065	43.636048	73.15	A5	Shang et al. (2022)
J035748.80+382031.0	259701052	59.4533703	38.3419481	89.33	A1	Shi et al. (2023)
J035328.65+401211.4	259703075	58.3693753	40.2031753	247.5	A1	Hümmerich et al. (2020)
J040106.90+392527.6	259704091	60.2787903	39.4243511	67.86	A2	Yang et al. (2024)
J040609.75+392329.0	259708129	61.5406578	39.3914011	83.44	A7	Yang et al. (2024)
J040306.60+391750.3	259708172	60.7775236	39.2973092	112.32	F0	Yang et al. (2024)
J034834.07+391150.8	259710091	57.1419617	39.1974703	194.37	A3	Hümmerich et al. (2020)
J034731.69+394858.2	259710136	56.8820756	39.8161831	238.4	A2	Hümmerich et al. (2020)
J035632.38+413305.9	259716116	59.1349272	41.5516575	92.49	A2	Shang et al. (2022)
J052718.48-012726.1	259809052	81.8270147	-1.4572575	108.38	A2	Hümmerich et al. (2020)
J040229.21+042635.6	260112166	60.621349	4.443503	85.43	A1	Shang et al. (2022)
J032218.06+305737.7	260504145	50.5752867	30.9604881	72.36	A1	Shang et al. (2022)
J032252.44+320514.7	260515117	50.7185408	32.0874189	220.18	A2	Hümmerich et al. (2020)
J040942.74+291719.8	260612136	62.4280978	29.2888358	76.34	A5	Shang et al. (2022)
J203012.93+413750.4	260702063	307.5538886	41.6306669	214.91	A1	Hümmerich et al. (2020)
J202924.63+411507.6	260702104	307.3526331	41.2521356	154.26	A1	Hümmerich et al. (2020)
J204330.59+430832.5	260706036	310.877469	43.142381	52.94	A1	Shang et al. (2022)
J203813.43+442217.0	260709064	309.557	44.37176	331.82	A1	Hümmerich et al. (2020)
J202416.52+434141.9	260714184	306.068835	43.694977	188.11	A1	Hümmerich et al. (2020)
J202755.24+452311.0	260716038	306.9801681	45.3864	80.94	A1	Shi et al. (2023)
J212551.26+125029.9	260815054	321.4635911	12.8416597	97.78	A1	Shang et al. (2022)
J224146.84+521705.7	260901219	340.4441261	52.28493611	330.87	A2	Hümmerich et al. (2020)
J224503.87+551319.6	260904215	341.266151	55.222127	76.11	A2	Yang et al. (2024)
J223811.04+533238.4	260905222	339.5460144	53.5440022	224.11	A2	Hümmerich et al. (2020)
J225245.93+531333.8	260907062	343.191381	53.226063	234.56	A2	Hümmerich et al. (2020)
J224755.70+555330.5	260909072	341.9821178	55.8918192	57.58	A1	Shang et al. (2022)
J225203.94+550719.2	260909127	343.01643	55.122021	57.59	A5	Shang et al. (2022)
J224511.60+564403.9	260911120	341.298367	56.734438	96.49	A1	Shang et al. (2022)
J225558.72+561559.4	260912121	343.994706	56.266523	85.31	A5	Shang et al. (2022)
J225656.56+551017.2	260913041	344.235686	55.171469	174	A2	Hümmerich et al. (2020)
J222640.42+545105.7	260914040	336.6684531	54.8516003	110.03	A2	Hümmerich et al. (2020)
J222557.58+550252.5	260914233	336.489942	55.047939	64.44	A2	Shi et al. (2023)
J223257.06+563316.2	260916047	338.237788	56.554518	55.35	A2	Shi et al. (2023)
J030759.91+452730.7	263602105	46.999134	45.458543	408	A1	Hümmerich et al. (2020)
J030708.46+460837.7	263602242	46.785274	46.143806	220.93	A1	Hümmerich et al. (2020)
J031043.71+480727.8	263604028	47.682145	48.124412	160.49	A3	Hümmerich et al. (2020)
J032408.42+472013.1	263606127	51.035109	47.336994	84.51	A5	Shang et al. (2022)
J030339.08+472125.5	263610242	45.912844	47.357094	159.79	A2	Hümmerich et al. (2020)
J030614.98+485615.0	263616158	46.56211	48.938101	430.7	A2	Hümmerich et al. (2020)
J030447.29+491636.5	263616168	46.197047	49.276808	61.94	A5	Shi et al. (2023)
J030546.58+494728.7	263616228	46.444117	49.791332	189.2	A1	Shi et al. (2023)
J041542.45+442851.1	263701217	63.9268906	44.4808878	55.28	A2	Shang et al. (2022)
J041811.54+452108.3	263705023	64.5480989	45.3523075	88.68	A3	Shi et al. (2023)
J042721.93+455559.0	263706188	66.8414081	45.9330803	84.74	A5	Shang et al. (2022)
J042032.15+450915.0	263707028	65.1339994	45.1541875	261.56	A1	Shang et al. (2022)
J042248.93+474138.0	263709074	65.7038769	47.6938994	307.98	A3	Bernhard et al. (2021)
J042126.37+480751.2	263709084	65.3599128	48.1309064	148.04	A2	Shang et al. (2022)
J040511.96+471903.4	263714223	61.2998556	47.3176306	140.32	A3	Hümmerich et al. (2020)
J041355.84+473428.9	263715230	63.48268	47.5747119	63.62	A1	Shi et al. (2023)
J054844.18+522027.9	263806143	87.1841158	52.3410958	197.79	A6	Hümmerich et al. (2020)
J074919.49+051551.8	263916149	117.331238	5.264396	367.2	A5	Shi et al. (2023)
J033620.54+575723.8	264405234	54.0856	57.956633	159.81	A1	Hümmerich et al. (2020)
J034957.85+584620.8	264408080	57.4910619	58.7724658	57.05	A2	Bernhard et al. (2021)
J034550.78+592754.7	264409154	56.461586	59.465215	129.21	A1	Hümmerich et al. (2020)
J032623.18+583542.0	264410018	51.5966061	58.5950164	84.46	A5	Shang et al. (2022)
J041108.39+224931.9	264506214	62.78562861	22.82536861	442.13	A2	Shang et al. (2022)
J040832.16+243436.7	264509187	62.1340367	24.5768869	236.5	F0	Shi et al. (2023)
J054014.63+535418.3	264602043	85.0609961	53.9050903	66.96	A1	Shi et al. (2023)
J053901.26+540638.5	264610028	84.75387889	54.1107075	253.03	A7	Hümmerich et al. (2020)
J053910.74+541727.3	264610034	84.7947825	54.2909181	56.07	A1	Shi et al. (2023)
J053749.62+541330.7	264610194	84.4567897	54.2252128	177.75	A1	Hümmerich et al. (2020)
J062714.28+515557.6	264714034	96.8095344	51.9326747	58.75	A2	Shang et al. (2022)
J061757.75+363556.6	265115028	94.490659	36.59906	69.69	A3	Yang et al. (2024)
J061331.04+363118.5	265115161	93.379356	36.52183	60.83	A2	Shi et al. (2023)
J042020.11+361613.5	265206072	65.0838017	36.2704378	59.58	A2	Yang et al. (2024)
J040213.87+370957.1	265214091	60.55724139	37.16587194	312.31	A2	Hümmerich et al. (2020)
J063808.22-020649.8	265702165	99.534289	-2.113838	74.57	A1	Shi et al. (2023)
J064513.73-005452.9	265704007	101.3072461	-0.9147014	60.91	A7	Shang et al. (2022)
J064524.45-020257.8	265705013	101.351896	-2.049414	106.4	A1	Hümmerich et al. (2020)
J064636.75-021019.0	265705024	101.6531308	-2.1719542	80.57	A1	Shi et al. (2023)
J065512.16-000538.6	265713018	103.8006983	-0.0940636	79.2	A2	Shi et al. (2023)
J065238.50-003635.8	265713081	103.160434	-0.609957	107.83	A2	Shang et al. (2022)
J091353.86+534824.2	265816151	138.474444	53.806746	121.08	F0	Shang et al. (2022)
J050909.47+171217.1	266208223	77.28949	17.20476	121.25	A1	Shang et al. (2022)
J072031.89+022923.7	266502212	110.132875	2.489942	148.02	A2	Hümmerich et al. (2020)
J072009.48+023611.1	266502219	110.039529	2.603101	156.31	A5	Shang et al. (2022)
J071653.67+050509.4	266514120	109.223637	5.085951	210.09	A1	Hümmerich et al. (2020)
J071137.13+145114.6	267002051	107.90472	14.854082	117.84	A5	Shang et al. (2022)
J070837.00+164450.5	267003075	107.15418	16.747363	145.68	A2	Hümmerich et al. (2020)
J070827.49+155243.1	267010216	107.11458	15.878647	106.69	A7	Shang et al. (2022)
J233537.60+091744.9	267613139	353.9066983	9.2958208	78.75	A5	Yang et al. (2024)
J232451.07+100431.9	267616164	351.2128272	10.0755402	372.59	A1	Yang et al. (2024)
J062438.29+151552.3	267701152	96.159578	15.264533	97.51	A5	Yang et al. (2024)
J062513.47+151050.2	267701161	96.306165	15.180619	100.55	A1	Hümmerich et al. (2020)
J061719.74+153127.5	267702077	94.332274	15.524306	85.73	A2	Bernhard et al. (2021)
J062025.28+164738.4	267703097	95.105335	16.794007	118.42	A1	Shang et al. (2022)
J061947.33+162032.0	267703238	94.947248	16.342237	112.38	A5	Bauer-Fasching et al. (2024)
J062802.29+151202.1	267707043	97.009546	15.200591	84.73	A1	Bauer-Fasching et al. (2024)
J062859.49+152440.2	267707108	97.247911	15.41117	51.2	A5	Qin et al. (2019)
J062848.87+165211.4	267708026	97.203636	16.86986	119.7	A1	Shang et al. (2022)
J062921.80+165315.3	267708031	97.340874	16.887606	106.03	A2	Hümmerich et al. (2020)
J062742.82+154206.2	267708216	96.928449	15.701724	56.17	A1	Shang et al. (2022)
J062632.08+175637.1	267709119	96.633684	17.943645	56.43	A1	Shi et al. (2023)
J062715.76+174930.0	267709169	96.815698	17.825	111.5	A1	Hümmerich et al. (2020)
J062759.86+172007.8	267709210	96.999444	17.335522	114.69	A1	Hümmerich et al. (2020)
J062415.01+190901.2	267711196	96.062583	19.150343	102.71	A2	Bauer-Fasching et al. (2024)
J063138.96+184622.1	267712182	97.912345	18.772808	52.94	A3	Shi et al. (2023)
J063236.58+170759.2	267713085	98.152429	17.133138	72.84	A2	Shi et al. (2023)
J062229.78+183112.2	267716102	95.624099	18.520059	99.87	A1	Shang et al. (2022)
J062544.31+143659.9	267801022	96.434642	14.616645	86.87	A2	Shang et al. (2022)
J062652.56+145451.6	267801117	96.719026	14.914353	112.83	A1	Shi et al. (2023)
J062451.14+152611.6	267801168	96.213094	15.436576	139.93	A1	Hümmerich et al. (2020)
J062248.54+144850.5	267801231	95.70229	14.814032	109.4	A1	Hümmerich et al. (2020)
J062026.02+164821.3	267803097	95.108425	16.805919	156.31	A6	Shang et al. (2022)
J062630.83+171904.2	267804051	96.628486	17.317861	103.91	A2	Hümmerich et al. (2020)
J062529.19+160620.2	267805122	96.371641	16.105619	102.6	A3	Hümmerich et al. (2020)
J062511.12+160439.7	267805167	96.296356	16.077721	112.27	A2	Hümmerich et al. (2020)
J062832.29+150924.2	267807008	97.134562	15.156749	108.36	A6	Hümmerich et al. (2020)
J062849.58+153654.9	267807107	97.20661	15.61526	98.7	A2	Shang et al. (2022)
J062844.12+185544.5	267812054	97.183837	18.929046	85.09	A1	Shang et al. (2022)
J063316.20+180214.2	267813187	98.31754	18.037303	52.27	A2	Shi et al. (2023)
J092811.69-030126.7	267907048	142.0487245	-3.0241028	83.42	A6	Shang et al. (2022)
J062224.69+162335.6	268003052	95.60291	16.393248	96.29	A2	Shi et al. (2023)
J062614.15+164334.9	268003144	96.558973	16.726384	169.89	A1	Hümmerich et al. (2020)
J062647.61+155632.8	268004178	96.698411	15.94247	81.36	A2	Shi et al. (2023)
J062833.01+162806.1	268004188	97.137552	16.468375	140.45	A1	Hümmerich et al. (2020)
J062700.73+153645.9	268005055	96.753069	15.612763	119.4	A1	Hümmerich et al. (2020)
J063528.79+154429.2	268006078	98.869989	15.741471	72.64	A1	Shi et al. (2023)
J063801.75+151906.8	268006114	99.507307	15.318569	91.67	A1	Shang et al. (2022)
J063457.68+144325.0	268007088	98.740366	14.723637	65.62	A2	Shi et al. (2023)
J063133.19+154436.5	268008022	97.888303	15.743493	112.41	A2	Shi et al. (2023)
J063159.50+153209.9	268008025	97.997957	15.536102	62.56	A2	Shang et al. (2022)
J063249.51+154548.9	268008052	98.206301	15.763589	106.25	A1	Shang et al. (2022)
J063336.57+160531.8	268008093	98.402408	16.09217	92.32	A5	Shi et al. (2023)
J063011.96+150943.2	268008182	97.549855	15.162001	96.94	A1	Shi et al. (2023)
J063335.90+164910.6	268009185	98.399585	16.819614	83.44	A1	Yang et al. (2024)
J062708.44+174403.3	268011077	96.785204	17.734253	112.3	A2	Hümmerich et al. (2020)
J063036.12+181712.4	268011119	97.650513	18.286797	52.34	A1	Shang et al. (2022)
J063200.70+181151.7	268012068	98.002957	18.19772	64.38	A1	Shang et al. (2022)
J063421.70+170555.6	268013156	98.590423	17.098792	83.38	A2	Bernhard et al. (2021)
J062528.57+174112.4	268015170	96.369042	17.686805	83.61	A2	Shang et al. (2022)
J062206.69+180344.0	268016031	95.527878	18.062245	55.23	A1	Shi et al. (2023)
J031315.28+331930.4	268712159	48.3136933	33.3251319	125.99	A1	Hümmerich et al. (2020)
J063445.63-022938.0	268904209	98.690162	-2.493905	83.95	A1	Shi et al. (2023)
J063716.33-015020.6	268909073	99.318049	-1.839071	72.67	A2	Yang et al. (2024)
J063525.23-011456.2	268911058	98.855145	-1.24895	139.74	A1	Hümmerich et al. (2020)
J063604.61-010643.4	268911063	99.019226	-1.112074	75.25	F0	Shang et al. (2022)
J063936.88-004924.7	268912028	99.90315667	-0.8228	73.03	A1	Renson & Manfroid (2009)
J071714.65-014701.4	269001053	109.31106	-1.783742	87.53	A1	Shang et al. (2022)
J071906.26-014356.2	269001095	109.776096	-1.732279	97.3	A1	Shang et al. (2022)
J071436.47-012757.0	269002241	108.651518	-1.465834	150.96	A6	Shang et al. (2022)
J072506.32-004952.7	269006017	111.276353	-0.831317	139.96	A2	Shang et al. (2022)
J072415.37-003247.8	269006238	111.0640764	-0.5466236	138.28	A2	Hümmerich et al. (2020)
J071341.16+004610.8	269014085	108.4215319	0.7696775	58.14	A2	Shi et al. (2023)
J071804.95+012744.7	269015213	109.520637	1.462423	90.55	A1	Shi et al. (2023)
J071645.34+014850.0	269016121	109.188945	1.813892	65.75	A1	Shi et al. (2023)
J231352.73+364110.3	269115215	348.469727	36.686197	75.68	A2	Shang et al. (2022)
J053616.23+330222.3	269303081	84.067631	33.03953	89.86	A2	Yang et al. (2024)
J054027.66+333102.4	269304012	85.115281	33.517344	115.94	A1	Hümmerich et al. (2020)
J053910.08+320455.9	269305218	84.792037	32.082215	52.21	A1	Shang et al. (2022)
J055208.81+325410.6	269306094	88.036734	32.902953	95.88	A2	Shi et al. (2023)
J054809.07+314226.8	269307125	87.037803	31.707469	92.48	A2	Shang et al. (2022)
J055058.24+315904.9	269307180	87.74267	31.984701	76.68	A5	Shang et al. (2022)
J054555.88+322221.2	269308200	86.482862	32.372571	62.07	A1	Shi et al. (2023)
J054737.77+333835.0	269309012	86.907402	33.643058	74.72	A2	Shi et al. (2023)
J054556.93+342617.8	269309114	86.487243	34.438289	99.25	A1	Shi et al. (2023)
J053601.89+324756.5	269310211	84.007875	32.799036	112.08	A1	Hümmerich et al. (2020)
J054938.82+335756.5	269313249	87.411759	33.965695	50.75	A1	Shang et al. (2022)
J054238.87+335541.7	269315185	85.661992	33.928253	72.15	A2	Yang et al. (2024)
J000840.99+580213.2	269409114	2.170821	58.037002	104.5	A2	Hümmerich et al. (2020)
J235825.56+564224.7	269503193	359.6065036	56.7068761	308.68	A3	Hümmerich et al. (2020)
J000215.75+572853.3	269504046	0.565634	57.481496	244.97	A1	Shang et al. (2022)
J001407.53+553052.8	269507052	3.531396	55.514687	263.71	A2	Hümmerich et al. (2020)
J001345.60+562953.5	269508059	3.441007	56.498222	241.64	A1	Hümmerich et al. (2020)
J234915.69+560102.0	269510177	357.3154014	56.0172319	267.38	A1	Hümmerich et al. (2020)
J000343.52+591519.4	269511139	0.9313544	59.2554136	59.32	A1	Shang et al. (2022)
J000539.90+591953.6	269511222	1.416289	59.331576	80.39	A1	Yang et al. (2024)
J235227.95+572159.4	269514169	358.1164769	57.3665022	69.35	A2	Shi et al. (2023)
J234619.70+572939.4	269514236	356.582115	57.494299	58.57	A2	Shang et al. (2022)
J000514.73+580043.3	269515133	1.311391	58.011755	340.54	A7	Shang et al. (2022)
J073751.97-031517.4	269602206	114.466564	-3.254856	71.79	A5	Shang et al. (2022)
J081906.63+394303.9	269710122	124.777646	39.717773	291.91	A1	Hümmerich et al. (2020)
J230312.59+560926.9	270405110	345.802485	56.157484	54.91	A2	Shi et al. (2023)
J224645.04+563721.9	270410116	341.687691	56.622777	76.13	A2	Shang et al. (2022)
J055418.09+144509.2	271102061	88.575381	14.752577	63.32	A1	Shi et al. (2023)
J055025.65+143906.2	271102079	87.606877	14.65174	68.22	A1	Shi et al. (2023)
J055617.28+154235.1	271105175	89.072033	15.709755	66.69	A1	Shang et al. (2022)
J055831.67+150640.8	271108177	89.631969	15.111343	95.77	A2	Lu et al. (2025)
J060112.97+175147.5	271112096	90.304077	17.863195	62.37	A2	Shang et al. (2022)
J055403.76+165939.6	271115244	88.515703	16.994344	92.68	A5	Shang et al. (2022)
J231139.95+501530.9	271206245	347.916466	50.258603	124.66	A6	Shang et al. (2022)
J013405.86+271755.5	273501156	23.523386	27.298762	356.9	F0	Shang et al. (2022)
J030915.26+262955.5	273804144	47.313615	26.498775	215.24	A6	Hümmerich et al. (2020)
J041952.44+401551.1	273901119	64.9685389	40.2642117	133.73	A2	Hümmerich et al. (2020)
J041744.72+403036.2	273901175	64.4363628	40.5100558	146.42	A1	Hümmerich et al. (2020)
J041340.78+401349.4	273902011	63.4199256	40.2303958	64.08	A5	Yang et al. (2024)
J041442.44+404740.8	273905221	63.67648694	40.79469444	176.73	A1	Shang et al. (2022)
J042441.72+424439.2	273909191	66.1738602	42.7442231	118.51	A2	Hümmerich et al. (2020)
J224147.36+284058.5	274102004	340.447344	28.682941	90.06	A6	Shang et al. (2022)
J063144.06+175113.5	274301190	97.933621	17.853775	50.06	A2	Shi et al. (2023)
J062634.86+180238.4	274301231	96.645254	18.044023	80.33	A2	Shi et al. (2023)
J062940.02+191756.1	274305104	97.416778	19.29894	59.86	A1	Yang et al. (2024)
J062845.44+192720.4	274305171	97.189337	19.455667	64.23	A2	Shi et al. (2023)
J062441.95+192046.0	274305196	96.174825	19.346127	61.77	A1	Shi et al. (2023)
J063257.79+203008.1	274309011	98.240811	20.502264	80.61	A1	Shi et al. (2023)
J063041.20+205907.9	274309164	97.671681	20.98554	84.33	A2	Shi et al. (2023)
J062042.78+200646.4	274310003	95.17828	20.112904	51.85	A2	Shang et al. (2022)
J062058.63+211404.1	274314129	95.244331	21.234497	60.91	A2	Shang et al. (2022)
J062846.97+204827.0	274315115	97.195749	20.807502	69.52	A1	Shi et al. (2023)
J062357.09+204923.3	274403123	95.98788	20.823163	78.58	A2	Shi et al. (2023)
J063439.40+185340.6	274407187	98.664173	18.894632	52.03	A5	Yang et al. (2024)
J063030.27+190405.0	274408185	97.626159	19.068074	92.39	A1	Shang et al. (2022)
J063049.28+205721.5	274409159	97.705367	20.955997	61.28	A2	Shang et al. (2022)
J062909.08+210047.5	274415118	97.287862	21.013198	62.53	A1	Shi et al. (2023)
J021626.65+442611.9	274502193	34.109848	44.436644	530.76	A1	Shi et al. (2023)
J053333.97+303009.2	274701142	83.3915556	30.5025761	133.23	A2	Hümmerich et al. (2020)
J052414.79+302921.1	274702081	81.0616331	30.4892086	95.25	A1	Shang et al. (2022)
J052918.73+315413.4	274703185	82.3280433	31.9037403	219.59	A6	Yang et al. (2024)
J053435.60+322830.3	274704069	83.64837	32.4750894	128.31	A2	Shang et al. (2022)
J053011.10+315718.8	274704177	82.5462536	31.9552292	134.35	A2	Yang et al. (2024)
J053052.39+311610.1	274705037	82.7183203	31.2694906	202.85	A1	Renson & Manfroid (2009)
J054122.05+320906.9	274706042	85.3419119	32.1519281	99.72	A2	Shi et al. (2023)
J053908.76+313028.5	274706232	84.7865236	31.5079203	87.43	A2	Shi et al. (2023)
J053531.48+305432.1	274708216	83.8811794	30.9089308	180.28	A1	Hümmerich et al. (2020)
J052518.56+311919.8	274710166	81.3273386	31.3221792	51.37	A1	Yang et al. (2024)
J052340.01+311228.7	274710182	80.9167214	31.2079725	71.19	A1	Shang et al. (2022)
J053230.75+334553.3	274711098	83.12799694	33.7640275	423.7	A2	Yang et al. (2024)
J054018.50+321648.8	274713078	85.0771225	32.2802297	265.42	A5	Yang et al. (2024)
J054126.47+330231.6	274713109	85.3602992	33.0421189	59.15	A2	Shi et al. (2023)
J053320.79+333114.5	274715030	83.336665	33.5207172	123.85	A2	Hümmerich et al. (2020)
J053355.06+325544.2	274715106	83.4794503	32.9289478	115.65	A3	Hümmerich et al. (2020)
J052636.36+335553.0	274716054	81.6515272	33.9313972	177.31	A1	Shang et al. (2022)
J052856.71+341332.9	274716141	82.23633	34.2258267	92.12	A2	Shang et al. (2022)
J230352.02+573407.0	275004215	345.966774	57.568635	318.64	A2	Shang et al. (2022)
J225918.13+554247.1	275005081	344.825554	55.713105	127.49	A1	Hümmerich et al. (2020)
J225518.40+560355.8	275005240	343.826672	56.0655	297.61	A1	Hümmerich et al. (2020)
J230534.76+552703.1	275007044	346.39484	55.450876	98.04	A2	Shang et al. (2022)
J230758.24+572900.9	275009212	346.992314	57.483448	204.34	A2	Shi et al. (2023)
J224557.14+563836.7	275010106	341.489548	56.643752	328.3	B6	Shang et al. (2022)
J231037.91+584007.7	275012025	347.657979	58.668814	129.85	A1	Hümmerich et al. (2020)
J230159.71+575548.7	275015118	345.498793	57.930198	234.81	A2	Hümmerich et al. (2020)
J224927.99+584130.6	275016218	342.3666286	58.6918408	117.6	A1	Hümmerich et al. (2020)
J043138.10+451221.7	275203174	67.90844917	45.20630667	256.36	A1	Yang et al. (2024)
J043627.99+452006.9	275204207	69.1166369	45.3352644	76.63	F0	Yang et al. (2024)
J044402.34+440620.4	275207178	71.0097606	44.1056842	69	A2	Shi et al. (2023)
J042746.16+442043.4	275210172	66.9423519	44.3454041	66.75	A2	Shang et al. (2022)
J043017.07+465423.1	275216072	67.57086389	46.90643333	125.62	A1	Yang et al. (2024)
J052149.73+205817.2	275303127	80.4572097	20.9714722	169.54	F0	Shang et al. (2022)
J053318.54+201332.6	275306094	83.3272794	20.2257453	170.81	A1	Hümmerich et al. (2020)
J073949.90-030558.0	275402001	114.95815	-3.099854	214.16	A2	Hümmerich et al. (2020)
J075227.76-022747.8	275406122	118.115672	-2.463278	143.38	A1	Hümmerich et al. (2020)
J074948.06-024850.2	275407053	117.450284	-2.81396	71.24	A6	Shang et al. (2022)
J074830.59+002713.2	275412035	117.127014	0.453667	223.68	A2	Shi et al. (2023)
J073953.64-002625.6	275415064	114.973529	-0.440457	124.19	F0	Hümmerich et al. (2020)
J074104.88-003828.3	275415248	115.2698906	-0.64119639	282.53	A2	Shi et al. (2023)
J053125.46+414645.6	277401237	82.8560914	41.7793356	197.04	A1	Hümmerich et al. (2020)
J052812.16+415006.4	277402119	82.04997417	41.83513639	164.43	A2	Renson & Manfroid (2009)
J052945.56+440142.2	277403154	82.4398744	44.0283967	144.35	A5	Shi et al. (2023)
J053231.77+441954.1	277404028	83.1323906	44.3317039	94.64	A1	Shi et al. (2023)
J053239.91+434307.5	277404185	83.16621833	43.71783111	217.14	A2	Renson & Manfroid (2009)
J064549.01+484330.2	277509115	101.4542469	48.72506	118.83	A2	Shi et al. (2023)
J063314.52+481333.7	277514170	98.3105164	48.2260353	224.56	A7	Shang et al. (2022)
J064310.77+484123.2	277515121	100.7948775	48.6898008	67.53	A2	Shang et al. (2022)
J093551.74+093917.8	277705235	143.9656083	9.6549639	120.63	A2	Shi et al. (2023)
J053417.75+094007.0	278009211	83.5739733	9.6686222	56.31	A1	Shi et al. (2023)
J052402.47+095314.8	278014210	81.01031	9.8874711	66.51	A6	Yang et al. (2024)
J053204.19+103549.6	278015046	83.0174644	10.5971283	172.7	A1	Hümmerich et al. (2020)
J082332.11+491533.8	278103003	125.88283	49.259412	188.91	A1	Shi et al. (2023)
J061438.54+185358.5	278408161	93.660623	18.8996	76.75	A1	Shang et al. (2022)
J085723.66+510824.6	278508216	134.34859	51.140194	108.14	A2	Shang et al. (2022)
J085514.81+544628.3	278611048	133.811739	54.774535	141.89	A6	Shang et al. (2022)
J085636.29+535417.0	278612143	134.151225	53.9047333	95.86	A2	Shang et al. (2022)
J053049.19+195827.1	279006238	82.704985	19.97422	111.25	A1	Hümmerich et al. (2020)
J053016.78+203038.1	279008095	82.569946	20.510586	88.81	A1	Shang et al. (2022)
J052650.13+194527.8	279008151	81.708916	19.757738	52.71	F0	Yang et al. (2024)
J052659.70+212640.2	279009155	81.748789	21.444507	118.99	A5	Shang et al. (2022)
J051808.59+193558.4	279010047	79.535828	19.599557	59.29	A6	Shang et al. (2022)
J053158.15+204509.0	279013221	82.992293	20.752509	54.45	A3	Shi et al. (2023)
J052445.16+215547.6	279015208	81.188196	21.929908	132.49	F0	Yang et al. (2024)
J053038.73+182857.0	279107227	82.661404	18.4825	75.83	A7	Shang et al. (2022)
J074547.53+384011.0	279210072	116.44807	38.669729	98.49	F0	Shang et al. (2022)
J040012.28+273150.8	279605028	60.051206	27.530802	82.15	A2	Shang et al. (2022)
J002752.45+472110.0	282712153	6.9685536	47.352778	57.31	A1	Shang et al. (2022)
J052721.97+362258.5	284202008	81.841562	36.382943	83.24	A2	Yang et al. (2024)
J052946.37+381830.4	284204165	82.443221	38.308451	76.33	A1	Shi et al. (2023)
J053747.49+374221.7	284208131	84.447888	37.706038	73.01	A2	Yang et al. (2024)
J053302.04+390341.9	284215116	83.258508	39.061646	59.16	A5	Shang et al. (2022)
J052640.80+393607.7	284215160	81.670035	39.602141	87.24	A2	Shi et al. (2023)
J064036.18+162151.1	286005089	100.15078	16.364214	90.25	A2	Shi et al. (2023)
J064543.18+185447.5	286009051	101.42992	18.9132	64.17	A2	Shang et al. (2022)
J063512.68+174517.2	286014065	98.802841	17.754805	51.75	A1	Yang et al. (2024)
J063648.18+183143.0	286014097	99.200761	18.528622	90.08	A2	Shang et al. (2022)
J064226.95+181244.1	286015115	100.61231	18.212269	113.37	A6	Hümmerich et al. (2020)
J034111.37+243311.1	286111071	55.2974	24.5531042	136.88	A1	Shi et al. (2023)
J033735.94+245532.1	286111138	54.3997606	24.9255956	68.69	A7	Shang et al. (2022)
J053049.15+393224.7	286203244	82.7048178	39.5402019	133.92	A3	Hümmerich et al. (2020)
J053514.72+400556.0	286204155	83.8113586	40.098915	314.51	A3	Shang et al. (2022)
J054547.46+400703.6	286206027	86.4477636	40.1176883	192.34	A3	Hümmerich et al. (2020)
J054839.30+395046.4	286206149	87.1637672	39.8462228	70.64	A2	Bauer-Fasching et al. (2024)
J054301.11+383843.2	286207103	85.7546356	38.6453453	121.88	A1	Hümmerich et al. (2020)
J054221.28+400218.6	286208031	85.5886686	40.0385228	56.17	A5	Yang et al. (2024)
J054232.04+401616.6	286209233	85.6335292	40.2712844	68.34	A1	Shang et al. (2022)
J052900.00+403426.0	286214075	82.2500397	40.5739006	172.42	A1	Hümmerich et al. (2020)
J053840.17+413754.0	286215034	84.6673967	41.6316842	114.4	A5	Hümmerich et al. (2020)
J042521.99+232322.9	286912176	66.34162	23.38930444	242.23	A1	Shi et al. (2023)
J050435.61+530749.4	290403033	76.1483861	53.1303978	188.79	A1	Hümmerich et al. (2020)
J064404.72+414518.1	290501207	101.0196767	41.7550472	69.83	A1	Shang et al. (2022)
J065021.73+433020.7	290508023	102.5901778	43.50576278	204.43	A1	Shi et al. (2023)
J095644.95-021719.5	290701173	149.18825	-2.289015	597.87	A2	Renson & Manfroid (2009)
J051736.58+474219.8	290901200	79.4024317	47.7055081	97.03	A1	Yang et al. (2024)
J050806.70+473148.2	290902124	77.0279569	47.5300772	82.93	A2	Shang et al. (2022)
J050755.19+495727.0	290903161	76.9799683	49.9575228	63.77	A1	Faltová et al. (2021)
J050900.01+493815.1	290903189	77.2500653	49.6375306	249.45	A1	Hümmerich et al. (2020)
J052622.14+491939.8	290906160	81.59163528	49.32774417	205.86	A3	Hümmerich et al. (2020)
J080928.89+070703.8	291015041	122.3703917	7.1177389	81.14	A6	Hümmerich et al. (2020)
J080724.50+074638.7	291116145	121.852018	7.777027	307.16	A3	Hümmerich et al. (2020)
J060526.66+220000.8	293006170	91.361089	22.000244	73.42	A1	Shi et al. (2023)
J055555.36+230736.6	293015120	88.980694	23.126849	58.58	A2	Yang et al. (2024)
J054802.76+234459.1	293116080	87.0115	23.749764	63.4	B6	Shang et al. (2022)
J055112.50+240438.5	293116174	87.802098	24.077363	74.04	A1	Shang et al. (2022)
J063933.59+382004.2	293811146	99.8899675	38.3345264	195.11	A2	Shi et al. (2023)
J063256.06+370834.3	293816077	98.2335914	37.1428703	215.23	A2	Hümmerich et al. (2020)
J051633.04+384028.6	294301243	79.1377	38.674636	89.57	A1	Shang et al. (2022)
J051331.05+393032.4	294302231	78.379393	39.509024	102.97	A5	Yang et al. (2024)
J051511.47+402722.9	294303002	78.797813	40.456387	57.35	A1	Shi et al. (2023)
J051332.13+404625.5	294303046	78.383886	40.773767	104.4	A1	Lu et al. (2025)
J051238.86+411034.6	294303066	78.161948	41.176292	119.2	A2	Shang et al. (2022)
J051712.85+412958.5	294304028	79.303582	41.499611	81.84	A2	Shi et al. (2023)
J053050.43+405816.4	294306072	82.710131	40.971228	62.39	A1	Shi et al. (2023)
J052347.74+403307.6	294308135	80.948957	40.552117	90.04	A2	Shi et al. (2023)
J052313.27+420352.8	294309066	80.805318	42.064671	59.68	A5	Shang et al. (2022)
J050744.78+403832.4	294310106	76.936593	40.642335	102.91	A2	Shang et al. (2022)
J051054.19+404715.7	294310242	77.72582	40.78772	67.74	F0	Shang et al. (2022)
J050937.75+405250.4	294310250	77.407311	40.88068	78.24	A2	Shang et al. (2022)
J052329.37+423212.0	294312084	80.872392	42.536692	108.71	A1	Hümmerich et al. (2020)
J053123.10+414359.6	294313015	82.846261	41.733226	66.83	A1	Yang et al. (2024)
J052834.76+415159.5	294313109	82.144868	41.866551	56.74	A5	Shang et al. (2022)
J050659.11+412533.5	294314229	76.746332	41.425997	77.39	A2	Shi et al. (2023)
J051819.86+420800.6	294315024	79.582786	42.13351	77.85	A1	Shi et al. (2023)
J051543.39+422810.1	294315162	78.930793	42.469478	85.81	A2	Shi et al. (2023)
J051103.25+411219.7	294403065	77.763561	41.205485	53.32	A3	Shi et al. (2023)
J052723.76+401243.9	294406007	81.84904	40.212212	81.6	A1	Shi et al. (2023)
J053137.67+404641.9	294406059	82.906968	40.778313	61.83	A1	Shi et al. (2023)
J052639.56+403329.4	294406085	81.664851	40.558172	58.12	A1	Shang et al. (2022)
J052530.67+401619.8	294406239	81.377827	40.272183	76.55	A2	Shang et al. (2022)
J052213.53+402113.9	294408021	80.556394	40.353882	60.94	A1	Shi et al. (2023)
J052309.51+405040.3	294408234	80.789626	40.844534	65.35	A1	Shang et al. (2022)
J052242.69+403820.0	294408240	80.677912	40.638899	59.53	A1	Shi et al. (2023)
J050806.14+410249.6	294410009	77.025619	41.047115	52.49	A2	Shang et al. (2022)
J050550.55+405400.9	294410136	76.460643	40.900262	52.59	A2	Shang et al. (2022)
J051736.09+432153.7	294411138	79.400375	43.364918	108.35	A1	Shang et al. (2022)
J052549.02+425313.3	294412035	81.454253	42.887043	83.98	A2	Shi et al. (2023)
J051016.66+411941.0	294414067	77.56942	41.328072	91.05	A6	Shi et al. (2023)
J052025.88+422324.6	294415039	80.107874	42.390187	74.16	A1	Shi et al. (2023)
J043315.40+404158.8	295303099	68.314182	40.699679	110.11	A1	Hümmerich et al. (2020)
J043554.26+411654.8	295303207	68.976117	41.28189	56.67	A2	Shi et al. (2023)
J044625.96+401609.8	295308057	71.608193	40.269401	74.26	A2	Shang et al. (2022)
J044444.57+405504.3	295309008	71.185714	40.917867	61.42	A1	Shang et al. (2022)
J045206.40+410001.6	295313038	73.026693	41.00045	82.64	A2	Shi et al. (2023)
J043220.04+421336.4	295316196	68.083533	42.226785	63.98	A1	Shi et al. (2023)
J044516.36+412701.7	295409048	71.318185	41.450477	64.62	A2	Shang et al. (2022)
J065547.20+394333.1	296109110	103.9467	39.725863	69.17	A5	Shang et al. (2022)
J043356.86+343509.1	296907218	68.4869575	34.5858664	94.56	A1	Shi et al. (2023)
J041628.63+365718.9	296914235	64.1193297	36.9552561	77.39	A2	Shi et al. (2023)
J054433.85+332619.0	297001192	86.1410653	33.4386136	68.33	A2	Shang et al. (2022)
J054102.12+332331.1	297001221	85.2588706	33.3919739	197.51	A2	Renson & Manfroid (2009)
J054952.18+352212.6	297006050	87.467455	35.3701836	259.32	A2	Hümmerich et al. (2020)
J055154.28+350352.9	297006189	87.9761897	35.0647075	105.16	A5	Hümmerich et al. (2020)
J054850.62+350217.4	297006249	87.21024833	35.03818194	156.29	A2	Hümmerich et al. (2020)
J054635.71+331928.9	297007241	86.6488325	33.3247067	86.74	A1	Shang et al. (2022)
J054543.05+350259.7	297008011	86.4293769	35.0499297	132.79	A3	Hümmerich et al. (2020)
J054533.27+350244.8	297008020	86.3886422	35.0457853	95.91	A2	Shang et al. (2022)
J053230.06+352650.1	297010019	83.1252753	35.4472628	56.26	A1	Shi et al. (2023)
J053128.87+351112.3	297010106	82.87032	35.186775	65.23	A1	Shang et al. (2022)
J053207.60+351630.3	297010107	83.0316786	35.2750975	200.3	A1	Hümmerich et al. (2020)
J053315.94+351856.0	297010234	83.3164492	35.3155797	144.87	A2	Hümmerich et al. (2020)
J054353.85+373549.9	297011121	85.9744097	37.5972114	62.16	A1	Shi et al. (2023)
J054634.75+370200.6	297012095	86.6448194	37.0335119	140.01	A1	Hümmerich et al. (2020)
J055110.67+360517.0	297013217	87.7944753	36.0880628	116.07	A1	Hümmerich et al. (2020)
J065000.25+293255.8	297111215	102.5000922	29.54934917	141.76	A2	Hümmerich et al. (2020)
J133523.70+351338.1	297508106	203.848982	35.227522	191.2	A7	Renson & Manfroid (2009)
J024129.14+153829.5	298411124	40.370502	15.641533	432.97	A6	Shang et al. (2022)
J024153.54+212134.4	299202130	40.4730958	21.3595778	82.28	A5	Shang et al. (2022)
J030633.66+025615.7	300011077	46.64027	2.9376972	246.68	A1	Renson & Manfroid (2009)
J030223.14+022107.7	300014086	45.596441	2.352148	160.74	A5	Yang et al. (2024)
J052547.85+320155.5	300801060	81.449397	32.032102	95.86	A2	Yang et al. (2024)
J053242.16+325256.2	300808115	83.175674	32.8823	94.15	A2	Shi et al. (2023)
J052812.71+354813.0	300811187	82.052978	35.803615	93.86	A2	Shi et al. (2023)
J051731.69+335042.0	300814042	79.382081	33.845004	70.87	A1	Shang et al. (2022)
J052728.58+343710.6	300815192	81.869092	34.61962	103.1	A5	Yang et al. (2024)
J052021.49+350137.1	300816089	80.089565	35.026985	56.29	A1	Shi et al. (2023)
J071637.05+160236.1	300908009	109.15438	16.04338	95.8	A1	Shi et al. (2023)
J071750.10+173858.9	300909063	109.45878	17.649706	105.14	A2	Hümmerich et al. (2020)
J020415.91+503019.4	301505149	31.06755333	50.50546778	687.02	A1	Hümmerich et al. (2020)
J021147.71+515247.3	301509140	32.949017	51.880303	235.3	A3	Hümmerich et al. (2020)
J021604.89+515257.0	301513224	34.020397	51.882503	94.98	A1	Shang et al. (2022)
J143944.28+190720.3	303309158	219.9345078	19.1223325	247.31	A7	Renson & Manfroid (2009)
J020540.29+481211.5	306909087	31.4179081	48.2031948	88.82	A7	Shang et al. (2022)
J020921.65+471008.4	306909134	32.339379	47.16972	242.35	A1	Hümmerich et al. (2020)
J015135.90+482038.2	306916204	27.899612	48.343958	86.15	A7	Shang et al. (2022)
J051058.69+441928.2	307302249	77.7445692	44.3245083	230.57	A1	Shi et al. (2023)
J051401.87+444849.5	307305042	78.5078317	44.8137519	138.68	A2	Shi et al. (2023)
J052913.42+451155.4	307306166	82.3059497	45.1987431	63.18	A1	Shi et al. (2023)
J052236.78+455127.7	307308031	80.6532889	45.8577147	51.48	F0	Shang et al. (2022)
J052113.18+445859.8	307308118	80.30427556	44.98327972	254.54	A2	Shi et al. (2023)
J051922.65+451350.7	307308152	79.8443928	45.2307644	249.45	A2	Hümmerich et al. (2020)
J055328.06+483611.6	307401098	88.3669331	48.6032486	55.53	A1	Shi et al. (2023)
J033602.88-022142.8	307903093	54.011142	-2.361902	676.54	A1	Renson & Manfroid (2009)
J033843.31+412238.8	308005150	54.6804786	41.3774606	138.71	A1	Shi et al. (2023)
J051245.86+582205.1	308103212	78.1910936	58.3680983	144.31	A1	Shang et al. (2022)
J050230.72+582514.3	308114049	75.6280092	58.4206592	194.73	A3	Hümmerich et al. (2020)
J063343.73+582308.1	308216090	98.4322122	58.3856103	178.94	A1	Shi et al. (2023)
J045326.71+431606.5	309101060	73.3613033	43.2684744	166.69	A1	Shi et al. (2023)
J045853.81+450240.8	309104232	74.7242192	45.0446786	59.05	A2	Shang et al. (2022)
J045131.00+434515.7	309105214	72.8791814	43.7543883	199.31	A2	Shi et al. (2023)
J045148.66+435755.1	309105235	72.9527817	43.9653208	169.43	A2	Hümmerich et al. (2020)
J050938.25+443001.2	309106170	77.4093956	44.5003356	55.35	A2	Shi et al. (2023)
J050143.90+440946.2	309108128	75.4329442	44.1628606	108.95	A2	Hümmerich et al. (2020)
J044605.51+435344.1	309110028	71.5229797	43.8955839	235.69	A2	Hümmerich et al. (2020)
J045808.28+465625.9	309111075	74.5345164	46.9405308	176.01	A1	Hümmerich et al. (2020)
J045443.04+464530.0	309111097	73.6793614	46.7583419	79.92	A2	Shi et al. (2023)
J131539.59+182956.4	309604143	198.9149875	18.499025	184.61	A2	Shang et al. (2022)
J043556.24+335915.1	309803065	68.9843639	33.9875328	50.44	A1	Shi et al. (2023)
J044502.05+331106.2	309808168	71.2585642	33.1850561	71.35	A1	Shang et al. (2022)
J044214.27+353207.6	309811076	70.5594614	35.5354467	79.57	A2	Shi et al. (2023)
J044023.56+352551.7	309816109	70.09764111	35.43105	204.08	A2	Yang et al. (2024)
J070112.08+493057.3	309901054	105.3003647	49.5159339	189.73	A1	Shi et al. (2023)
J051342.82+253529.4	312806207	78.428452	25.591524	56.28	A3	Shi et al. (2023)
J060449.43+324135.3	312905204	91.2059764	32.6931647	128.56	A2	Shi et al. (2023)
J061334.87+331413.9	312906229	93.3953167	33.2371953	93.82	A7	Shi et al. (2023)
J061414.44+343824.8	312909180	93.5601792	34.6402389	88.62	A2	Shi et al. (2023)
J055843.64+335405.3	312910011	89.6818519	33.9014828	60.64	A1	Shang et al. (2022)
J060005.39+332226.9	312910166	90.022465	33.37416	75.22	A1	Shi et al. (2023)
J060431.41+350633.1	312915243	91.1308839	35.1092092	194.51	A2	Hümmerich et al. (2020)
J060258.43+354415.6	312916157	90.7434781	35.7376869	101	A1	Yang et al. (2024)
J082002.55+000809.3	313115024	125.01065	0.1359222	224.97	A6	Shi et al. (2023)
J064055.40+200651.7	313702050	100.2308519	20.1143644	72.87	F0	Shang et al. (2022)
J063857.93+201744.9	313702172	99.7414158	20.2958183	59.15	A2	Shang et al. (2022)
J064116.67+202807.4	313702177	100.3194922	20.4687453	63.42	F0	Yang et al. (2024)
J064826.33+203755.5	313705130	102.1097175	20.6321108	375.2	A1	Hümmerich et al. (2020)
J065444.54+202931.2	313706214	103.68562	20.49202	117.78	A1	Hümmerich et al. (2020)
J065135.29+205612.8	313708147	102.8963192	20.93701861	543.09	A2	Hümmerich et al. (2020)
J065401.04+213810.3	313709237	103.5043375	21.6362219	230.88	A2	Hümmerich et al. (2020)
J063838.65+210308.3	313710090	99.6610711	21.0523192	92.51	A2	Shang et al. (2022)
J065212.00+230602.7	313712092	103.0500006	23.1007747	81.36	A1	Shang et al. (2022)
J064158.41+223927.2	313714086	100.4933797	22.6575767	88.63	A5	Hümmerich et al. (2020)
J064136.65+230417.2	313716081	100.4027314	23.0714592	95.76	A1	Shi et al. (2023)
J082205.35+051409.8	313802089	125.5223281	5.2360797	80.08	A1	Hümmerich et al. (2020)
J084546.89+054048.1	313915140	131.444626	5.680038	191.73	A7	Shi et al. (2023)
J120632.73+521507.9	314104062	181.636095	52.252196	471.8	A2	Shi et al. (2023)
J083901.08+111620.7	314515212	129.7545292	11.2724361	77.71	A7	Shi et al. (2023)
J145902.97+370243.1	315009154	224.7624083	37.0453333	140.98	A5	Hümmerich et al. (2020)
J045806.05+374331.4	315101074	74.525211	37.725398	76.3	A2	Bauer-Fasching et al. (2024)
J045839.91+385430.7	315105062	74.666321	38.908534	52.09	A1	Shang et al. (2022)
J050513.72+405215.4	315109060	76.307194	40.870959	86.94	A3	Shi et al. (2023)
J044952.76+393705.2	315110005	72.469834	39.618118	61	A2	Qin et al. (2019)
J045831.29+420531.8	315111146	74.630383	42.092177	61.22	A2	Shang et al. (2022)
J050127.98+415723.3	315111212	75.366595	41.956477	55.55	A1	Shi et al. (2023)
J053725.00+382012.2	316409236	84.354197	38.33673	87.03	A1	Faltová et al. (2021)
J053713.26+401136.8	316412046	84.305284	40.19357	55.1	A3	Shi et al. (2023)
J050345.92+164732.6	317802018	75.941335	16.792414	52.44	A1	Shang et al. (2022)
J053902.89+334354.5	319901106	84.762046	33.731823	90.3	A2	Yang et al. (2024)
J053515.48+354951.9	319904012	83.81454	35.831089	95.89	A1	Shi et al. (2023)
J053035.53+351551.9	319910242	82.648062	35.264441	50	A1	Shi et al. (2023)
J053627.06+371247.3	319911093	84.112783	37.213166	52.64	A5	Shang et al. (2022)
J054536.08+365939.5	319912020	86.40034	36.99432	88.15	A1	Shi et al. (2023)
J053012.69+355215.5	319914051	82.552916	35.870998	63.96	A1	Shang et al. (2022)
J053504.20+364051.0	319915077	83.767519	36.680842	72.5	A1	Shang et al. (2022)
J054628.69+400917.0	321102199	86.619577	40.154724	56.58	A1	Shang et al. (2022)
J055000.00+411528.6	321103078	87.500025	41.257972	83.44	A1	Shang et al. (2022)
J055001.05+415017.4	321103116	87.504375	41.838187	112.21	A2	Shi et al. (2023)
J060816.05+412036.0	321113072	92.066875	41.34334	76.17	A1	Shang et al. (2022)
J062542.29+382416.0	321706020	96.426214	38.404465	131.39	A1	Shang et al. (2022)
J061457.97+412840.8	321711023	93.741574	41.478019	111.73	A2	Bernhard et al. (2021)
J053504.75-012406.5	326903193	83.76893472	-1.40182611	559.11	A2	Renson & Manfroid (2009)
J053439.95-015728.1	326905179	83.66599389	-1.95782389	385.29	A2	Hümmerich et al. (2020)
J052834.12-011304.8	326914041	82.1421858	-1.2180108	158.36	A7	Shang et al. (2022)
J065446.56+162554.2	327706098	103.6940106	16.4317267	76.03	A5	Shang et al. (2022)
J065201.57+165011.3	327709239	103.0065453	16.8364828	72.22	A3	Shi et al. (2023)
J064022.55+173006.4	327714160	100.093965	17.5017886	74.66	A1	Shang et al. (2022)
J064742.93+173216.4	327715106	101.9288811	17.5379025	71.54	A5	Shang et al. (2022)
J072734.90+243638.4	327807055	111.8954436	24.61067	67.04	A1	Shang et al. (2022)
J081024.89+382402.2	327912151	122.60283	38.400638	425.73	A2	Hümmerich et al. (2020)
J055539.90+171036.9	330902150	88.916274	17.176927	112.55	A2	Hümmerich et al. (2020)
J060706.46+182520.4	330906076	91.776953	18.422349	73.42	A1	Shang et al. (2022)
J060424.74+180507.9	330908103	91.103092	18.085534	88.75	A1	Shang et al. (2022)
J061112.14+193718.4	330913015	92.80061	19.6218	70.41	A1	Yang et al. (2024)
J085317.51+190751.0	331107186	133.322999	19.13086	306.29	A7	Shang et al. (2022)
J063101.77+255758.7	333501006	97.757403	25.966326	67.21	A2	Shang et al. (2022)
J063057.21+275704.5	333504119	97.7384	27.951268	89.86	A7	Shang et al. (2022)
J072839.87+195329.5	334801025	112.1661367	19.8915303	130.83	A7	Shi et al. (2023)
J073412.90+233103.6	334812016	113.5537581	23.5176719	65.28	A5	Shang et al. (2022)
J082326.74+072116.4	335006038	125.861425	7.3545667	147.52	A7	Hümmerich et al. (2020)
J082137.47+064401.0	335008133	125.4061569	6.7336283	75.96	A5	Shi et al. (2023)
J081606.91+091544.9	335011176	124.028801	9.262479	152.69	A1	Shi et al. (2023)
J071414.17-045039.5	336008144	108.559083	-4.844332	71.69	A1	Shang et al. (2022)
J164843.01-001010.8	340307141	252.178749	-0.169694	190.01	A7	Hümmerich et al. (2020)
J163458.89+004659.8	340310222	248.74538	0.783283	198.21	A1	Shi et al. (2023)
J181409.49+053445.1	347806204	273.5395631	5.5791975	84.78	A5	Hümmerich et al. (2020)
J133835.32+100716.1	350011056	204.647958	10.121274	216.74	A5	Shang et al. (2022)
J184217.44+283421.1	350507198	280.5727042	28.572555	122.3	A5	Hümmerich et al. (2020)
J184021.60+273858.7	350507227	280.09002	27.649647	115.24	A1	Hümmerich et al. (2020)
J032213.87+420343.3	353410056	50.557802	42.062042	57.55	A1	Shang et al. (2022)
J032343.27+442245.4	353416191	50.930297	44.379289	87.72	A2	Bernhard et al. (2021)
J040821.52+530322.1	354101164	62.0897039	53.0561603	50.82	A1	Shi et al. (2023)
J041121.82+545540.8	354104055	62.840614	54.928014	162.33	A1	Hümmerich et al. (2020)
J040755.56+534052.7	354105050	61.981538	53.681314	70.44	A1	Hümmerich et al. (2020)
J040821.24+540118.4	354105151	62.088209	54.022028	64.09	A1	Shi et al. (2023)
J040314.83+534717.4	354105231	60.811792	53.788183	115.7	A1	Hümmerich et al. (2020)
J041853.87+532433.8	354107057	64.7244817	53.4094042	63.84	F0	Yang et al. (2024)
J041054.75+563527.9	354111065	62.728146	56.591098	113.31	A2	Shang et al. (2022)
J042244.17+554812.2	354113193	65.6840822	55.8034108	139.68	A1	Shi et al. (2023)
J040723.45+553340.0	354115200	61.847716	55.561124	154.61	A1	Hümmerich et al. (2020)
J040153.23+564120.6	354116136	60.471811	56.689057	86.58	A7	Shang et al. (2022)
J191919.97+445702.2	354201241	289.8332234	44.9506171	85.37	F0	Yang et al. (2024)
J042104.15+033648.2	354915155	65.267299	3.613391	156.37	A1	Hümmerich et al. (2020)
J195347.39+432833.7	355102109	298.4474622	43.4760467	92.16	A1	Shang et al. (2022)
J200121.94+443825.0	355108185	300.3414458	44.6403026	136.76	A5	Shang et al. (2022)
J195049.29+462249.9	355114165	297.7053805	46.3805416	146.21	A1	Bauer-Fasching et al. (2024)
J192524.14+431911.5	359902154	291.3506	43.319875	169.83	A5	Hümmerich et al. (2020)
J043752.46+533259.6	361704164	69.4686006	53.5499106	323.77	A1	Qin et al. (2019)
J043752.79+531403.8	361704185	69.46996	53.2344108	384.16	A5	Shang et al. (2022)
J044313.88+532544.2	361704232	70.8078589	53.4289486	548.04	A2	Hümmerich et al. (2020)
J043606.52+525230.1	361705068	69.02718444	52.87418556	883.91	A2	Shang et al. (2022)
J045231.70+521713.4	361706112	73.13150028	52.28752	580.43	A5	Hümmerich et al. (2020)
J044806.39+523622.3	361706243	72.0251125	52.60629917	850.15	A1	Shang et al. (2022)
J044438.65+520101.7	361708215	71.16107	52.0171439	335.43	F0	Yang et al. (2024)
J042530.07+531337.4	361710102	66.3753289	53.2270719	109.93	A1	Shang et al. (2022)
J044844.83+553503.0	361712248	72.186825	55.5841692	354.33	A1	Shi et al. (2023)
J042656.80+542914.7	361714020	66.7367083	54.4874444	139.69	A2	Shang et al. (2022)
J042410.69+540958.6	361714236	66.0445683	54.1662981	53.4	A1	Shi et al. (2023)
J043814.39+542341.7	361715181	69.5599731	54.3949314	219.05	A1	Hümmerich et al. (2020)
J202911.89+480512.1	361801152	307.29955	48.08671	425.87	A2	Shi et al. (2023)
J202442.26+501011.6	361803222	306.1760864	50.169915	108.66	A1	Shi et al. (2023)
J203337.82+480113.3	361807040	308.407614	48.020384	342.74	A2	Hümmerich et al. (2020)
J203832.49+494042.5	361808097	309.635397	49.678496	351.23	A2	Shi et al. (2023)
J203316.93+490924.4	361808165	308.320581	49.156798	106.74	A1	Shang et al. (2022)
J202858.10+512216.4	361811095	307.240808	51.371703	491.31	A6	Shang et al. (2022)
J204308.71+504709.0	361812211	310.7863306	50.7858372	141.47	A1	Hümmerich et al. (2020)
J204025.20+502332.6	361813244	310.105245	50.392952	576.91	A2	Shi et al. (2023)
J230109.50+504046.3	361904197	345.289692	50.679907	557.28	F0	Yang et al. (2024)
J225737.31+492342.7	361905223	344.405465	49.395222	130.4	A2	Hümmerich et al. (2020)
J231627.64+503643.5	361906057	349.115188	50.612088	64.09	A6	Yang et al. (2024)
J230557.44+493021.4	361908207	346.489344	49.505966	206.23	A1	Shang et al. (2022)
J230905.79+523711.2	361912032	347.272679	52.619801	786.37	A2	Renson & Manfroid (2009)
J230613.71+522501.7	361912144	346.556428	52.417574	238.87	A2	Shi et al. (2023)
J190800.15+444432.3	362015104	287.00064	44.742329	184.29	A1	Shang et al. (2022)
J185821.27+434926.5	362110250	284.5886559	43.8240314	278.15	A5	Hümmerich et al. (2020)
J190408.42+445439.4	362115243	286.035117	44.910964	110.32	A5	Shang et al. (2022)
J045551.83+391130.4	362403037	73.965998	39.191791	54.97	A1	Shang et al. (2022)
J050205.88+403800.1	362409119	75.524524	40.63338	86.32	A2	Hümmerich et al. (2020)
J050654.54+402847.3	362413174	76.727251	40.479813	56.42	A1	Shang et al. (2022)
J045552.39+414726.8	362416233	73.968296	41.790794	61.06	A1	Shi et al. (2023)
J014525.85+311349.3	362505009	26.357734	31.230368	90.13	A2	Shi et al. (2023)
J014307.23+304248.1	362601054	25.7801314	30.7133781	90.2	F0	Shang et al. (2022)
J195435.22+484704.7	362713036	298.64676	48.784649	206.43	A1	Shang et al. (2022)
J194636.78+473054.9	362808124	296.65329	47.515259	99.2	F0	Shang et al. (2022)
J195231.79+484038.3	362813076	298.13248	48.67733	176.76	A2	Shi et al. (2023)
J050107.70+424553.9	363101175	75.282116	42.764994	50.54	A2	Shang et al. (2022)
J045554.38+430306.5	363102239	73.976584	43.051824	81.64	A1	Shi et al. (2023)
J045930.52+442706.3	363104164	74.87718	44.451759	57.03	A1	Shi et al. (2023)
J045941.25+433749.5	363105157	74.921899	43.630417	57.13	A1	Shi et al. (2023)
J051044.52+442022.5	363106038	77.685534	44.339594	63.36	A1	Bauer-Fasching et al. (2024)
J051323.41+431440.2	363106111	78.347581	43.244501	76.92	A3	Shi et al. (2023)
J050716.61+424937.2	363107125	76.81921	42.827017	56.86	A3	Shang et al. (2022)
J050536.57+453636.6	363109065	76.402379	45.610181	51.04	A1	Bernhard et al. (2021)
J045122.62+433320.1	363110048	72.844255	43.5556	86.13	A1	Shang et al. (2022)
J051209.20+451034.2	363113118	78.038345	45.176186	85.58	A5	Yang et al. (2024)
J022113.98+381906.4	363210053	35.3082755	38.3184691	136.28	A1	Hümmerich et al. (2020)
J023800.44+374400.0	363307193	39.501862	37.733338	114.32	A1	Hümmerich et al. (2020)
J022649.57+401914.2	363315154	36.7065778	40.32063	106.41	A6	Shang et al. (2022)
J193710.44+472941.3	363513049	294.293517	47.494811	82.63	A7	Shang et al. (2022)
J043016.97+430139.0	364001151	67.57074	43.027522	60.8	A1	Shi et al. (2023)
J042303.74+433121.7	364002183	65.765613	43.522703	52.64	A2	Shi et al. (2023)
J042756.29+442830.8	364004152	66.984573	44.475227	79.95	A3	Shi et al. (2023)
J042906.36+442429.2	364004200	67.27654	44.408128	57.71	A3	Shi et al. (2023)
J043726.24+430603.6	364007111	69.359342	43.10102	63.68	A2	Shi et al. (2023)
J043843.27+431517.5	364007189	69.680293	43.25487	72.46	A2	Shi et al. (2023)
J041920.29+433549.7	364010199	64.834549	43.597161	52.9	A6	Shi et al. (2023)
J042117.91+455656.2	364016097	65.324651	45.948971	67.55	A1	Shi et al. (2023)
J200814.38+464916.2	364212165	302.059925	46.821183	444.21	A1	Hümmerich et al. (2020)
J195314.26+445712.4	364305189	298.30945	44.953461	117.27	A1	Hümmerich et al. (2020)
J195506.34+442900.6	364305215	298.77643	44.483521	267.77	A5	Shi et al. (2023)
J200544.86+434645.9	364307226	301.436917	43.779425	194.78	A1	Hümmerich et al. (2020)
J200401.73+473558.8	364312055	301.007237	47.599683	83.87	A1	Shi et al. (2023)
J195524.77+470458.0	364315152	298.85324	47.08279	119.12	A5	Shang et al. (2022)
J001122.56+213338.2	364516082	2.844015	21.560612	176.44	F0	Shang et al. (2022)
J045638.42+423010.0	364901130	74.160086	42.502779	58.19	A1	Shi et al. (2023)
J044803.56+435225.7	364903089	72.014834	43.873815	73.96	A1	Shi et al. (2023)
J044705.22+442052.3	364903106	71.771786	44.347882	68.62	A1	Shang et al. (2022)
J045051.13+440441.0	364903166	72.713078	44.078071	79.61	A1	Shang et al. (2022)
J045055.53+430155.9	364905226	72.731375	43.032221	63.65	A1	Shi et al. (2023)
J045633.21+432151.5	364908155	74.138404	43.364322	56.08	A1	Shang et al. (2022)
J220052.34+411659.6	365411182	330.2181	41.283226	139.1	A2	Hümmerich et al. (2020)
J220233.23+400005.1	365515116	330.63849	40.001431	299.24	A7	Yang et al. (2024)
J185444.61+482024.7	365812135	283.68591	48.34021	61.45	A5	Shang et al. (2022)
J195144.98+413415.8	367704240	297.93744	41.571072	100.48	A1	Shi et al. (2023)
J195251.15+403621.4	367708102	298.21283	40.605961	233.23	A2	Hümmerich et al. (2020)
J195344.32+414104.1	367809021	298.4346778	41.6844787	550.34	A1	Hümmerich et al. (2020)
J195322.96+425001.1	367809051	298.345671	42.833661	69.29	A7	Shang et al. (2022)
J194611.22+391333.3	367901250	296.5467882	39.225942	282.1	A3	Hümmerich et al. (2020)
J194426.68+404628.5	367905188	296.110712	40.774739	353.18	F0	Shang et al. (2022)
J192943.76+422930.6	369006034	292.43237	42.491859	91.54	A1	Shi et al. (2023)
J192849.26+413551.7	369106013	292.20544	41.59729	394.02	A1	Shi et al. (2023)
J192151.34+450655.3	369111209	290.4639457	45.1153752	203.01	A2	Hümmerich et al. (2020)
J071954.41+051936.0	369601095	109.9767344	5.3266786	137.31	A1	Hümmerich et al. (2020)
J071324.57+053933.8	369602036	108.3523828	5.6594006	221.78	A1	Shi et al. (2023)
J071113.33+055418.0	369602168	107.8055772	5.9050156	188.53	A1	Hümmerich et al. (2020)
J071535.85+054343.4	369602248	108.89957	5.72843861	236.7	A1	Hümmerich et al. (2020)
J071518.37+073007.7	369603056	108.82658	7.5021392	82.88	F0	Yang et al. (2024)
J071434.25+064339.7	369603240	108.642725	6.7277089	85.51	A2	Hümmerich et al. (2020)
J071756.31+064850.9	369604179	109.4846356	6.8141533	83.58	A6	Shang et al. (2022)
J072318.82+082617.7	369609059	110.8284167	8.4382744	64.91	A7	Hümmerich et al. (2020)
J072535.29+072629.2	369609128	111.397079	7.44145	202.14	A3	Hümmerich et al. (2020)
J071958.04+084727.9	369611245	109.9918431	8.79111	87.8	A1	Hümmerich et al. (2020)
J192630.17+380251.8	369808193	291.62573	38.047741	107.28	A1	Hümmerich et al. (2020)
J205833.03+014019.0	370210220	314.6376261	1.6719497	101.3	A7	Shang et al. (2022)
J061913.90+185953.3	370606185	94.807932	18.998161	107.96	A1	Hümmerich et al. (2020)
J061845.15+190925.3	370606241	94.68813	19.157049	110.04	A1	Hümmerich et al. (2020)
J061600.12+205214.4	370609063	94.000502	20.870692	74.32	A1	Shi et al. (2023)
J061746.18+211253.2	370612019	94.442421	21.214802	51.96	A1	Shang et al. (2022)
J060523.04+213337.4	370616032	91.346009	21.560396	80.98	A1	Shi et al. (2023)
J001521.75+472055.2	370709059	3.840641	47.348687	165.77	F0	Yang et al. (2024)
J235740.51+470001.7	370714018	359.417795	47.00066	316.33	A2	Renson & Manfroid (2009)
J001137.65+473203.2	370715035	2.907211	47.534099	171.83	A2	Hümmerich et al. (2020)
J211459.99+284325.1	370802096	318.749994	28.723648	67.02	F0	Shang et al. (2022)
J212911.89+294643.3	370806090	322.299552	29.778719	73.25	A1	Lu et al. (2025)
J212534.12+291845.9	370808102	321.3921708	29.3127746	81.06	A2	Shi et al. (2023)
J212707.61+302650.2	370809015	321.781747	30.447287	81.01	A2	Shang et al. (2022)
J212443.39+314411.4	370815034	321.180792	31.736526	56.41	A1	Shi et al. (2023)
J225305.36+315027.5	370910005	343.2723739	31.8409856	73.91	A6	Yang et al. (2024)
J060820.34+005411.7	371501031	92.0847672	0.9032658	82.62	A1	Hümmerich et al. (2020)
J060343.72+013555.5	371502180	90.9322061	1.5987692	86.43	A1	Hümmerich et al. (2020)
J061030.89+032858.7	371504217	92.6278325	3.48297389	195.65	A1	Renson & Manfroid (2009)
J061143.58+025133.3	371504232	92.93161	2.8592644	61.89	A7	Hümmerich et al. (2020)
J061245.79+021300.8	371508005	93.1908169	2.2169075	168.59	A5	Shang et al. (2022)
J061234.25+012448.4	371508201	93.1427308	1.41346	107.44	A1	Shang et al. (2022)
J061312.69+013350.3	371508211	93.3029056	1.5639989	69.64	A1	Hümmerich et al. (2020)
J061114.05+035146.8	371509119	92.80766833	3.86293694	217.3	A2	Renson & Manfroid (2009)
J061455.58+032317.5	371509180	93.7315953	3.3882017	101.2	A1	Hümmerich et al. (2020)
J060815.12+045107.6	371511025	92.0630094	4.8521308	135.59	A1	Hümmerich et al. (2020)
J060820.73+051313.4	371511132	92.0863847	5.2204033	82.18	A1	Shi et al. (2023)
J061329.24+041213.9	371512094	93.3718358	4.2038817	122.65	A1	Hümmerich et al. (2020)
J061434.73+050332.4	371512232	93.6447106	5.0590061	90.8	A5	Hümmerich et al. (2020)
J060859.34+034727.4	371515012	92.24800833	3.79124056	305.22	A1	Renson & Manfroid (2009)
J061043.41+035650.9	371515143	92.6808883	3.9474925	145.61	A1	Shang et al. (2022)
J060940.01+035028.3	371515150	92.4167303	3.8412008	61.73	A2	Hümmerich et al. (2020)
J060648.82+045534.5	371516146	91.7034261	4.926265	151.19	A2	Shang et al. (2022)
J212808.78+062305.9	372501095	322.036597	6.384978	81.05	A1	Shang et al. (2022)
J065534.96+135953.3	372802234	103.89568	13.99814	86.07	A1	Shi et al. (2023)
J070604.68+145303.0	372806249	106.51954	14.884169	120.59	A7	Hümmerich et al. (2020)
J070522.45+132745.7	372807234	106.34358	13.462702	91.12	A7	Shang et al. (2022)
J070008.36+165208.0	372815049	105.03484	16.868889	53.04	A1	Shi et al. (2023)
J065551.61+174248.1	372816239	103.96508	17.713376	75.17	A5	Faltová et al. (2021)
J205437.48+362805.1	373004062	313.6562014	36.4681028	79.55	A1	Shang et al. (2022)
J204745.26+352234.0	373005185	311.9386242	35.3761375	61.2	A1	Shang et al. (2022)
J205820.49+340411.3	373007236	314.585393	34.069826	101.46	A2	Hümmerich et al. (2020)
J205711.99+362112.8	373009009	314.299981	36.353559	165.15	A2	Hümmerich et al. (2020)
J210017.28+361548.8	373009234	315.0720028	36.26357	85.51	A1	Yang et al. (2024)
J204414.50+350259.6	373010036	311.0604378	35.0499058	74.21	A1	Shang et al. (2022)
J204152.76+354149.4	373010113	310.469851	35.697083	65.24	A1	Shang et al. (2022)
J204216.10+360057.0	373010137	310.5670939	36.01584	107.29	A1	Hümmerich et al. (2020)
J204202.50+355854.5	373010142	310.5104439	35.9818192	61.18	A1	Shang et al. (2022)
J210351.50+360718.2	373013068	315.964601	36.121749	94.75	A2	Shi et al. (2023)
J204922.38+372816.3	373015171	312.3432594	37.4711961	106.75	A1	Hümmerich et al. (2020)
J194208.15+384137.9	373107101	295.53397	38.693871	176.86	A1	Shang et al. (2022)
J194154.63+380153.1	373107248	295.4776598	38.0314442	296.75	A1	Hümmerich et al. (2020)
J053511.59+170349.2	374412152	83.798329	17.063672	59.2	A1	Shang et al. (2022)
J052134.92+164600.4	374414093	80.395508	16.766793	56.67	A2	Yang et al. (2024)
J052257.15+161121.2	374503058	80.738135	16.189243	144.4	A1	Shi et al. (2023)
J052658.34+155131.6	374504167	81.743096	15.858802	149.2	A7	Hümmerich et al. (2020)
J052735.37+175039.2	374511191	81.897377	17.844249	126.17	A1	Shi et al. (2023)
J052303.57+175547.7	374516038	80.764883	17.929943	66.44	A1	Yang et al. (2024)
J034244.41+503223.9	374603046	55.6850486	50.5399836	379.22	A1	Lu et al. (2025)
J034730.10+492735.1	374605098	56.875435	49.459753	90.02	A5	Shi et al. (2023)
J034140.04+500501.6	374605186	55.416849	50.083783	91.2	A5	Shi et al. (2023)
J035323.41+511945.5	374609203	58.347547	51.329328	136.75	A5	Hümmerich et al. (2020)
J035738.10+522745.9	374612006	59.408786	52.46275	297.39	A1	Hümmerich et al. (2020)
J035704.89+523915.2	374612045	59.2703886	52.6542329	268.61	A1	Yang et al. (2024)
J040150.21+520129.2	374612205	60.459246	52.024802	210.89	A1	Shi et al. (2023)
J040207.61+511231.9	374613041	60.5317389	51.2088761	112.06	A1	Hümmerich et al. (2020)
J035811.41+513459.8	374613168	59.547576	51.583298	196.98	A1	Shi et al. (2023)
J035642.77+513747.2	374613174	59.178214	51.629786	340.66	A1	Hümmerich et al. (2020)
J034854.70+521413.1	374615032	57.227921	52.236975	147.2	A5	Hümmerich et al. (2020)
J034437.84+520717.1	374615152	56.157672	52.121432	85.85	A5	Yang et al. (2024)
J034525.09+523642.2	374616101	56.3545703	52.6117344	236.49	A1	Hümmerich et al. (2020)
J033726.54+523401.6	374616225	54.360619	52.567129	149.41	A5	Hümmerich et al. (2020)
J213011.42+534727.0	374704014	322.547622	53.790851	50.77	A2	Shang et al. (2022)
J213711.95+521246.4	374708213	324.299793	52.212911	55.2	A2	Shang et al. (2022)
J214140.45+082543.9	377801007	325.4182639	8.42886528	315.42	A2	Hümmerich et al. (2020)
J213649.85+104441.6	377803170	324.207711	10.744916	95.53	A7	Yang et al. (2024)
J213225.81+101543.4	377810060	323.107572	10.262069	102.84	A7	Shang et al. (2022)
J214045.49+120849.2	377811241	325.189051	12.147006	429.71	A1	Hümmerich et al. (2020)
J044713.86+540515.6	377901154	71.80631083	54.08768778	333.84	F0	Hümmerich et al. (2020)
J044433.39+540720.9	377905097	71.1391664	54.1224872	280.33	A2	Hümmerich et al. (2020)
J045926.29+535030.4	377907100	74.85906028	53.8418025	291.29	A2	Hümmerich et al. (2022)
J045913.05+541351.0	377907198	74.8043861	54.2308433	51.1	A2	Shang et al. (2022)
J045038.83+544917.1	377908174	72.6618086	54.8214417	121.43	A2	Hümmerich et al. (2020)
J044715.48+573746.4	377911018	71.8143775	57.62929417	289.5	A1	Hümmerich et al. (2020)
J050537.89+554553.8	377913047	76.4082525	55.76472306	203.81	A2	Hümmerich et al. (2020)
J044335.13+564315.7	377915100	70.8963867	56.7210428	75.14	A5	Shang et al. (2022)
J044319.32+565249.8	377915165	70.8305306	56.8805128	163.58	A2	Shang et al. (2022)
J061328.54+405514.0	378001180	93.3689219	40.9205722	306.24	A2	Hümmerich et al. (2020)
J060418.34+413658.0	378002129	91.07591917	41.61612028	243.99	A2	Hümmerich et al. (2020)
J060347.88+412532.7	378002133	90.9495258	41.4257728	173.2	A2	Hümmerich et al. (2020)
J060851.09+424158.2	378003011	92.21171333	42.69951139	443.38	A2	Hümmerich et al. (2020)
J060424.73+431623.4	378003057	91.1030439	43.2731883	87.91	A5	Shang et al. (2022)
J060031.27+425109.8	378010107	90.1303294	42.8527469	142.52	A7	Yang et al. (2024)
J060055.14+421659.8	378010198	90.2297881	42.2833019	96.45	A3	Shang et al. (2022)
J062226.08+443003.8	378012208	95.6099475	44.50091306	383.79	A2	Hümmerich et al. (2020)
J060028.44+435833.2	378014122	90.1185019	43.9759103	111.89	F0	Shang et al. (2022)
J061256.15+443328.9	378015038	93.2339867	44.5580511	180.35	A1	Shi et al. (2023)
J065649.21+541717.5	378103004	104.2050725	54.2882069	305.18	A1	Hümmerich et al. (2020)
J065544.31+563700.9	378116118	103.9355453	56.61764833	194.65	A1	Shi et al. (2023)
J065340.20+562055.0	378116157	103.4175058	56.3486236	158.88	A1	Hümmerich et al. (2020)
J042003.27+484530.9	379002125	65.0136481	48.7586097	51.94	A1	Shang et al. (2022)
J041215.45+493154.8	379002175	63.0644044	49.5319142	59.79	A1	Shi et al. (2023)
J041550.17+494027.7	379002178	63.9590758	49.6743867	151.14	A5	Hümmerich et al. (2020)
J041840.49+501253.3	379003026	64.6687478	50.2148308	323.11	A1	Shang et al. (2022)
J041659.03+505704.7	379003066	64.2459822	50.9513272	303.93	A2	Shang et al. (2022)
J041641.15+511253.2	379003121	64.1714794	51.2147844	229.81	A2	Hümmerich et al. (2020)
J043240.10+491414.4	379007058	68.1671069	49.2373514	59.54	A1	Shi et al. (2023)
J043045.19+484742.5	379007228	67.6882961	48.7951625	224.76	A2	Hümmerich et al. (2020)
J042920.21+501901.0	379008007	67.3342428	50.3169697	125.65	A1	Hümmerich et al. (2020)
J042931.26+503955.0	379008033	67.3802581	50.6652794	77.49	A2	Yang et al. (2024)
J042829.12+511637.5	379009211	67.12004722	51.27710667	397.35	A1	Yang et al. (2024)
J041222.48+504917.9	379010017	63.0937081	50.8216564	101.55	A3	Hümmerich et al. (2020)
J041032.69+504504.8	379010133	62.6362258	50.7513389	92.82	A5	Yang et al. (2024)
J041444.54+500123.7	379010166	63.6855947	50.0232617	60.27	A2	Yang et al. (2024)
J043037.38+524319.4	379012054	67.6557678	52.7220575	73.76	A1	Shi et al. (2023)
J041307.46+511535.7	379014152	63.2810903	51.2599411	63.53	A2	Yang et al. (2024)
J041455.62+512503.1	379014171	63.7317694	51.4175319	248.71	A2	Shang et al. (2022)
J041108.92+521010.7	379016008	62.7871803	52.1696647	164.65	A1	Shang et al. (2022)
J041813.52+525506.4	379016228	64.55578694	52.91844694	266.38	A2	Hümmerich et al. (2020)
J060853.81+465924.7	379101060	92.2242203	46.9902144	130.54	A6	Hümmerich et al. (2020)
J061605.70+465915.2	379107005	94.0237697	46.9875669	81.25	A5	Yang et al. (2024)
J062012.98+485853.4	379109136	95.0540856	48.9815019	115.75	A7	Shang et al. (2022)
J061909.30+503741.3	379112049	94.78812139	50.62814472	260.64	A3	Hümmerich et al. (2020)
J060132.86+490758.2	379114167	90.38606306	49.13353306	642.72	A1	Yang et al. (2024)
J060028.03+485251.0	379114190	90.11538389	48.88085333	484.07	A1	Gaia Collaboration et al. (2016, 2023)
J073953.72+080221.4	379206172	114.973287	8.039298	437.33	A1	Hümmerich et al. (2020)
J073421.29+082101.2	379208234	113.58809	8.350336	560.36	A2	Shang et al. (2022)
J072701.90+091648.1	379215062	111.7579369	9.2800517	72.61	A5	Shang et al. (2022)
J035700.33+091902.2	379805176	59.2514117	9.3172964	86.97	A5	Lu et al. (2025)
J060821.41+502149.8	380002135	92.08789444	50.36384917	675.66	A2	Hümmerich et al. (2020)
J061635.65+512927.0	380005124	94.1485717	51.4908528	96.91	A1	Shi et al. (2023)
J061929.12+533024.5	380009082	94.8713592	53.5068278	320.91	A7	Shang et al. (2022)
J062809.52+522009.0	380013214	97.0396919	52.335855	69.45	F0	Yang et al. (2024)
J225835.92+084832.2	380405127	344.6496699	8.808957	50.27	A2	Yang et al. (2024)
J053255.47+345959.1	380503027	83.231148	34.999767	82.67	A2	Shi et al. (2023)
J053343.13+360821.5	380503225	83.429709	36.139324	129.11	A2	Hümmerich et al. (2020)
J053804.23+370400.8	380515037	84.517638	37.066907	56.81	A2	Shi et al. (2023)
J053058.14+355915.9	380603114	82.742266	35.987754	89.06	A1	Yang et al. (2024)
J053040.08+344620.4	380610161	82.667025	34.772337	53.48	A5	Bauer-Fasching et al. (2024)
J053943.72+371243.0	380611064	84.93218	37.211967	58.92	A1	Bernhard et al. (2021)
J020244.76+535759.5	380705171	30.686504	53.966535	81.95	A2	Yang et al. (2024)
J015816.67+533249.0	380705228	29.569495	53.546957	83	A2	Yang et al. (2024)
J020912.58+555947.9	380709084	32.302448	55.996653	78.76	A1	Shang et al. (2022)
J014857.71+540540.5	380710084	27.240495	54.09461	55.33	A6	Qin et al. (2019)
J020228.03+565629.3	380711144	30.616808	56.94149	102.77	A1	Hümmerich et al. (2020)
J020321.48+561423.4	380711241	30.839528	56.239855	55.3	A1	Shang et al. (2022)
J021139.72+562420.8	380712032	32.915509	56.405791	101.02	A1	Shang et al. (2022)
J020604.04+555543.9	380715135	31.51685	55.928869	108.66	A1	Shi et al. (2023)
J015559.12+563558.0	380716065	28.996352	56.599461	138.82	A2	Hümmerich et al. (2020)
J020221.80+523434.5	380801049	30.590846	52.576276	90.9	A1	Shi et al. (2023)
J015729.58+542137.2	380803031	29.374026	54.360138	495.79	A1	Hümmerich et al. (2020)
J015849.28+551726.5	380803131	29.704493	55.29085	518.2	A1	Shang et al. (2022)
J015545.33+543748.2	380803177	28.938886	54.630058	152.72	A5	Hümmerich et al. (2020)
J015654.63+543533.0	380803191	29.227646	54.592524	177.81	A5	Hümmerich et al. (2020)
J015458.39+541849.0	380803234	28.743302	54.313632	367.91	A1	Hümmerich et al. (2020)
J020101.80+550114.7	380804010	30.257323	55.020062	395.4	A1	Yang et al. (2024)
J020528.91+542426.4	380804122	31.370489	54.407338	182.49	A1	Shi et al. (2023)
J020024.73+544319.0	380804173	30.103057	54.721955	252.45	A2	Hümmerich et al. (2020)
J020644.38+550225.0	380804223	31.684943	55.0403	107.03	A2	Shang et al. (2022)
J020609.05+544341.1	380804231	31.537177	54.727893	532.65	A2	Yang et al. (2024)
J020338.02+533204.2	380805143	30.908421	53.534514	427.47	A1	Hümmerich et al. (2020)
J015628.29+534409.9	380805193	29.117912	53.736093	335.33	A1	Hümmerich et al. (2020)
J021405.04+543546.7	380806047	33.521032	54.596309	76.84	F0	Shang et al. (2022)
J021605.21+531158.1	380807138	34.021736	53.199497	204.77	A1	Yang et al. (2024)
J021227.91+524841.1	380807209	33.11631	52.811433	169.05	A5	Shang et al. (2022)
J021212.50+541340.8	380808064	33.0521139	54.2280117	101.51	A5	Shang et al. (2022)
J020842.44+544442.1	380809002	32.176868	54.745029	121.21	A2	Hümmerich et al. (2020)
J021008.79+554408.6	380809063	32.5366269	55.7357369	86.38	A5	Yang et al. (2024)
J020623.26+560627.5	380809085	31.596954	56.10766	118.59	A1	Shi et al. (2023)
J021027.46+551700.6	380809183	32.614438	55.283501	72.8	F0	Hümmerich et al. (2024)
J014905.86+543820.9	380810009	27.2744575	54.6391611	187.25	A5	Hümmerich et al. (2020)
J015059.58+540259.1	380810056	27.74908444	54.05059806	691.51	A1	Renson & Manfroid (2009)
J014717.37+542613.6	380810146	26.821617	54.436816	448.1	A1	Shi et al. (2023)
J014940.99+534134.2	380810194	27.420817	53.692846	154.55	A2	Hümmerich et al. (2020)
J015350.50+541043.4	380810223	28.460447	54.178731	248.61	A5	Shang et al. (2022)
J020429.57+565514.5	380811221	31.1232489	56.9207061	76.87	A1	Shi et al. (2023)
J020425.19+561142.4	380811232	31.1049654	56.1951213	305.36	A1	Hümmerich et al. (2020)
J021039.69+565719.9	380812243	32.6653961	56.9555311	98.63	A1	Shi et al. (2023)
J021942.71+544804.9	380813064	34.927964	54.801377	227.02	F0	Shang et al. (2022)
J021535.55+544904.3	380813077	33.89815	54.817865	101.64	A1	Shi et al. (2023)
J021429.02+553451.3	380813165	33.61970333	55.58141556	265.67	A2	Hümmerich et al. (2020)
J021831.11+552711.0	380813179	34.629655	55.45307	68.2	A2	Shi et al. (2023)
J014634.84+545846.6	380814228	26.645951	54.979707	311.67	A1	Shi et al. (2023)
J020417.01+553439.5	380815111	31.070916	55.57764	169.09	A1	Hümmerich et al. (2020)
J020044.10+553750.7	380815189	30.183767	55.630754	56.83	F0	Yang et al. (2024)
J020004.86+560852.5	380815203	30.01926306	56.1476125	536.77	A2	Hümmerich et al. (2020)
J015708.35+563140.1	380816129	29.284826	56.527812	76.43	A3	Shi et al. (2023)
J015406.53+562052.3	380816182	28.52607972	56.34786222	522.82	A1	Yang et al. (2024)
J015318.46+562002.4	380816190	28.326939	56.334	98.33	A1	Shang et al. (2022)
J015347.94+560405.5	380816193	28.4497608	56.0682003	90.35	A3	Shi et al. (2023)
J054843.91+364329.1	381402042	87.182978	36.724756	61.3	A2	Shi et al. (2023)
J055154.00+363647.0	381402249	87.975001	36.613076	67.11	A1	Yang et al. (2024)
J055205.04+373926.9	381403026	88.021014	37.657495	79.33	A1	Shi et al. (2023)
J060229.01+402424.3	381412245	90.620885	40.406763	83.72	A2	Shang et al. (2022)
J054941.49+391023.3	381414095	87.422903	39.173162	73.23	A2	Shang et al. (2022)
J062155.55+001812.2	382103050	95.48091889	0.3042125	127.46	A1	Renson & Manfroid (2009)
J063356.20+000720.5	382106167	98.48442972	0.12276417	73.42	A5	Shi et al. (2023)
J061935.71+004335.9	382110248	94.8988222	0.7266592	74.48	A2	Shang et al. (2022)
J063033.68+014425.1	382113163	97.64036444	1.74003472	95.68	A2	Shi et al. (2023)
J070509.38+034551.7	382205042	106.2896578	3.76415694	65.06	A1	Shi et al. (2023)
J070832.40+034245.5	382205126	107.134318	3.712596	104.67	A1	Hümmerich et al. (2020)
J071337.30+040720.7	382206012	108.406171	4.122624	88.99	A1	Renson & Manfroid (2009)
J071208.74+025104.6	382207211	108.0364567	2.851295	58.62	A5	Yang et al. (2024)
J070941.07+051736.3	382209206	107.4211339	5.2934178	63.06	A1	Shi et al. (2023)
J070337.24+064533.6	382216129	105.9051781	6.759345	79.47	A1	Hümmerich et al. (2020)
J042037.89+034233.4	384508205	65.157122	3.70929	617.69	A1	Shi et al. (2023)
J040916.82+040242.2	384510036	62.3201014	4.0450643	70.62	A2	Shang et al. (2022)
J060045.94-035344.3	384905102	90.190539	-3.895658	702.18	A2	Renson & Manfroid (2009)
J060820.89-025507.6	384913059	92.086547	-2.918778	219.04	A5	Shi et al. (2023)
J060831.03-015817.5	384913195	92.1293239	-1.971545	69.06	A2	Shi et al. (2023)
J063853.85-002541.6	385401025	99.724376	-0.428235	215.17	A2	Hümmerich et al. (2020)
J063627.06+014655.4	385404165	99.1127661	1.7820569	348.81	A1	Hümmerich et al. (2020)
J063823.52+021917.8	385404220	99.5980169	2.3216322	56.19	A5	Yang et al. (2024)
J063852.95+003634.5	385405126	99.720651	0.609611	91.61	A1	Shi et al. (2023)
J064530.19+014535.8	385406043	101.375816	1.75995	97.52	A1	Bernhard et al. (2021)
J064641.00+005717.1	385406119	101.670846	0.954752	101.35	A2	Hümmerich et al. (2020)
J064356.28+010358.7	385406234	100.984512	1.066333	59.42	A1	Shi et al. (2023)
J064200.38+014001.2	385408092	100.501584	1.667026	57.94	A2	Shi et al. (2023)
J064039.34+015314.5	385409002	100.16395	1.887369	103.31	A2	Yang et al. (2024)
J064233.27+032500.7	385412081	100.6386294	3.4168683	154.49	A2	Hümmerich et al. (2020)
J064213.83+031633.8	385412090	100.5572028	3.27606139	430.9	A1	Shi et al. (2023)
J064340.23+034449.4	385412176	100.9176281	3.7470803	64.75	A2	Shi et al. (2023)
J064358.45+033447.0	385412182	100.9935761	3.5797386	126.17	A1	Hümmerich et al. (2020)
J064415.54+023436.5	385413121	101.0647792	2.5768256	64.84	A1	Shang et al. (2022)
J064428.18+021805.6	385413138	101.117424	2.301564	59.16	A5	Yang et al. (2024)
J063025.64+020446.2	385414073	97.6068739	2.0795208	56.1	A1	Shi et al. (2023)
J062850.09+024415.8	385414109	97.2087139	2.7377389	51.81	A2	Shang et al. (2022)
J063218.33+032144.2	385416185	98.07688611	3.36289278	195.88	A1	Renson & Manfroid (2009)
J080112.84+305547.8	385501047	120.3035111	30.9299453	258.21	A5	Shi et al. (2023)
J080210.08+334820.2	385515191	120.5420253	33.8056286	140.77	A1	Shi et al. (2023)
J071237.19+145824.1	386215006	108.15496	14.973386	59.49	F0	Yang et al. (2024)
J071051.21+143412.0	386215227	107.71341	14.570005	88.34	A6	Shang et al. (2022)
J071413.88+142449.5	386315120	108.55786	14.413774	106.25	F0	Hümmerich et al. (2020)
J085240.88+103601.5	386405015	133.1703561	10.6004311	53.53	A2	Shi et al. (2023)
J063727.08+132439.0	387314061	99.362861	13.410837	51.1	A2	Shang et al. (2022)
J062455.24+164040.9	388003213	96.230192	16.678048	69.68	A1	Bauer-Fasching et al. (2024)
J062842.31+162852.9	388004064	97.176327	16.481382	92.51	A3	Bernhard et al. (2021)
J023715.33+314219.5	388103202	39.313876	31.705436	56.77	A2	Shang et al. (2022)
J074426.21+194748.0	388216160	116.1092472	19.7966908	72.56	A1	Shang et al. (2022)
J065624.49+101214.7	392001070	104.10205	10.204111	53.96	A2	Shang et al. (2022)
J065451.32+094452.6	392001239	103.71384	9.7479477	120.62	A1	Shang et al. (2022)
J065119.09+102848.9	392002047	102.82956	10.480276	101.62	A1	Hümmerich et al. (2020)
J065019.50+102230.3	392002086	102.58125	10.375095	78.86	A2	Shi et al. (2023)
J065209.98+102634.8	392002141	103.0416	10.443021	140.63	A2	Hümmerich et al. (2020)
J065752.85+102823.2	392005022	104.47021	10.473125	72.1	A5	Yang et al. (2024)
J064901.53+121445.2	392014200	102.2564	12.245899	95.62	A1	Shi et al. (2023)
J065350.28+125809.2	392015085	103.4595	12.969237	78	F0	Shang et al. (2022)
J065326.34+133927.5	392016061	103.35976	13.657644	93.34	A1	Shang et al. (2022)
J065318.97+131319.7	392016159	103.32907	13.222165	123.18	A2	Hümmerich et al. (2020)
J045111.43-034248.6	392306090	72.7976523	-3.7135136	220.44	A1	Shang et al. (2022)
J044407.32-005639.0	392311162	71.02984167	-0.94417167	346.05	A7	Renson & Manfroid (2009)
J044917.85-015145.3	392312095	72.3243758	-1.8626036	93.92	A1	Shang et al. (2022)
J232057.20+541241.0	392501057	350.238336	54.211394	206.43	A2	Yang et al. (2024)
J232853.81+535123.4	392501178	352.224224	53.856504	163.8	A2	Shi et al. (2023)
J231617.02+540203.9	392502201	349.070952	54.034422	70.32	A2	Shang et al. (2022)
J231349.54+541620.8	392502211	348.456429	54.272472	100.28	A2	Shang et al. (2022)
J231553.45+561845.4	392503075	348.972054	56.312657	167.98	A2	Hümmerich et al. (2020)
J232132.00+562705.2	392504025	350.383367	56.451464	57.05	A1	Shi et al. (2023)
J232311.05+564232.9	392504046	350.7960603	56.7091431	54.43	A1	Shi et al. (2023)
J232449.20+554910.4	392504057	351.2050217	55.8195814	62.78	A5	Lu et al. (2025)
J232524.99+561822.0	392504066	351.354634	56.306251	207.57	A2	Hümmerich et al. (2020)
J232801.60+555306.9	392504121	352.00705	55.885147	243.98	A2	Hümmerich et al. (2020)
J232111.01+552314.2	392505051	350.296331	55.387288	253.72	A1	Hümmerich et al. (2020)
J232126.71+551802.8	392505067	350.361306	55.300796	220.24	A1	Hümmerich et al. (2020)
J232106.34+552607.8	392505068	350.276448	55.435511	246.72	A1	Hümmerich et al. (2020)
J232129.47+551314.5	392505072	350.3728228	55.2207189	172.57	F0	Shang et al. (2022)
J232231.75+543933.2	392505095	350.6323203	54.6592264	128.3	A1	Hümmerich et al. (2020)
J233539.01+555058.3	392506045	353.912556	55.849531	101.57	A1	Hümmerich et al. (2020)
J233312.28+544033.1	392507060	353.301188	54.675878	77.31	A3	Shang et al. (2022)
J233123.69+564325.5	392509030	352.849658	56.723477	169.5	A1	Hümmerich et al. (2020)
J233101.92+564608.8	392509038	352.758577	56.769345	181.43	A3	Hümmerich et al. (2020)
J232808.48+564209.1	392509153	352.035337	56.702539	138.04	A1	Hümmerich et al. (2020)
J231205.86+550220.0	392510028	348.024419	55.038892	100.93	A2	Hümmerich et al. (2020)
J232610.16+575656.4	392511244	351.542338	57.949023	150.27	A2	Shang et al. (2022)
J232626.51+580136.6	392511249	351.610485	58.026846	96.47	A1	Shang et al. (2022)
J234148.08+560038.4	392513060	355.450336	56.010681	52.57	A1	Shang et al. (2022)
J234055.72+565101.4	392513191	355.232204	56.850399	149.45	A1	Hümmerich et al. (2020)
J231211.12+564543.8	392514224	348.046346	56.762173	133.14	A3	Hümmerich et al. (2020)
J232633.18+572407.9	392515044	351.638256	57.402207	68.68	A1	Shang et al. (2022)
J231624.40+565300.9	392515060	349.101706	56.883609	72.03	A1	Shi et al. (2023)
J232137.92+570030.9	392515250	350.408019	57.008609	89.11	A5	Yang et al. (2024)
J232054.57+574803.5	392516121	350.227411	57.800991	107.12	A2	Yang et al. (2024)
J231305.99+573754.3	392516220	348.274144	57.631609	238.61	A1	Yang et al. (2024)
J013031.12+454021.1	393007056	22.629705	45.672543	229.37	A2	Hümmerich et al. (2020)
J012756.18+481103.4	393009199	21.984123	48.1842964	220.3	A3	Shi et al. (2023)
J013132.09+481308.2	393013107	22.8837194	48.218945	60.88	A6	Yang et al. (2024)
J012028.54+480545.6	393015188	20.118949	48.096011	301.52	A7	Hümmerich et al. (2020)
J032415.79+494533.2	393104012	51.065799	49.75923	56.83	A1	Shi et al. (2023)
J032611.50+495758.8	393104040	51.547919	49.966348	135.49	A2	Hümmerich et al. (2020)
J032322.61+493314.1	393104169	50.844215	49.553928	96.73	A1	Shi et al. (2023)
J032516.53+491543.3	393104178	51.31889	49.262045	67.71	A1	Shi et al. (2023)
J032738.50+494951.2	393104188	51.910438	49.830899	92.69	A2	Shi et al. (2023)
J032328.51+485235.5	393105061	50.868823	48.876536	134.95	A1	Shang et al. (2022)
J032020.62+485347.2	393105185	50.085925	48.896445	307.15	A2	Hümmerich et al. (2020)
J033337.72+475817.8	393107124	53.407177	47.971612	87.15	A1	Shang et al. (2022)
J033402.18+473910.7	393107235	53.509094	47.652982	90.39	A3	Shi et al. (2023)
J033512.23+490936.7	393108053	53.800967	49.160209	118.82	A1	Hümmerich et al. (2020)
J032601.59+511743.7	393111090	51.506643	51.295473	72.6	A1	Shi et al. (2023)
J033742.76+494930.0	393113208	54.428189	49.825014	65.8	A2	Hümmerich et al. (2020)
J031622.43+501525.5	393114202	49.093484	50.257111	181.46	A1	Shi et al. (2023)
J032544.06+503411.5	393115005	51.433609	50.569866	65.81	A3	Shi et al. (2023)
J032717.14+501002.7	393115115	51.820704	50.167434	290.88	A2	Shi et al. (2023)
J032014.99+513445.3	393116227	50.061725	51.579253	265.68	A1	Yang et al. (2024)
J041816.12+243845.5	393205247	64.5671919	24.6459961	53.14	A5	Shang et al. (2022)
J053821.15+143839.3	393301005	84.5881322	14.6442753	181.79	A1	Hümmerich et al. (2020)
J053355.11+153056.5	393302054	83.4796281	15.5157169	142.64	A1	Shang et al. (2022)
J053229.49+171430.2	393303073	83.122915	17.2417236	107.18	A5	Hümmerich et al. (2020)
J053406.98+173213.4	393303142	83.5291017	17.5370783	174.67	A1	Shang et al. (2022)
J053510.70+165914.2	393304170	83.7946222	16.9872881	204.77	A1	Hümmerich et al. (2020)
J053259.46+161128.3	393305182	83.247785	16.1912197	200.05	A1	Hümmerich et al. (2020)
J054028.52+151949.6	393307015	85.1188433	15.3304639	204.1	A1	Shang et al. (2022)
J054316.80+150523.1	393307217	85.8200339	15.0897692	71.91	A1	Shang et al. (2022)
J054052.08+145607.5	393307236	85.2170331	14.9354217	55.16	A1	Shi et al. (2023)
J054040.77+162930.3	393308002	85.1699083	16.491765	96.3	A2	Shang et al. (2022)
J054154.32+165348.2	393308088	85.47660222	16.89638194	319.14	A1	Yang et al. (2024)
J053922.80+182545.8	393309077	84.8450164	18.4294019	146.44	A5	Shang et al. (2022)
J053951.29+190721.8	393311037	84.9637397	19.1227494	279.85	A1	Shi et al. (2023)
J053815.61+193035.7	393311223	84.5650511	19.5099361	162.42	A1	Hümmerich et al. (2020)
J054402.53+181251.3	393312171	86.01087778	18.21426944	328.37	A2	Hümmerich et al. (2020)
J054159.07+191013.1	393312248	85.4961631	19.1703294	119.18	A1	Shang et al. (2022)
J054554.13+172427.2	393313032	86.4755678	17.4075611	130.89	A1	Shang et al. (2022)
J054724.36+171922.7	393313047	86.8515394	17.3229933	201.88	A1	Hümmerich et al. (2020)
J054429.84+175346.3	393313112	86.1243617	17.8962022	236.18	A7	Shang et al. (2022)
J054453.44+174722.3	393313139	86.2227075	17.7895531	316.44	A2	Yang et al. (2024)
J054549.03+180016.4	393313176	86.45388972	18.00514083	56.42	A1	Shang et al. (2022)
J052950.88+172629.8	393314058	82.4620014	17.4416119	273.67	A2	Hümmerich et al. (2020)
J053028.10+175848.1	393314136	82.6170881	17.9800478	218.38	A1	Shi et al. (2023)
J052943.96+174823.8	393314216	82.433185	17.8066128	154.21	A5	Yang et al. (2024)
J053750.76+181421.1	393315146	84.4615364	18.2392011	66.62	A1	Shang et al. (2022)
J053526.26+175705.1	393315250	83.8594331	17.9514247	186.02	A1	Hümmerich et al. (2020)
J030809.06+435558.6	393603168	47.037761	43.932946	108.92	A5	Yang et al. (2024)
J031734.79+431638.8	393608020	49.394993	43.277467	128.01	A2	Shang et al. (2022)
J031928.99+434214.7	393608031	49.871828	43.703583	129.08	A7	Shang et al. (2022)
J031536.60+430106.0	393608158	48.902617	43.017639	282.77	A2	Hümmerich et al. (2020)
J031833.85+443339.6	393609038	49.639954	44.561016	379.34	A1	Shang et al. (2022)
J032224.63+441318.6	393613243	50.6026617	44.2218442	165.4	F0	Hümmerich et al. (2020)
J031100.46+443818.2	393615230	47.751922	44.638393	243.91	A1	Hümmerich et al. (2020)
J050122.67+494453.1	393713091	75.34380222	49.74809028	79.52	A1	Shi et al. (2023)
J065629.02+074030.6	396302043	104.1214719	7.675135	211.85	A2	Hümmerich et al. (2020)
J070257.21+083712.3	396304134	105.7388175	8.62059306	233.43	A1	Shang et al. (2022)
J070617.23+101601.6	396309055	106.5708561	10.26711944	433.02	A2	Renson & Manfroid (2009)
J070730.62+090235.4	396309233	106.8770858	9.04377889	359.76	A1	Renson & Manfroid (2009)
J065414.93+083325.5	396310114	103.5623939	8.55659056	271.04	A2	Hümmerich et al. (2020)
J065656.90+084904.3	396310229	104.2370836	8.8178692	73.85	A1	Shang et al. (2022)
J070746.41+105226.6	396312046	106.9441281	10.87455972	414.54	A1	Gaia Collaboration et al. (2016, 2023)
J071043.39+095402.9	396313115	107.6808253	9.9008247	166.74	A1	Hümmerich et al. (2020)
J071051.16+095920.8	396313120	107.7136256	9.98904361	77.22	A1	Shang et al. (2022)
J070341.44+101920.6	396315040	105.9226831	10.3224097	165.76	A1	Shang et al. (2022)
J065919.70+104359.3	396316072	104.8321042	10.7331406	73.56	A2	Shi et al. (2023)
J093725.05+401126.6	396404167	144.353829	40.190736	158.29	A5	Hümmerich et al. (2020)
J013511.94+413651.1	396506193	23.799772	41.614211	54.53	A1	Shi et al. (2023)
J061542.10+132417.6	396815009	93.925428	13.404916	59.12	A1	Shi et al. (2023)
J073548.83+123225.1	397016155	113.9534764	12.5403206	196.78	A5	Hümmerich et al. (2020)
J114130.23+403822.7	397209213	175.375969	40.639662	200.94	A1	Renson & Manfroid (2009)
J072711.10+124016.3	397601207	111.79625	12.671196	65.94	F0	Shang et al. (2022)
J072814.71+170510.9	397611195	112.06132	17.08638	77.07	A5	Lu et al. (2025)
J043602.98+335240.4	398206135	69.012457	33.87791	50.79	A5	Yang et al. (2024)
J042120.11+361012.9	398211013	65.333818	36.170269	51.86	F0	Bauer-Fasching et al. (2024)
J061625.86+123409.9	398804035	94.107772	12.569436	66.02	A2	Yang et al. (2024)
J061121.79+210948.2	399901088	92.8408072	21.1633969	82.51	A2	Shang et al. (2022)
J060751.86+205523.4	399901232	91.9660897	20.9231733	181.88	A5	Shang et al. (2022)
J060356.06+213033.2	399902032	90.9835931	21.5092261	375.14	F0	Hümmerich et al. (2020)
J060453.02+205450.7	399902204	91.22094	20.9141	397.58	A1	Hümmerich et al. (2020)
J060621.79+212433.8	399902236	91.59083	21.40991	385.52	A1	Hümmerich et al. (2020)
J060732.16+221707.0	399905061	91.8840089	22.2853017	184.19	A1	Hümmerich et al. (2020)
J061746.18+211253.3	399907099	94.4424236	21.2148233	52.64	A2	Shang et al. (2022)
J061601.81+230957.2	399909240	94.0075469	23.1659128	158.6	A2	Qin et al. (2019)
J060321.90+221106.6	399910029	90.8412578	22.1851861	86.01	A1	Shi et al. (2023)
J060206.83+220528.5	399910198	90.5284842	22.0912608	85.46	A2	Shi et al. (2023)
J060930.35+250837.3	399911126	92.3764922	25.1437142	61.62	A2	Yang et al. (2024)
J060945.16+251638.4	399911127	92.4381678	25.277355	68.95	A2	Shi et al. (2023)
J061102.36+244423.8	399911227	92.7598422	24.7399447	394.09	A1	Hümmerich et al. (2020)
J061713.35+232351.5	399913243	94.3056575	23.3976511	260.28	A1	Hümmerich et al. (2020)
J060200.28+234904.7	399914122	90.5011731	23.8179875	85.01	A1	Shi et al. (2023)
J060241.10+231013.0	399914190	90.67129	23.1703	307.88	A2	Hümmerich et al. (2020)
J060323.54+244656.0	399916216	90.8480917	24.7822361	119.79	A1	Yang et al. (2024)
J040524.35+451952.0	400001151	61.35146	45.331112	83.48	A1	Shi et al. (2023)
J040502.55+472427.3	400004039	61.260656	47.407586	119.27	A1	Shi et al. (2023)
J041702.66+461705.5	400006199	64.261117	46.284869	64.54	A1	Bernhard et al. (2021)
J040939.21+473821.2	400009175	62.413385	47.639242	62.23	A3	Shi et al. (2023)
J041237.33+484722.4	400012038	63.155544	48.789579	82.77	A1	Shi et al. (2023)
J040428.79+480123.6	400015007	61.119996	48.023225	74.55	A2	Shang et al. (2022)
J040757.27+473421.2	400015102	61.988663	47.572556	81.34	A2	Shi et al. (2023)
J065245.87+220018.0	401001140	103.1911531	22.00502	142.95	A5	Shang et al. (2022)
J065403.79+221542.9	401008204	103.5151336	22.26255889	316.55	A7	Renson & Manfroid (2009)
J065647.94+242958.8	401009192	104.19908	24.49968694	383.31	A2	Hümmerich et al. (2020)
J063920.04+211735.5	402301017	99.8335106	21.2932161	124.27	A1	Hümmerich et al. (2020)
J063711.23+220811.9	402305091	99.2968164	22.1366464	426.79	A2	Hümmerich et al. (2020)
J064547.95+231812.4	402306084	101.4494358	23.30345583	377.08	A1	Shi et al. (2023)
J064112.55+240506.5	402309201	100.3028608	24.08427694	920.84	A2	Scholz et al.(2019)
J063801.88+260256.5	402311209	99.5078619	26.0490536	78.19	A2	Shi et al. (2023)
J045433.20+142705.5	402704141	73.638347	14.451542	85.62	A1	Shang et al. (2022)
J014903.12+474133.8	403815043	27.263005	47.692747	61.51	A2	Shang et al. (2022)
J035236.79+434604.6	403912035	58.153317	43.767968	62.99	F0	Shang et al. (2022)
J035502.04+422421.6	403913218	58.758511	42.406015	117.02	A2	Hümmerich et al. (2020)
J040654.70+210519.1	404302026	61.72833028	21.08888028	343.09	A1	Shi et al. (2023)
J041827.05+204500.5	404307055	64.6127408	20.7501547	291.69	A2	Hümmerich et al. (2020)
J041834.97+224205.5	404309149	64.64619472	22.701225	383.4	A6	Hümmerich et al. (2020)
J041207.27+235858.0	404311080	63.030936	23.982627	432.21	A1	Shi et al. (2023)
J045831.80+385419.4	405705062	74.632535	38.905395	90.73	A2	Shi et al. (2023)
J050628.79+411232.9	405712089	76.619985	41.209163	61.56	A2	Shi et al. (2023)
J033154.35+174615.5	406404162	52.9764822	17.7709936	67.43	A5	Shang et al. (2022)
J033949.21+165517.4	406406022	54.9550418	16.9215081	221.77	A6	Lu et al. (2025)
J032719.03+142144.4	406606104	51.8293147	14.3623382	150.51	A1	Hümmerich et al. (2020)
J063356.70+125741.6	406805150	98.486285	12.961573	54.73	A2	Yang et al. (2024)
J051205.46+134013.8	407204233	78.022772	13.670517	78.03	A6	Shang et al. (2022)
J051854.92+124446.8	407206152	79.728863	12.746357	120.17	A1	Hümmerich et al. (2020)
J051622.84+152703.2	407212176	79.095192	15.450889	62.54	A5	Lu et al. (2025)
J033258.73+442605.0	408701141	53.2447264	44.4347433	69.22	A2	Bernhard et al. (2021)
J032747.71+453527.0	408703037	51.948821	45.59086	103.64	A2	Hümmerich et al. (2020)
J032545.86+455459.8	408703093	51.441445	45.916779	153.08	F0	Shang et al. (2022)
J033325.32+452124.3	408705116	53.3555094	45.3567503	181.16	A1	Shi et al. (2023)
J034112.38+453031.7	408706242	55.30039917	45.50882917	337.1	A2	Renson & Manfroid (2009)
J034036.63+455233.0	408708085	55.15190417	45.87584472	215.48	A3	Hümmerich et al. (2020)
J032122.27+445902.7	408710193	50.34283083	44.98336222	208.62	A1	Hümmerich et al. (2020)
J034458.30+464848.7	408713010	56.2429578	46.8135494	111.22	A1	Hümmerich et al. (2020)
J034458.35+462114.6	408713027	56.24431083	46.35393694	228.51	A1	Shi et al. (2023)
J033027.79+470819.6	408715018	52.61471	47.13878222	218.88	A1	Shi et al. (2023)
J033221.41+472318.3	408715045	53.08828417	47.38807306	216.07	A1	Hümmerich et al. (2020)
J032856.39+475618.4	408716145	52.236195	47.93891	187.05	A2	Hümmerich et al. (2020)
J054156.16+271801.5	408801053	85.4840242	27.3004203	56.48	A1	Shang et al. (2022)
J054456.26+273928.8	408801130	86.2344342	27.658015	54.58	A2	Shang et al. (2022)
J054106.51+284521.9	408803016	85.2771528	28.7561103	67.63	F0	Shi et al. (2023)
J053732.49+292201.4	408803054	84.3854117	29.3670617	55.99	A1	Shi et al. (2023)
J053835.58+293425.6	408803218	84.6482583	29.5737847	136.48	A3	Shi et al. (2023)
J055302.79+283319.2	408806155	88.26188806	28.55518472	192.48	A1	Renson & Manfroid (2009)
J054630.44+273518.1	408807046	86.6268689	27.5883767	136.91	A1	Renson & Manfroid (2009)
J055237.95+274922.8	408807134	88.15815	27.8230097	120.8	A5	Renson & Manfroid (2009)
J054945.40+271334.0	408807204	87.4391864	27.226135	79.36	A5	Shang et al. (2022)
J054800.55+283716.5	408808127	87.0023144	28.6212706	96.48	A2	Shang et al. (2022)
J053401.24+284902.2	408810107	83.5052067	28.8172883	126.04	A2	Hümmerich et al. (2020)
J054826.28+304929.2	408812089	87.1095308	30.8247836	122.66	A2	Hümmerich et al. (2020)
J054329.28+303849.3	408815037	85.8720019	30.6470503	59.43	A1	Shang et al. (2022)
J053957.80+302726.9	408815152	84.9908547	30.4574811	65.83	A1	Shi et al. (2023)
J053636.38+305520.4	408816048	84.1516214	30.9223536	172.07	A2	Hümmerich et al. (2020)
J063814.60+274002.2	409104205	99.5608478	27.667305	127.29	A2	Hümmerich et al. (2020)
J064259.18+270611.7	409108078	100.7466083	27.10248528	480.26	A2	Shi et al. (2023)
J063007.41+283333.3	409116096	97.5309033	28.5592689	172.23	A1	Hümmerich et al. (2020)
J010651.35+154426.9	409510074	16.713208	15.740814	237.22	A3	Renson & Manfroid (2009)
J034336.78+483646.1	409602105	55.903272	48.612807	55.56	A2	Shi et al. (2023)
J034306.74+495240.7	409605181	55.778093	49.877997	208.7	A1	Hümmerich et al. (2020)
J034411.65+500117.8	409605197	56.04726194	50.02162417	481.54	A2	Hümmerich et al. (2020)
J034417.13+494336.6	409605228	56.07240417	49.72631722	456.77	A3	Renson & Manfroid (2009)
J040228.40+493718.9	409606122	60.6183612	49.6219254	96.32	A1	Yang et al. (2024)
J035402.92+483618.9	409607157	58.5121781	48.6052771	113.51	A1	Hümmerich et al. (2020)
J035458.95+524755.5	409612074	58.745155	52.798436	370.08	A1	Hümmerich et al. (2020)
J034614.32+514056.5	409615177	56.5596897	51.6823642	152.37	A5	Hümmerich et al. (2020)
J055529.25+393248.5	409801173	88.8718792	39.5468294	195.71	A2	Shi et al. (2023)
J054739.73+395457.8	409802033	86.9155583	39.9160692	52.14	A1	Shi et al. (2023)
J055105.53+411410.9	409803191	87.773045	41.2363692	170.03	A1	Hümmerich et al. (2020)
J055054.75+410356.0	409803200	87.7281267	41.0655739	451.65	A2	Hümmerich et al. (2020)
J054928.70+404455.7	409803231	87.3696006	40.7488086	203.21	A1	Hümmerich et al. (2020)
J055638.75+412525.8	409804207	89.16200417	41.4231425	491	A6	Shang et al. (2022)
J060006.66+394428.3	409807027	90.0277867	39.7412053	73.76	A1	Shi et al. (2023)
J054610.88+405221.1	409810073	86.5453461	40.8725375	62.84	A1	Shi et al. (2023)
J054754.48+413621.3	409814064	86.9770289	41.6059314	321.15	A1	Hümmerich et al. (2020)
J054534.87+413828.4	409814188	86.3953278	41.6412431	84.07	F0	Shang et al. (2022)
J055121.05+420610.5	409815051	87.83641667	42.10292333	350.08	A2	Renson & Manfroid (2009)
J062110.06+235303.7	409901149	95.29194	23.88437	178.83	A2	Yang et al. (2024)
J062257.73+231625.8	409901176	95.74008	23.27384	382.97	A2	Renson & Manfroid (2009)
J061222.36+240733.9	409902165	93.0931847	24.1260914	137.3	F0	Hümmerich et al. (2020)
J061808.98+241823.3	409905217	94.5374453	24.3064992	125.03	A1	Yang et al. (2024)
J062650.31+244510.6	409906014	96.70972417	24.75378528	772.04	A1	Hümmerich et al. (2020)
J062925.29+243714.8	409906112	97.3554153	24.6207981	59.62	A1	Shi et al. (2023)
J062419.68+244523.2	409908110	96.0820322	24.7564719	53.86	A5	Shang et al. (2022)
J062308.69+244656.2	409908159	95.78626417	24.78193889	419.06	A1	Shi et al. (2023)
J062439.04+262052.8	409909049	96.1627	26.34802	395.12	A1	Shi et al. (2023)
J061151.19+251548.9	409910007	92.9632961	25.2635908	59.82	A3	Shi et al. (2023)
J061127.25+251147.9	409910101	92.86415167	25.19609556	331.52	A1	Shang et al. (2022)
J061848.45+274830.1	409911129	94.7019	27.8083631	83.7	A2	Shi et al. (2023)
J062501.18+274007.8	409912242	96.2549453	27.6688428	80.96	A1	Shang et al. (2022)
J062829.43+262652.5	409913109	97.1226478	26.4479319	57.54	A2	Shi et al. (2023)
J062710.47+260440.0	409913230	96.7936272	26.0777931	124.31	A5	Hümmerich et al. (2020)
J061020.74+262403.5	409914125	92.5864419	26.4009928	82.09	A1	Shang et al. (2022)
J061143.92+254734.6	409914197	92.9330172	25.7929456	108.94	A1	Hümmerich et al. (2020)
J061802.68+263156.6	409915091	94.5111783	26.5324031	208.63	A5	Hümmerich et al. (2020)
J061650.25+265816.7	409915161	94.2093842	26.9713192	75.75	A1	Shang et al. (2022)
J061244.89+264910.9	409916077	93.18708	26.8197	201.98	A1	Shi et al. (2023)
J061619.76+272935.6	409916130	94.0823736	27.4932367	180.85	A1	Shi et al. (2023)
J061609.42+265703.2	409916151	94.03926	26.95089	192.22	A1	Hümmerich et al. (2020)
J065455.69+181009.1	410001226	103.7320808	18.1692036	112.82	A2	Shi et al. (2023)
J065216.71+205412.6	410003112	103.0696306	20.9035122	125.46	A2	Hümmerich et al. (2020)
J065629.86+200101.7	410004144	104.12442	20.01715	331.58	A2	Shi et al. (2023)
J070337.25+194115.0	410006247	105.9052172	19.6875044	164.1	A1	Hümmerich et al. (2020)
J070021.78+191805.5	410008178	105.09079	19.30153	352.86	A1	Shi et al. (2023)
J082706.99+453552.9	410603121	126.7779725	45.59803306	361.99	A7	Shi et al. (2023)
J042554.83+410747.5	413806013	66.478466	41.129874	103.3	A2	Shi et al. (2023)
J042829.50+412003.7	413806194	67.122928	41.334378	104.45	A2	Shi et al. (2023)
J041327.64+430547.9	413815052	63.365181	43.096652	59.34	A3	Shi et al. (2023)
J041819.79+414611.3	413904083	64.582481	41.769824	112.26	A2	Hümmerich et al. (2020)
J082235.26+161149.3	414601036	125.6469353	16.1970325	227.04	A2	Shi et al. (2023)
J081445.01+172256.9	414610187	123.6869194	17.38249917	402.46	A2	Shi et al. (2023)
J031142.28+080707.6	414910078	47.92519	8.118779	695.02	A2	Hümmerich et al. (2020)
J084232.90+211043.9	415504191	130.637084	21.178864	119.35	A7	Hümmerich et al. (2020)
J063603.52+114421.4	415702091	99.014671	11.739281	75.78	A3	Shi et al. (2023)
J063922.91+132947.8	415703059	99.845491	13.496615	111.64	A2	Shang et al. (2022)
J063959.39+132258.5	415703164	99.997488	13.382938	61.76	A7	Shi et al. (2023)
J064304.32+133209.4	415704013	100.76803	13.535964	51.01	A1	Shi et al. (2023)
J064616.91+131936.6	415704235	101.57047	13.326859	100.05	A1	Hümmerich et al. (2020)
J064547.65+131505.6	415704240	101.44856	13.251579	131.45	A2	Shang et al. (2022)
J064505.60+122253.2	415705118	101.27336	12.381472	166.93	A3	Hümmerich et al. (2020)
J064909.53+114307.9	415707059	102.28972	11.718876	55.1	A1	Shi et al. (2023)
J064716.31+111240.8	415707168	101.81796	11.211352	91.62	A2	Shi et al. (2023)
J064757.48+105648.2	415707241	101.98952	10.946742	160.64	A2	Hümmerich et al. (2020)
J064612.65+122333.8	415708159	101.55274	12.392728	67.3	A2	Shi et al. (2023)
J064711.82+140516.6	415709039	101.79926	14.087967	66.39	A2	Shang et al. (2022)
J064400.15+144502.1	415711241	101.00065	14.750605	66.01	A1	Shi et al. (2023)
J064633.02+144610.4	415712143	101.63762	14.769582	65.09	A7	Yang et al. (2024)
J064039.84+141451.6	415715080	100.16603	14.247684	53.07	A1	Shang et al. (2022)
J064221.80+144102.0	415715214	100.59087	14.683901	54.69	A1	Yang et al. (2024)
J063955.70+144829.9	415716167	99.982106	14.808326	108.98	A1	Shang et al. (2022)
J045903.40+095127.6	417007115	74.764198	9.8576905	97.81	A1	Shang et al. (2022)
J062022.40+190541.1	417112170	95.093365	19.094762	75.08	A2	Shi et al. (2023)
J062010.54+190855.0	417112175	95.043921	19.148635	85.51	A2	Shang et al. (2022)
J074412.27+174303.9	417211203	116.05114	17.717764	84.54	A5	Hümmerich et al. (2020)
J033649.74+174951.5	418202088	54.207262	17.830998	64.01	A6	Shang et al. (2022)
J041504.29+170447.1	420214192	63.76717667	17.07975444	171.67	A7	Shang et al. (2022)
J042603.51+451011.5	420303225	66.514625	45.169866	97.9	A1	Yang et al. (2024)
J042730.90+434943.8	420305073	66.878783	43.828857	129.83	A1	Lu et al. (2025)
J042613.51+435333.7	420305190	66.556326	43.892712	100.98	A1	Hümmerich et al. (2020)
J043235.23+462401.9	420311065	68.146819	46.40053	65.5	A1	Yang et al. (2024)
J060010.69+151059.4	420408108	90.044582	15.183188	54.11	A1	Shi et al. (2023)
J054801.15+171255.7	420414110	87.004827	17.215482	51.14	A2	Shang et al. (2022)
J083901.10+111620.6	420910198	129.7546143	11.2723997	147.93	A7	Shang et al. (2022)
J061201.89+251130.8	421007126	93.007907	25.191915	50.51	A5	Yang et al. (2024)
J043740.69+203521.3	421201195	69.4195508	20.5892519	53.83	A5	Yang et al. (2024)
J043150.95+220725.7	421203010	67.9622944	22.1238258	61.16	A5	Hümmerich et al. (2020)
J043459.73+222805.5	421204123	68.7488936	22.4682145	60.98	A1	Hümmerich et al. (2020)
J044015.93+215631.5	421206243	70.0663869	21.9420958	265.98	A1	Hümmerich et al. (2020)
J044007.26+220323.9	421208146	70.0302896	22.0566572	102.95	A2	Shi et al. (2023)
J043434.19+370807.8	421704014	68.642474	37.135513	86.93	A1	Shi et al. (2023)
J044406.19+360032.8	421706011	71.02583	36.009128	62.72	A5	Shang et al. (2022)
J044632.43+372801.7	421713134	71.63513	37.46714	95	A2	Shang et al. (2022)
J053420.65+450323.4	424415099	83.586073	45.056505	58.4	A7	Shi et al. (2023)
J053230.05+462204.9	424416234	83.125212	46.368052	51.28	A1	Yang et al. (2024)
J054913.41+435437.9	424506058	87.305885	43.910548	57.05	A1	Shi et al. (2023)
J090316.19+045159.2	424714005	135.816794	4.866462	99.45	A2	Shang et al. (2022)
J092615.37+280323.0	425213129	141.563316	28.056397	498.76	A1	Shi et al. (2023)
J091053.71+285032.8	425216196	137.7238242	28.8424519	163.69	A7	Shi et al. (2023)
J042736.18+063643.1	425601112	66.89982194	6.61198889	504.26	A5	Renson & Manfroid (2009)
J052827.77+515211.7	425705194	82.1157331	51.869935	91.38	A2	Shi et al. (2023)
J053734.26+532037.7	425709175	84.3927678	53.3438128	72.12	A5	Shang et al. (2022)
J052739.41+533935.4	425715081	81.91383167	53.66018	385.15	A2	Hümmerich et al. (2020)
J052257.00+534941.6	425716084	80.73626083	53.82823	50.26	A2	Shi et al. (2023)
J064254.14+531520.6	425809090	100.7255856	53.2557447	96.74	A1	Shi et al. (2023)
J064930.43+532312.0	425812019	102.3768075	53.3866883	66.63	A5	Yang et al. (2024)
J074420.14+523638.8	425909002	116.0828422	52.61079639	297.26	A2	Shi et al. (2023)
J060410.32+462824.4	426109176	91.0430408	46.4734506	111.64	A2	Hümmerich et al. (2020)
J054857.84+464942.5	426114094	87.2410245	46.8284846	170.55	A1	Lu et al. (2025)
J055703.71+463318.7	426115185	89.26533917	46.55487556	460.18	A1	Hümmerich et al. (2020)
J064048.88+500803.4	426211135	100.2039311	50.135155	98.36	A2	Shang et al. (2022)
J064310.76+484123.3	426215121	100.7948511	48.6898234	103.51	A1	Hümmerich et al. (2020)
J110552.34-011443.3	426512233	166.468123	-1.245372	166.95	F0	Shang et al. (2022)
J053902.57+095359.8	427102145	84.75990833	9.89950833	353.37	A1	Renson & Manfroid (2009)
J054513.97+111502.4	427104116	86.3082349	11.2506898	232.06	A1	Bernhard et al. (2021)
J054822.35+103530.7	427108130	87.0931631	10.5918856	112.16	A1	Hümmerich et al. (2020)
J054725.26+123849.9	427109071	86.85512056	12.64811306	452.95	A1	Shang et al. (2022)
J054144.05+133350.4	427111171	85.43307	13.56402111	179.52	A2	Shang et al. (2022)
J053721.30+114659.3	427114060	84.33962194	11.78276861	320.75	A2	Shang et al. (2022)
J064514.27+371344.9	427202115	101.3085736	37.22914528	130.85	A2	Shi et al. (2023)
J063933.47+382005.0	427202163	99.8894614	38.334748	118.89	A2	Shi et al. (2023)
J064859.90+381609.0	427205043	102.2504042	38.26979806	343.68	A2	Hümmerich et al. (2020)
J065505.87+384426.9	427208141	103.7744734	38.7408169	116.37	A1	Shi et al. (2023)
J075721.77+525732.8	427314116	119.340747	52.959137	56.2	F0	Yang et al. (2024)
J034541.50+162230.5	427910033	56.422939	16.3751584	68.36	A1	Shang et al. (2022)
J061619.94+205445.8	428002050	94.08259	20.91274	55.89	A1	Shang et al. (2022)
J062110.40+212629.6	428005032	95.2933414	21.4415706	127.5	A1	Shi et al. (2023)
J062241.24+212345.1	428005145	95.6718395	21.395873	188.46	A1	Shi et al. (2023)
J062725.56+213833.9	428008128	96.8565161	21.6427531	70.44	A1	Shang et al. (2022)
J062228.33+243505.0	428011197	95.6180473	24.5847452	135.19	A1	Yang et al. (2024)
J063047.81+231220.1	428013133	97.6992444	23.2055989	81.15	A1	Yang et al. (2024)
J062459.82+183512.1	431502020	96.2492808	18.5867183	52.73	A1	Shang et al. (2022)
J062343.87+182006.6	431502114	95.9328169	18.3351733	55.73	F0	Yang et al. (2024)
J063257.79+203008.2	431509236	98.2407969	20.5022844	124.75	A1	Hümmerich et al. (2020)
J062024.70+212536.0	431514150	95.1029458	21.4266803	83.7	A1	Hümmerich et al. (2020)
J062345.10+202531.0	431603178	95.93814972	20.42509361	255.45	A5	Shang et al. (2022)
J062651.70+190924.5	431605082	96.71545	19.15681	367.52	A6	Lu et al. (2025)
J062449.08+190854.0	431605211	96.2045269	19.1483503	142.13	A5	Hümmerich et al. (2020)
J063744.29+195655.1	431606168	99.43364	19.94866	811.43	A5	Renson & Manfroid (2009)
J063143.15+222551.2	431612054	97.9301875	22.43067306	377.95	A2	Hümmerich et al. (2020)
J061819.43+204706.7	431614026	94.5809678	20.7852158	81.39	A5	Shang et al. (2022)
J062723.33+212713.3	431615176	96.84689278	21.453715	626.8	A1	Hümmerich et al. (2020)
J084613.37+191508.9	431804224	131.5549872	19.25249028	430.98	A1	Shi et al. (2023)
J120632.77+521507.9	432204058	181.636095	52.252196	421.56	A2	Hümmerich et al. (2020)
J145239.03+412617.9	432416094	223.1626603	41.4383309	76.99	A1	Shang et al. (2022)
J084553.98+151146.8	432713060	131.475703	15.196004	190.37	A1	Hümmerich et al. (2020)
J054929.02+250622.7	434404206	87.3709392	25.1063289	67.5	A1	Shi et al. (2023)
J055002.88+235548.1	434405107	87.5120192	23.9300441	136.78	A5	Shi et al. (2023)
J054757.20+235010.0	434405161	86.98802528	23.83662583	151.29	A3	Renson & Manfroid (2009)
J055724.98+241159.8	434406094	89.35462278	24.20052528	89.35	A1	Shang et al. (2022)
J055308.38+254739.9	434409060	88.2849431	25.7944317	66.52	A1	Hümmerich et al. (2020)
J055121.21+253127.2	434409120	87.8384119	25.5242242	72.47	A1	Shang et al. (2022)
J054904.93+261521.5	434411231	87.27002167	26.25599722	131.86	A6	Renson & Manfroid (2009)
J055449.32+263732.6	434412028	88.7055158	26.6257486	77.48	A2	Hümmerich et al. (2020)
J053922.34+252937.1	434414018	84.84346167	25.49404167	55.62	A1	Shi et al. (2023)
J054123.41+253043.2	434414150	85.34702056	25.51193083	139.17	A1	Hümmerich et al. (2020)
J062951.75+151823.7	435501055	97.46529	15.30659	182.16	A1	Hümmerich et al. (2020)
J063121.65+162903.8	435504076	97.8402153	16.4843933	88.59	A1	Shang et al. (2022)
J063748.65+160915.0	435506012	99.4527367	16.1541683	101.09	A7	Hümmerich et al. (2020)
J062449.21+161325.7	435510209	96.2050594	16.2238119	67.78	A5	Hümmerich et al. (2020)
J062957.13+185042.3	435511006	97.4880797	18.8451064	59.94	A1	Shang et al. (2022)
J063114.53+184730.7	435511229	97.81026583	18.79219083	92.34	A5	Hümmerich et al. (2022)
J064055.32+172735.5	435513011	100.2305312	17.4598764	51.19	A7	Yang et al. (2024)
J062151.89+170428.1	435514042	95.4662256	17.0744925	50.98	A7	Shang et al. (2022)
J063223.91+180529.1	435515132	98.0996547	18.0914219	84.59	A1	Shi et al. (2023)
J065305.41+135217.2	436102092	103.27255	13.871462	66.73	F0	Shi et al. (2023)
J072940.44-045552.0	436201121	112.4178858	-4.93112	278.19	A1	Hümmerich et al. (2020)
J072710.19-044731.4	436201152	111.792485	-4.792083	191.71	A7	Shang et al. (2022)
J072700.36-053216.6	436201215	111.751828	-5.537681	214.75	A5	Shang et al. (2022)
J072412.26-050025.2	436202011	111.0510839	-5.0070103	162.38	A1	Hümmerich et al. (2020)
J072653.44-041654.7	436205043	111.722683	-4.281886	101.71	A3	Shi et al. (2023)
J072551.97-041719.5	436205096	111.4665641	-4.2887776	142.15	A3	Hümmerich et al. (2020)
J073128.57-015048.7	436209060	112.869066	-1.84687	278.32	A1	Shi et al. (2023)
J073220.17-024048.1	436209130	113.0840733	-2.6800361	215.15	A3	Hümmerich et al. (2020)
J072000.73-030729.1	436210003	110.00307	-3.1247633	96.49	A1	Hümmerich et al. (2020)
J072134.90-033226.0	436210213	110.395421	-3.540556	79.89	A1	Hümmerich et al. (2020)
J072104.20-031507.4	436210245	110.2675344	-3.2520728	112.33	A1	Hümmerich et al. (2020)
J072052.36-015852.8	436214128	110.218181	-1.981347	117.11	A2	Hümmerich et al. (2020)
J072551.68-013859.5	436215212	111.465953	-1.650102	319.08	A1	Shang et al. (2022)
J072656.08-013722.6	436215221	111.7336808	-1.622965	87.03	A1	Shang et al. (2022)
J064701.81+102355.5	436502067	101.7575831	10.3987553	85.31	A1	Hümmerich et al. (2020)
J064616.48+102213.7	436502074	101.5686931	10.3704911	65.45	A1	Shi et al. (2023)
J064956.96+114447.3	436504094	102.4873367	11.7464975	96.85	A1	Shi et al. (2023)
J064843.13+115633.2	436504175	102.1797275	11.9425581	161.16	A5	Hümmerich et al. (2020)
J064758.79+105621.5	436505026	101.9949978	10.9393272	102.08	A1	Hümmerich et al. (2020)
J065021.43+105507.6	436505135	102.5890656	10.91835528	316.53	A1	Shi et al. (2023)
J065049.03+105959.7	436505139	102.7043272	10.9999364	341.15	A1	Shi et al. (2023)
J065356.37+103302.0	436507115	103.4848986	10.5505722	116.87	A2	Hümmerich et al. (2020)
J065404.66+113512.6	436508055	103.5191925	11.58601222	513.47	A2	Hümmerich et al. (2020)
J065511.76+115158.3	436508098	103.79858	11.86562278	443.17	A7	Hümmerich et al. (2020)
J065154.51+104428.0	436508207	102.9771586	10.7411219	80.66	A1	Hümmerich et al. (2020)
J065302.97+121042.1	436509020	103.2617636	12.17809722	267.1	A1	Shang et al. (2022)
J065520.87+120622.7	436509237	103.8369853	12.1063094	93.36	A5	Hümmerich et al. (2020)
J065435.23+135123.5	436512035	103.6467983	13.8565478	65.65	A7	Shang et al. (2022)
J065614.52+133008.3	436512112	104.0605331	13.5023108	329.49	A1	Shang et al. (2022)
J065826.55+123932.0	436513009	104.6106586	12.6588983	286.5	A1	Hümmerich et al. (2020)
J065755.84+125952.9	436513189	104.4827008	12.9980333	184.34	A1	Shang et al. (2022)
J064844.97+131201.4	436515004	102.1873989	13.200415	219.92	A1	Hümmerich et al. (2020)
J065029.21+133338.7	436515043	102.621745	13.5607536	160.58	A5	Shang et al. (2022)
J064510.75+134157.8	436516060	101.2948106	13.6994056	84.91	A1	Hümmerich et al. (2020)
J064319.00+133013.9	436516090	100.8292053	13.5038833	178.07	A1	Shang et al. (2022)
J064705.29+135400.1	436516117	101.7720803	13.9000356	67.67	A1	Shang et al. (2022)
J064545.94+133602.0	436516154	101.4418256	13.60133028	259.23	A1	Hümmerich et al. (2020)
J082144.81+162552.2	436909045	125.43671	16.431173	121.43	A1	Shang et al. (2022)
J061229.08+184051.4	437303016	93.1211671	18.6809514	266	A2	Hümmerich et al. (2020)
J060945.49+190728.9	437303087	92.4395417	19.1247058	56.84	A1	Shi et al. (2023)
J061434.30+185235.1	437304061	93.6429408	18.8764319	75.32	A1	Yang et al. (2024)
J061502.38+184511.7	437304098	93.7599469	18.7532711	142.7	A1	Hümmerich et al. (2020)
J061407.72+190601.2	437304167	93.5321989	19.1003428	69.74	A5	Yang et al. (2024)
J061614.74+193623.4	437304215	94.0614417	19.6065269	109.81	A1	Shi et al. (2023)
J061310.61+180245.3	437305032	93.29406	18.04655	254.74	A5	Shang et al. (2022)
J061459.16+182756.9	437305113	93.7465017	18.4658289	69.63	A5	Yang et al. (2024)
J061911.26+183722.2	437308052	94.7969414	18.6228439	105.88	A5	Shang et al. (2022)
J061639.07+182211.4	437308174	94.1628181	18.369845	69.28	A5	Shang et al. (2022)
J061654.62+184142.8	437308226	94.2276089	18.6952406	67.61	A5	Yang et al. (2024)
J061900.18+193109.6	437309129	94.7507556	19.5193408	62.54	A5	Bernhard et al. (2021)
J060633.81+192756.9	437314188	91.6408931	19.4658208	200.82	A5	Shang et al. (2022)
J061350.64+203015.2	437315220	93.4610085	20.5042498	172.56	A1	Shi et al. (2023)
J064127.83+182821.2	437901089	100.3659781	18.4725622	89.24	A1	Shang et al. (2022)
J063840.72+203356.8	437904162	99.66929944	20.56577861	267.33	A1	Hümmerich et al. (2020)
J064819.02+200534.4	437906230	102.0782989	20.09291167	383.16	A2	Shang et al. (2022)
J064545.31+203021.9	437908092	101.4387989	20.5061045	114.29	A5	Shi et al. (2023)
J063039.67+203144.2	437910150	97.66535	20.52929	232.14	A2	Shang et al. (2022)
J064853.79+203905.3	437913093	102.2241287	20.6514839	65.38	A1	Hümmerich et al. (2020)
J064559.04+213252.0	437913163	101.4965708	21.54796222	106.35	A1	Shi et al. (2023)
J063238.54+205941.7	437914192	98.16045	20.99439	294.04	A1	Shi et al. (2023)
J070907.08+441114.7	438010178	107.2795	44.187437	124.17	A1	Hümmerich et al. (2020)
J065846.62+305342.0	438508082	104.6943919	30.89473722	191.79	A1	Hümmerich et al. (2020)
J070257.83+315237.0	438513118	105.7409826	31.8769647	102.52	A2	Shang et al. (2022)
J064438.75+315333.6	438514108	101.1614661	31.8926919	81.17	A1	Hümmerich et al. (2020)
J064741.84+331005.0	438516045	101.9252836	33.16778667	158.07	A6	Shang et al. (2022)
J125401.70+555646.5	438707183	193.507099	55.946253	167.72	A1	Shang et al. (2022)
J151945.56+261902.4	438911025	229.9398366	26.317349	423.2	A6	Shang et al. (2022)
J171454.20+493301.1	439516164	258.7258733	49.550316	201.68	A5	Shang et al. (2022)
J081755.43+170132.0	439616234	124.4809914	17.0255694	125.61	A7	Yang et al. (2024)
J063343.72+582308.2	440716090	98.4321908	58.3856358	51.44	A1	Hümmerich et al. (2020)
J140422.54+044357.9	442311203	211.0939495	4.7327569	240.27	A6	Shang et al. (2022)
J150859.33+133911.3	442507143	227.246248	13.653146	144.71	A7	Gaia Collaboration et al. (2016, 2023)
J104323.95+045214.3	445911167	160.8498011	4.8706489	167.3	A1	Shi et al. (2023)
J064748.63+160758.0	446205110	101.95208	16.13278	74.62	A5	Hümmerich et al. (2020)
J065512.60+175533.1	446213185	103.8025157	17.9258664	200.18	A1	Shi et al. (2023)
J063844.48+172022.5	446214197	99.6853714	17.3396006	93.42	A1	Hümmerich et al. (2020)
J064131.89+185514.3	446216027	100.382915	18.9206428	52.71	A1	Shang et al. (2022)
J102027.63+280919.3	446502091	155.1151519	28.155377	115.26	A2	Shi et al. (2023)
J160222.41+465318.5	446916243	240.5933829	46.8884956	151.65	A5	Yang et al. (2024)
J065945.46+172539.6	447201132	104.9394478	17.4276934	137.87	A1	Shi et al. (2023)
J070021.79+191805.5	447204233	105.0907964	19.3015467	236.74	A1	Shi et al. (2023)
J065458.89+182952.7	447205190	103.7454019	18.4979958	89.2	A5	Lu et al. (2025)
J070439.49+181036.7	447206013	106.1637636	18.17687056	106.8	A1	Hümmerich et al. (2020)
J070431.95+173718.3	447207072	106.1331433	17.6217594	62.52	A2	Shang et al. (2022)
J070211.70+202807.9	447209075	105.5488853	20.46914056	203.66	A2	Hümmerich et al. (2020)
J065047.40+183257.1	447210052	102.6975144	18.5492081	216.37	A1	Hümmerich et al. (2020)
J075804.68+133816.6	451514172	119.5195404	13.6379666	130.39	A7	Yang et al. (2024)
J185127.99+262012.1	455902061	282.8666433	26.3367109	82.4	A1	Qin et al. (2019)
J105734.89+260845.9	456103114	164.3954112	26.1460993	204.88	A2	Hümmerich et al. (2020)
J155820.16+395353.6	458507118	239.584015	39.898247	364.01	A7	Shang et al. (2022)
J175940.25-002924.2	458602149	269.916918	-0.490059	316.5	A2	Renson & Manfroid (2009)
J180615.12+023732.9	458609085	271.5627869	2.6252225	577.66	A1	Hümmerich et al. (2020)
J175335.15+030417.0	459112228	268.3960569	3.07143083	237.79	F0	Shang et al. (2022)
J180643.33+120945.3	460407165	271.680562	12.1625962	135.72	A7	Yang et al. (2024)
J180512.65+125948.8	460408182	271.302529	12.997614	114.11	A3	Hümmerich et al. (2020)
J180945.51+191757.9	461705106	272.439655	19.299427	71.71	A7	Shang et al. (2022)
J191214.50+270131.9	462412067	288.06045	27.025551	72.21	F0	Yang et al. (2024)
J191147.86+265746.4	462412147	287.949421	26.962897	145.65	A1	Shang et al. (2022)
J190805.53+244606.4	462504142	287.0230745	24.7684447	134.18	A2	Shang et al. (2022)
J191054.81+273823.6	462511049	287.7283856	27.6398948	108.81	A2	Shang et al. (2022)
J213940.85-044004.7	468607188	324.9202458	-4.6679861	421.3	A2	Shi et al. (2023)
J002627.22+351004.4	468810123	6.613457	35.1679134	121.01	A7	Shang et al. (2022)
J013634.09+552351.1	468903048	24.142043	55.397548	173.06	A7	Shang et al. (2022)
J013918.17+562305.2	468903149	24.825744	56.384784	127.11	A2	Shang et al. (2022)
J013615.92+560059.1	468903151	24.06636	56.016419	121.52	A6	Shang et al. (2022)
J013751.93+562528.0	468903225	24.466401	56.424457	51.2	A1	Yang et al. (2024)
J014301.48+553223.7	468904149	25.7561734	55.5399392	71.53	A5	Shang et al. (2022)
J014637.86+554931.5	468904239	26.657758	55.825427	209.62	A3	Shang et al. (2022)
J020049.42+551706.6	468906159	30.205941	55.285188	60.02	A5	Shang et al. (2022)
J015648.00+543606.5	468907144	29.200014	54.601833	135.46	A2	Shang et al. (2022)
J014925.35+564909.8	468909066	27.3556611	56.8194042	125.66	A2	Shang et al. (2022)
J014643.21+562950.8	468909153	26.680054	56.497469	65.83	A2	Bernhard et al. (2021)
J014950.13+562300.8	468909204	27.458875	56.383563	117.52	A2	Shi et al. (2023)
J014835.15+561859.2	468909219	27.146489	56.31646	152.05	A1	Shang et al. (2022)
J014447.52+581730.0	468911216	26.198007	58.291691	101.06	A2	Shang et al. (2022)
J014416.98+573935.3	468911234	26.07075	57.659819	107.32	A5	Yang et al. (2024)
J015302.86+575806.6	468912026	28.261917	57.96851	92.12	A1	Shi et al. (2023)
J015032.45+574458.3	468912059	27.6352181	57.7495447	167.77	A2	Shi et al. (2023)
J012708.57+560819.7	468914033	21.785743	56.138823	109.37	A1	Shang et al. (2022)
J014337.29+570623.1	468915041	25.905401	57.106427	160.81	A2	Shang et al. (2022)
J193539.31+263900.1	469001064	293.913796	26.650031	60.23	A1	Shi et al. (2023)
J193953.39+262018.1	469001182	294.9724853	26.3383683	136.94	A1	Shi et al. (2023)
J193910.81+261930.2	469001183	294.795064	26.325078	146.3	A1	Shang et al. (2022)
J193845.80+261144.8	469001194	294.690874	26.19579	177.58	A5	Yang et al. (2024)
J193442.64+261651.9	469001234	293.6776769	26.2810986	106.32	F0	Shang et al. (2022)
J193307.57+270643.1	469002232	293.2815579	27.1119985	269.15	A2	Hümmerich et al. (2020)
J193156.27+283346.2	469003158	292.98448	28.5628514	162.18	A1	Shi et al. (2023)
J193514.32+281310.7	469004195	293.809689	28.219663	194.3	A1	Shi et al. (2023)
J193229.98+274900.6	469005198	293.124918	27.816838	199.33	A5	Shang et al. (2022)
J194350.72+273006.5	469006011	295.9613744	27.5018164	330.01	A1	Shi et al. (2023)
J194650.18+280638.9	469006126	296.7090836	28.1108278	351.03	A1	Hümmerich et al. (2020)
J194633.22+271728.0	469007149	296.6384414	27.2911283	82.59	F0	Yang et al. (2024)
J194258.43+275831.8	469008068	295.7434703	27.9755244	124.39	A1	Yang et al. (2024)
J194231.15+282555.3	469008080	295.629793	28.432032	316.03	A2	Shi et al. (2023)
J194317.87+282335.3	469008091	295.8244586	28.3931544	433.41	A1	Yang et al. (2024)
J194015.78+290017.4	469009203	295.0657758	29.0048494	95.44	A1	Shang et al. (2022)
J193639.48+305849.0	469011145	294.1645058	30.9802894	109.37	A1	Shang et al. (2022)
J193817.99+295924.7	469011247	294.5749947	29.9902114	50.43	A3	Shi et al. (2023)
J194313.77+294749.6	469012003	295.8074003	29.7971186	260.09	A6	Shang et al. (2022)
J194334.90+300004.0	469012012	295.8952647	30.00054556	822.04	A2	Hümmerich et al. (2020)
J194206.33+295353.2	469012097	295.5264019	29.8981239	176.55	F0	Shang et al. (2022)
J194527.55+292851.4	469013111	296.364803	29.4809675	313.34	A3	Shi et al. (2023)
J231021.34+471701.7	469202046	347.5883742	47.28381472	411.8	A2	Renson & Manfroid (2009)
J231539.65+472131.5	469205209	348.91522	47.358765	207.73	A2	Shi et al. (2023)
J232835.32+474302.0	469206017	352.147207	47.717225	263.56	F0	Shi et al. (2023)
J232553.67+490217.5	469209141	351.473654	49.038769	449.43	A5	Shang et al. (2022)
J232149.32+491446.1	469209173	350.455527	49.246139	231.5	A2	Shi et al. (2023)
J230945.33+473935.5	469210158	347.438876	47.659871	149.32	A5	Shang et al. (2022)
J232040.90+504500.4	469211103	350.170438	50.750125	376.94	A5	Shang et al. (2022)
J232113.09+505258.7	469211218	350.304064	50.882806	518.4	A1	Shang et al. (2022)
J233028.49+491630.9	469213133	352.619774	49.275276	440.01	A2	Shang et al. (2022)
J232954.02+491553.9	469213140	352.4750839	49.2649992	57.86	A1	Shang et al. (2022)
J004845.05+550658.3	469301232	12.1877103	55.1161972	61.42	F0	Hümmerich et al. (2024)
J004555.32+553553.1	469302228	11.481374	55.598265	651.06	A1	Shi et al. (2023)
J004317.55+571849.0	469303053	10.821799	57.313626	367.8	A1	Shang et al. (2022)
J004535.84+574052.2	469303204	11.399335	57.681184	198.91	A1	Shang et al. (2022)
J005533.03+571930.9	469304055	13.887661	57.325272	141.34	A6	Shang et al. (2022)
J005449.39+563860.0	469304097	13.705811	56.65	304.1	A1	Shi et al. (2023)
J005129.04+563938.2	469304140	12.872718	56.6608	195.07	A2	Gaia Collaboration et al. (2016, 2023)
J004926.80+571838.5	469304161	12.361681	57.310704	483.03	A5	Shang et al. (2022)
J005242.52+572734.1	469304194	13.177205	57.459476	195.05	A5	Yang et al. (2024)
J005029.41+565516.0	469304198	12.622583	56.921129	451.69	A5	Shang et al. (2022)
J005753.29+571559.4	469304245	14.472073	57.266518	197.09	A5	Shang et al. (2022)
J005522.78+571630.9	469304246	13.844925	57.275271	201.75	A5	Lu et al. (2025)
J005254.43+554944.7	469305019	13.226821	55.829095	117.29	A1	Shang et al. (2022)
J010358.29+562114.8	469306006	15.992905	56.35412	214.22	A1	Shi et al. (2023)
J010333.09+564033.5	469306085	15.8878985	56.6759881	475.77	A2	Shang et al. (2022)
J010144.32+562229.4	469306237	15.434698	56.374855	113.17	A1	Shang et al. (2022)
J010012.70+580304.0	469309037	15.052941	58.051117	239.09	A5	Shang et al. (2022)
J005719.99+582405.6	469309109	14.333332	58.401582	107.66	A5	Yang et al. (2024)
J005639.44+582014.5	469309111	14.164341	58.337363	129.54	A1	Shang et al. (2022)
J003600.52+570234.7	469310147	9.002204	57.042976	139.32	A5	Shang et al. (2022)
J003723.09+561735.4	469310176	9.346227	56.293179	394.85	A1	Shang et al. (2022)
J004953.72+590201.7	469311003	12.473849	59.033819	114.61	A1	Shi et al. (2023)
J005209.71+591003.5	469311195	13.040734	59.167144	377.27	A1	Shi et al. (2023)
J010156.64+585431.8	469312032	15.486009	58.908846	198.89	A2	Shi et al. (2023)
J010313.42+590131.7	469312033	15.805957	59.025491	192.09	A3	Yang et al. (2024)
J010610.45+585452.9	469312199	16.543559	58.914718	81.29	A5	Shi et al. (2023)
J005917.79+592312.6	469312237	14.82413	59.386852	93.39	A5	Shi et al. (2023)
J010916.52+574221.2	469313009	17.317176	57.705899	682.44	A1	Yang et al. (2024)
J011109.28+573351.6	469313031	17.788671	57.564352	116.52	A1	Shi et al. (2023)
J011039.33+571003.5	469313062	17.663904	57.167659	116.56	A1	Shang et al. (2022)
J010526.24+573432.4	469313229	16.358456	57.575689	147.35	A6	Shang et al. (2022)
J003656.50+582045.4	469314010	9.235425	58.345965	63.49	A5	Yang et al. (2024)
J003533.83+571227.8	469314041	8.892584	57.207669	359.47	A1	Renson & Manfroid (2009)
J004831.40+582615.2	469315097	12.130849	58.437575	317.99	A5	Yang et al. (2024)
J004903.75+584055.4	469315158	12.265662	58.682066	145.72	A5	Yang et al. (2024)
J004935.87+583551.8	469315212	12.3994633	58.5977347	159.07	A3	Shang et al. (2022)
J004050.08+590222.5	469316033	10.20732	59.03959667	310.19	A2	Shi et al. (2023)
J004607.72+585333.4	469316056	11.532187	58.892619	174.41	A1	Shang et al. (2022)
J004744.01+590110.1	469316118	11.933408	59.019483	188.43	A1	Shi et al. (2023)
J004447.01+584413.4	469316160	11.1959139	58.7370578	177.9	A1	Shi et al. (2023)
J004124.59+584641.2	469316200	10.352461	58.778119	189.12	A3	Shang et al. (2022)
J003950.32+584507.6	469316221	9.959704	58.752136	97.48	A5	Shang et al. (2022)
J004403.72+592106.9	469316242	11.015052	59.351738	469.15	A1	Shang et al. (2022)
J190900.58+315555.5	469409005	287.2524198	31.9321016	89.15	A7	Shang et al. (2022)
J200118.52+301319.2	469505029	300.327173	30.222008	50.86	A1	Shi et al. (2023)
J212439.66+080408.1	469603196	321.164951	8.068929	785.97	A1	Shang et al. (2022)
J195718.72+370113.3	469804158	299.328016	37.020369	138.85	A1	Yang et al. (2024)
J195730.90+360907.2	469805070	299.37875	36.1520172	98.92	A1	Shang et al. (2022)
J195442.62+382916.6	469816161	298.6775856	38.4879454	146.97	A1	Shi et al. (2023)
J042142.90+444657.0	470201149	65.428768	44.782507	59.67	A2	Shi et al. (2023)
J041308.39+461722.8	470203086	63.284982	46.289688	81.59	A1	Shang et al. (2022)
J041333.38+465132.1	470203109	63.389113	46.858928	83.3	A1	Shi et al. (2023)
J041737.25+461841.8	470203189	64.405228	46.311618	58.23	A1	Shi et al. (2023)
J041941.66+455330.5	470204141	64.923623	45.891824	50.2	A1	Lu et al. (2025)
J042553.64+451600.1	470208114	66.473502	45.266695	52.04	A1	Yang et al. (2024)
J041815.56+483353.3	470211023	64.564838	48.564824	55.27	A1	Shi et al. (2023)
J042841.32+482509.2	470212049	67.172195	48.419249	67.98	A1	Shang et al. (2022)
J043121.02+481234.3	470212199	67.837623	48.209549	62.83	A2	Shi et al. (2023)
J210218.53+285701.0	470506167	315.5772167	28.9502828	99.93	A6	Shang et al. (2022)
J210052.79+293849.4	470513098	315.219967	29.647075	114.78	A7	Shang et al. (2022)
J204658.93+310154.5	470516193	311.745548	31.031816	98.03	A2	Shang et al. (2022)
J034111.39+243311.0	470711096	55.2974643	24.5530761	70.65	A1	Shi et al. (2023)
J203637.98+354355.8	470903188	309.158263	35.732182	107.41	A1	Shang et al. (2022)
J205022.38+363208.2	470913146	312.5932544	36.5356364	122.96	A1	Shang et al. (2022)
J211548.83+363546.9	471202184	318.953484	36.596368	56.26	A7	Shang et al. (2022)
J212502.25+375804.1	471204062	321.2594028	37.9678314	296.1	F0	Yang et al. (2024)
J212414.04+362537.8	471205018	321.0576986	36.42797472	316.56	A2	Renson & Manfroid (2009)
J212224.91+365121.0	471205162	320.603831	36.855848	406.44	A2	Lu et al. (2025)
J212301.83+364621.2	471205164	320.758387	36.772789	333.57	A7	Renson & Manfroid (2009)
J213158.12+355703.5	471207092	322.992195	35.950974	291.1	A2	Shang et al. (2022)
J212549.85+364936.1	471208158	321.457732	36.826696	119.37	A5	Shang et al. (2022)
J211646.73+373407.5	471210233	319.194741	37.56875	83.38	A2	Shang et al. (2022)
J212643.16+394644.9	471211124	321.6793678	39.77914722	57.92	A2	Shang et al. (2022)
J213022.65+391003.6	471212082	322.5944131	39.1676681	107.07	A5	Shang et al. (2022)
J212834.48+391330.2	471212147	322.143698	39.22506	223.97	A1	Shi et al. (2023)
J211159.46+374420.9	471214041	317.99777	37.739159	147.41	A2	Shang et al. (2022)
J055230.99+072657.0	471403008	88.129144	7.4491797	124.34	A1	Yang et al. (2024)
J054927.92+074023.3	471403234	87.366335	7.6731482	183.16	A1	Yang et al. (2024)
J060151.34+094406.0	471412107	90.46392	9.7350038	88.93	A5	Yang et al. (2024)
J055535.57+091133.8	471415132	88.898244	9.1927393	65.84	A1	Shi et al. (2023)
J055700.27+131805.9	471811234	89.251128	13.301658	51	A2	Shang et al. (2022)
J060346.22+114713.5	471813209	90.94261	11.787101	51.11	A2	Shang et al. (2022)
J002404.19+440712.3	472303185	6.0174755	44.1201016	243.25	A1	Shang et al. (2022)
J003319.88+424648.3	472307012	8.3328661	42.7800851	167.66	A5	Yang et al. (2024)
J003253.65+444123.6	472309003	8.223565	44.689901	98.33	A5	Shang et al. (2022)
J003200.07+455022.3	472309089	8.000331	45.839541	84.93	A5	Shang et al. (2022)
J213318.30+375736.6	473214128	323.326289	37.960185	73.34	A2	Lu et al. (2025)
J214124.63+371358.9	473304049	325.3526389	37.2330428	393.24	A3	Shang et al. (2022)
J214421.04+351520.3	473307026	326.086661	35.255076	891.38	A1	Renson & Manfroid (2009)
J214534.53+372403.1	473309220	326.392675	37.400878	475.51	A1	Shang et al. (2022)
J044559.42+235500.5	473401098	71.49665833	23.91682306	371.57	A3	Renson & Manfroid (2009)
J044346.29+241753.2	473402072	70.9428892	24.2981264	56.18	A1	Shi et al. (2023)
J044233.03+245153.2	473405237	70.63718417	24.86479667	120.97	F0	Renson & Manfroid (2009)
J045625.16+251309.2	473406114	74.1048417	25.2192469	67.61	A3	Shi et al. (2023)
J045636.67+252439.9	473406163	74.1528111	25.4110939	122.66	A2	Shi et al. (2023)
J045144.61+243936.0	473407109	72.9358869	24.6600072	108.22	A1	Shi et al. (2023)
J045205.44+265502.1	473413160	73.02167972	26.91726694	360.98	A2	Shang et al. (2022)
J061729.59+072316.2	473802044	94.373303	7.3878557	54.6	A1	Shang et al. (2022)
J210352.29+285154.0	475206164	315.9678842	28.865019	233.55	A1	Shi et al. (2023)
J205629.67+305145.6	475209065	314.123651	30.862691	84.44	A5	Shang et al. (2022)
J210028.65+300934.5	475213232	315.11932	30.159246	343.73	A1	Shang et al. (2022)
J222309.95-033049.9	475505133	335.791106	-3.513269	522.26	A5	Shang et al. (2022)
J054207.89+074334.9	476101195	85.532888	7.7263855	67.43	A1	Shang et al. (2022)
J053445.15+093918.8	476103088	83.688136	9.6552396	89.55	A2	Shang et al. (2022)
J054323.11+081332.5	476107023	85.846296	8.2257149	155.6	A1	Shi et al. (2023)
J054121.03+111642.8	476109085	85.337658	11.278582	59.61	A2	Shi et al. (2023)
J054009.21+120945.0	476111206	85.038395	12.16251	105.59	A5	Faltová et al. (2021)
J054454.55+112156.7	476112018	86.227295	11.365767	117.28	A1	Shang et al. (2022)
J054307.46+114443.1	476112054	85.781084	11.745332	156.34	A1	Shang et al. (2022)
J082325.52+160300.7	476209146	125.85635	16.050197	61.5	A1	Shang et al. (2022)
J213347.82+451647.6	476310217	323.449277	45.279891	50.8	A5	Faltová et al. (2021)
J215515.09+454834.5	476313075	328.8129039	45.8096083	107.2	A1	Shang et al. (2022)
J213228.72+465502.9	476316098	323.119671	46.917476	51.53	A6	Shang et al. (2022)
J213623.10+470630.6	476316159	324.096256	47.108507	51.39	F0	Yang et al. (2024)
J212518.80+535349.0	476603056	321.328364	53.896958	63.7	A2	Shang et al. (2022)
J035352.24+244817.3	480709122	58.4676776	24.8048212	259.57	A6	Shang et al. (2022)
J035323.28+253833.1	480711072	58.34623	25.642604	486.55	A7	Gaia Collaboration et al. (2016, 2023)
J035840.19+254217.8	480712193	59.667488	25.70495	304.74	F0	Shang et al. (2022)
J032737.29+381640.6	482406193	51.9054036	38.2779708	114.22	A6	Shang et al. (2022)
J031103.53+381424.3	482410166	47.76473	38.2400867	136.07	A1	Lu et al. (2025)
J031909.46+401024.1	482415149	49.78989889	40.17261139	200.34	A2	Renson & Manfroid (2009)
J231402.09+374449.7	482610157	348.508719	37.747143	72.38	F0	Shi et al. (2023)
J030223.14+022107.6	483013037	45.5964191	2.3521281	192.1	A5	Yang et al. (2024)
J030138.18+021005.8	483013065	45.408192	2.168283	526.11	A2	Renson & Manfroid (2009)
J060935.91+211912.8	483201061	92.3996451	21.3202378	223.58	A5	Shang et al. (2022)
J060621.79+212435.8	483202150	91.5908313	21.40997	999	A1	Shi et al. (2023)
J060523.31+220846.2	483202195	91.3471537	22.1461759	267.45	A1	Shi et al. (2023)
J060402.32+220433.4	483202199	91.0097083	22.0759694	152.04	A5	Yang et al. (2024)
J060912.80+234851.6	483203131	92.3033583	23.8143611	89.08	A1	Shi et al. (2023)
J061329.18+224157.2	483204087	93.3716133	22.6992456	75.63	A1	Shi et al. (2023)
J061014.22+231650.0	483204173	92.559263	23.2805706	174.61	A5	Shang et al. (2022)
J061308.18+221126.5	483205132	93.2841086	22.1907115	53.41	F0	Yang et al. (2024)
J061723.08+211344.7	483207220	94.3461859	21.2290884	713.33	A1	Shang et al. (2022)
J061601.78+230957.1	483208046	94.0074451	23.16587	422.3	A1	Qin et al. (2019)
J060241.11+231013.0	483210140	90.6712917	23.1703	683.85	A1	Shi et al. (2023)
J060527.40+224444.7	483210213	91.3642078	22.7457661	59.7	A2	Shang et al. (2022)
J061715.15+243913.2	483212077	94.3131583	24.6536806	158.68	A1	Shang et al. (2022)
J060200.24+234905.2	483214105	90.5010252	23.8181256	201.1	A1	Shi et al. (2023)
J061023.43+241017.3	483215005	92.5976296	24.1714778	284.16	A1	Shi et al. (2023)
J060651.50+235140.6	483215059	91.7146004	23.8613045	89.17	A5	Yang et al. (2024)
J060703.86+222110.0	486305199	91.7661224	22.3527844	155.91	A1	Shi et al. (2023)
J061830.31+245416.6	486312184	94.6263083	24.9046194	236.69	A2	Shi et al. (2023)
J231649.05+114206.8	486508168	349.2043953	11.7019084	82.77	A1	Shang et al. (2022)
J061411.37+241345.4	486809106	93.5473968	24.2292862	341.31	A2	Shang et al. (2022)
J001122.57+213338.3	487501174	2.8440737	21.5606654	252.55	F0	Shang et al. (2022)
J234734.80+305727.3	490311175	356.895004	30.957592	365.06	A2	Qin et al. (2019)
J225257.12+214258.6	490606070	343.2380078	21.7162778	389.99	A1	Shi et al. (2023)
J041742.34+455945.2	491306110	64.42644	45.995901	74.52	A2	Shi et al. (2023)
J060754.87-021708.9	491401015	91.978645	-2.285832	64.78	A5	Shang et al. (2022)
J061542.27+005258.2	491413023	93.926159	0.8828384	52.85	A1	Shang et al. (2022)
J060241.39-000025.0	491503177	90.672489	-0.0069706	53.89	A1	Lu et al. (2025)
J061421.50-005648.8	491506201	93.589609	-0.9469089	143.06	A5	Shang et al. (2022)
J061027.38+003758.5	491509225	92.614124	0.6329311	125.2	A2	Shi et al. (2023)
J055801.55-002036.8	491510103	89.506485	-0.3435796	75	A7	Yang et al. (2024)
J050913.44+522139.5	492201125	77.30602	52.360977	70.47	A2	Shi et al. (2023)
J045638.26+543820.2	492203063	74.159445	54.638972	98.93	F0	Shi et al. (2023)
J052142.14+535515.2	492206140	80.425594	53.920912	79.92	A2	Shi et al. (2023)
J051936.87+534123.4	492206191	79.903661	53.68986	61.87	A1	Bernhard et al. (2021)
J051313.19+530351.9	492207102	78.304963	53.064423	77	A5	Shang et al. (2022)
J051107.37+534818.3	492208020	77.780718	53.805098	51.92	A2	Yang et al. (2024)
J045309.97+535651.4	492310060	73.291543	53.947635	94.56	A2	Shi et al. (2023)
J072758.60+034211.3	492408172	111.994168	3.703145	82.34	A1	Shi et al. (2023)
J072310.34+055833.7	492416116	110.7931216	5.9760329	95.37	A2	Shang et al. (2022)
J035109.55+440836.7	495307250	57.789797	44.14353	93.95	A2	Yang et al. (2024)
J033339.07+464731.8	495314213	53.41281	46.792174	67.91	A2	Shi et al. (2023)
J054905.69-060109.9	495507005	87.2737175	-6.0194235	57.6	A5	Yang et al. (2024)
J055232.03-054543.7	495507084	88.133489	-5.762143	143.54	A2	Shang et al. (2022)
J053946.39-024032.0	495516223	84.9424875	-2.67557306	286.91	A1	Renson & Manfroid (2009)
J064221.65+554805.8	495605050	100.5893522	55.80162194	375.13	A7	Shang et al. (2022)
J064745.78+583506.2	495611052	101.9391961	58.58505861	348.44	A3	Shi et al. (2023)
J065213.08+583242.2	495612069	103.0545347	58.5450762	79.71	A7	Shang et al. (2022)
J085149.82-033143.1	495814125	132.956928	-3.528651	86.7	A7	Shang et al. (2022)
J010512.63+101628.7	496009205	16.302303	10.274663	424.62	A2	Renson & Manfroid (2009)
J000154.50+081312.8	496104068	0.4770979	8.2202232	424.89	A5	Shang et al. (2022)
J014037.47+440004.3	496203071	25.155394	44.001571	217.72	A2	Shi et al. (2023)
J014743.02+454311.5	496211115	26.9292524	45.7198737	333.21	A6	Shang et al. (2022)
J082532.09+473738.2	496413003	126.3837369	47.6272852	115.77	A6	Shang et al. (2022)
J025600.59+361150.9	496809070	44.002478	36.1974882	150.43	F0	Yang et al. (2024)
J030229.62+350518.8	496813070	45.6234409	35.0885565	204.66	A5	Yang et al. (2024)
J061208.86+230026.7	497204123	93.0369402	23.0074301	135.91	A1	Shang et al. (2022)
J062402.32+553216.9	497605062	96.009683	55.538052	116.62	A1	Shi et al. (2023)
J061330.23+042657.1	501901141	93.375972	4.4492078	109.08	A1	Shi et al. (2023)
J061951.87+053500.8	501906099	94.96615	5.5835712	56.59	A1	Shang et al. (2022)
J062018.06+051448.3	501906188	95.075286	5.2467648	50.79	A1	Shi et al. (2023)
J062115.51+052847.1	501906198	95.314657	5.4797502	81.47	A1	Shi et al. (2023)
J061536.49+053316.4	501908242	93.902081	5.5545578	119.88	A1	Shang et al. (2022)
J061649.28+061443.0	501909011	94.205357	6.2452874	133.7	A1	Shang et al. (2022)
J061707.22+062529.2	501909131	94.280107	6.4247962	75.58	A2	Shang et al. (2022)
J061721.01+061529.2	501909147	94.337546	6.2581354	75.15	A1	Shang et al. (2022)
J061543.23+062414.4	501909206	93.930129	6.4040006	113.55	A2	Shi et al. (2023)
J060333.63+055045.9	501910146	90.890144	5.8460969	117.67	A2	Yang et al. (2024)
J060409.17+045801.7	501910185	91.038248	4.9671666	93.64	A1	Shi et al. (2023)
J061205.16+082130.0	501911141	93.021535	8.3583524	118.34	A1	Bauer-Fasching et al. (2024)
J061738.81+074546.3	501912032	94.411734	7.76288	56.93	A2	Shi et al. (2023)
J061907.76+064659.5	501913157	94.782369	6.783195	106.78	A1	Shang et al. (2022)
J060620.10+064440.8	501914211	91.583752	6.7446898	62.75	A6	Shang et al. (2022)
J013915.09+471240.1	503205216	24.813212	47.210574	173.23	A2	Renson & Manfroid (2009)
J015107.87+485911.5	503213237	27.7827928	48.9865536	56.74	A5	Shang et al. (2022)
J014338.69+493819.3	503215146	25.910128	49.638712	103.26	A7	Shang et al. (2022)
J220733.93+492337.2	503408236	331.891384	49.393685	52.37	A1	Yang et al. (2024)
J220913.77+504708.6	503409063	332.307392	50.785745	52.18	A5	Shang et al. (2022)
J220939.94+501258.6	503409183	332.416443	50.2163	59.83	A5	Shi et al. (2023)
J062426.91+090045.0	503604207	96.11216	9.0125237	61.9	A2	Shang et al. (2022)
J062538.53+081142.7	503608153	96.410557	8.1951964	54.7	A1	Yang et al. (2024)
J061812.71+100249.6	503616078	94.552992	10.047117	81.85	A1	Shi et al. (2023)
J034516.75+293701.2	506302032	56.319794	29.617007	934.68	A1	Yang et al. (2024)
J061401.85+231545.8	509804250	93.5077253	23.2627254	186.17	A2	Yang et al. (2024)
J022357.22+535406.2	523102249	35.988432	53.901736	63.48	A2	Shi et al. (2023)
J022658.53+544253.3	523105057	36.743889	54.714819	62.45	F0	Yang et al. (2024)
J022558.74+543116.4	523105226	36.4947772	54.5212253	111.36	A2	Shang et al. (2022)
J024413.76+545253.8	523106199	41.057369	54.881627	118.78	A3	Shi et al. (2023)
J024209.85+545850.5	523106245	40.541068	54.980722	83.7	A1	Shi et al. (2023)
J023336.76+570337.0	523111066	38.4031861	57.060291	87.3	A2	Shang et al. (2022)
J022857.37+575516.4	523111141	37.239061	57.921245	96.82	A2	Shang et al. (2022)
J023210.55+571728.1	523111242	38.043985	57.291151	107.96	A2	Shi et al. (2023)
J022235.97+571232.2	523116059	35.649916	57.208963	80.17	A1	Shi et al. (2023)
J031159.22+495639.4	523911140	47.9967631	49.9443053	61.91	A1	Shang et al. (2022)
J031719.73+494646.1	523912227	49.332214	49.779481	58.87	A2	Shi et al. (2023)
J032023.60+483053.6	523913172	50.0983475	48.5148953	65.07	A1	Shang et al. (2022)
J031202.57+453607.1	524001098	48.01162167	45.60288917	135.69	A1	Yang et al. (2024)
J030202.85+471320.9	524010067	45.513814	47.22213	113.5	A1	Shang et al. (2022)
J031729.78+493641.6	524012054	49.374113	49.611572	51.11	A3	Yang et al. (2024)
J030614.90+485612.8	524016158	46.56211	48.938101	63.64	A2	Shi et al. (2023)
J070348.89+281103.0	524204162	105.9537392	28.1841936	61.75	A6	Shi et al. (2023)
J070801.30+301921.2	524211105	107.005446	30.3225612	170.39	A2	Shi et al. (2023)
J060207.53+460148.5	524609021	90.531385	46.030152	61.01	A5	Shang et al. (2022)
J021800.82+434330.0	524811153	34.5034233	43.7250243	105.13	A6	Shang et al. (2022)
J050844.58+465110.7	525503045	77.185755	46.852976	135.89	A2	Shi et al. (2023)
J050953.51+465920.9	525503196	77.472985	46.989139	145.63	A2	Shang et al. (2022)
J051155.63+472227.8	525504012	77.981832	47.374416	52.06	A5	Yang et al. (2024)
J051145.97+460540.3	525505233	77.941574	46.094546	63.54	A1	Shang et al. (2022)
J051140.16+461110.4	525505241	77.917355	46.186245	75.5	A1	Shi et al. (2023)
J052823.70+465625.4	525506073	82.098753	46.940408	101.47	A2	Shang et al. (2022)
J052345.01+452534.7	525507070	80.937559	45.426329	50.95	A1	Shang et al. (2022)
J051748.46+480058.6	525509155	79.451948	48.016305	81.88	A2	Shi et al. (2023)
J052449.82+471751.4	525513078	81.207594	47.297613	57.44	A1	Shi et al. (2023)
J050407.79+473534.4	525514215	76.032495	47.592898	60.8	A2	Yang et al. (2024)
J070904.44+073313.5	525601171	107.26851	7.553765	53.09	A5	Shang et al. (2022)
J071030.35+094239.9	525604222	107.62647	9.7110838	166.49	A5	Shang et al. (2022)
J070355.27+083228.0	525610157	105.98031	8.5411191	153.79	A2	Shang et al. (2022)
J070959.26+114027.5	525611211	107.49693	11.674331	95.07	A7	Shang et al. (2022)
J060622.56+104434.5	526415160	91.594014	10.742931	66.61	A2	Shang et al. (2022)
J063147.72+115921.4	526601033	97.948845	11.989288	81.42	A1	Shang et al. (2022)
J063002.08+143112.4	526603203	97.508684	14.520123	72.59	A1	Yang et al. (2024)
J064010.61+134445.6	526606080	100.04421	13.746023	81.11	A2	Shi et al. (2023)
J063627.23+123110.7	526607046	99.113462	12.519649	93.7	A1	Shi et al. (2023)
J063634.27+142414.4	526609009	99.142829	14.404	84.78	A1	Shi et al. (2023)
J062527.75+132448.6	526610100	96.365628	13.413514	102.23	A1	Shi et al. (2023)
J063127.69+151714.0	526615098	97.865402	15.287225	66.99	A1	Shi et al. (2023)
J063856.29+121155.2	526707220	99.734575	12.198683	63.69	A5	Lu et al. (2025)
J062621.62+041657.8	527402231	96.590089	4.2827338	84.84	A1	Shi et al. (2023)
J081606.92+091544.7	527507047	124.0288363	9.2624294	278.17	A1	Shi et al. (2023)
J080513.99+100620.3	527510085	121.308309	10.105659	136.58	A1	Shang et al. (2022)
J082006.20+113742.7	527513164	125.024534	11.628555	243.54	A3	Yang et al. (2024)
J045051.13+014412.3	528005061	72.713075	1.7367604	90.05	A1	Shang et al. (2022)
J070154.30+060925.9	528106183	105.47626	6.1571972	113.33	A7	Yang et al. (2024)
J065821.15+051304.0	528107104	104.58815	5.2177857	125.75	A2	Shang et al. (2022)
J065628.68+055850.8	528108174	104.11954	5.9807805	58.86	A1	Shang et al. (2022)
J065643.28+075059.8	528109105	104.18036	7.8499451	76.92	A5	Shang et al. (2022)
J065941.37+070010.9	528109140	104.92239	7.0030352	117.16	A2	Shang et al. (2022)
J065900.76+084643.1	528112235	104.7532	8.7786577	97.02	A6	Yang et al. (2024)
J070408.36+065043.3	528113069	106.03487	6.84538	96.75	A7	Shang et al. (2022)
J065444.82+072433.8	528115109	103.68675	7.4094002	153.05	A1	Shang et al. (2022)
J070424.79+061417.3	528206170	106.10331	6.2381586	123.51	A7	Shang et al. (2022)
J065759.16+043644.5	528207167	104.49653	4.6123706	67.81	A1	Shi et al. (2023)
J065754.18+062920.5	528208234	104.47578	6.4890447	55.13	A1	Shang et al. (2022)
J065856.67+070822.1	528209141	104.73614	7.1394736	91.09	A2	Shang et al. (2022)
J065100.70+080205.8	528215160	102.75293	8.0349591	68.96	A2	Shang et al. (2022)
J065206.66+082601.1	528216106	103.02779	8.4336577	117.98	A3	Shang et al. (2022)
J060550.19+493020.8	531108058	91.459141	49.50578	67.74	A1	Shang et al. (2022)
J055509.49+503330.3	531115244	88.789573	50.558438	53.1	A1	Yang et al. (2024)
J060132.65+490755.9	531714167	90.38606306	49.13353306	157.76	A2	Yang et al. (2024)
J060027.19+485251.0	531714190	90.11538389	48.88085333	145.26	A2	Gaia Collaboration et al. (2016, 2023)
J060821.56+502151.4	531716124	92.08789444	50.36384917	83.28	A2	Shi et al. (2023)
J041403.70+494110.7	535702181	63.5154444	49.6863275	195.13	A1	Hümmerich et al. (2020)
J041641.13+511253.2	535703121	64.1714163	51.2147916	122.39	A2	Shi et al. (2023)
J042016.68+503553.1	535703192	65.0695056	50.5980836	121.61	A1	Shang et al. (2022)
J043957.16+503355.8	535706067	69.9881841	50.5655268	167.74	A1	Shi et al. (2023)
J042920.24+501901.0	535708022	67.3343421	50.3169525	146.79	A1	Shi et al. (2023)
J042728.81+495209.7	535708181	66.8700697	49.8693706	92.2	A5	Yang et al. (2024)
J042121.66+530021.3	535711152	65.3402861	53.0059306	336.61	A1	Shi et al. (2023)
J043037.39+524319.5	535712070	67.655807	52.7220964	111.37	A1	Shi et al. (2023)
J041920.41+530457.5	535716237	64.8350636	53.0826481	120.48	A1	Shi et al. (2023)
J072342.44+341413.2	535803181	110.9252278	34.23702278	213.89	A2	Lu et al. (2025)
J072606.99+332600.7	535805230	111.5295689	33.43493139	294.19	A1	Gaia Collaboration et al. (2016, 2023)
J142722.42+355958.6	537104007	216.84345	35.9996194	80.71	A7	Yang et al. (2024)
J032605.84+553553.3	537604130	51.52216667	55.59814	113.82	A1	Yang et al. (2024)
J033424.46+544509.9	537607117	53.603435	54.752149	76.06	A1	Shang et al. (2022)
J033604.71+541834.6	537607209	54.01761	54.309638	75.88	A1	Shi et al. (2023)
J062129.12+020535.1	545510172	95.371346	2.0931106	60.9	A2	Shang et al. (2022)
J062532.23+020846.4	545605056	96.384313	2.1462499	57.38	A1	Shi et al. (2023)
J072908.12+412940.4	545904144	112.2838667	41.4945567	69.17	A5	Shang et al. (2022)
J061016.00+472956.9	546803065	92.566681	47.499155	68.71	A5	Shang et al. (2022)
J061210.94+480409.2	546815059	93.045598	48.069248	102.79	A5	Shang et al. (2022)
J061053.69+463457.7	546910167	92.723711	46.582722	63.51	A1	Shang et al. (2022)
J054250.61+202817.5	547503192	85.71206667	20.47192917	106.08	A1	Shang et al. (2022)
J054504.85+210127.9	547504027	86.270234	21.0244308	232.12	A2	Shang et al. (2022)
J054338.47+193720.0	547505046	85.9103078	19.6222383	96.97	A1	Shi et al. (2023)
J055224.75+203821.8	547506047	88.10437889	20.639395	118.84	A7	Shang et al. (2022)
J055502.13+201744.4	547506128	88.7588842	20.2956767	176.27	A3	Shi et al. (2023)
J055021.34+210254.1	547509144	87.5889289	21.0483667	156.4	A5	Shang et al. (2022)
J054842.19+210446.4	547509223	87.1758019	21.0795611	70.75	A7	Shi et al. (2023)
J055143.42+205027.9	547509241	87.93194833	20.84030444	405.03	A1	Shi et al. (2023)
J053826.05+195630.3	547510062	84.6085561	19.9417565	290.73	A1	Shi et al. (2023)
J054023.40+194550.9	547510175	85.0975342	19.7641639	183.73	A1	Shang et al. (2022)
J054548.78+222858.7	547511234	86.45398611	22.48202694	148.02	A2	Shi et al. (2023)
J055430.73+212633.3	547513001	88.6280508	21.442605	144.8	A2	Shang et al. (2022)
J055445.39+204254.8	547513061	88.6891428	20.7152472	167.14	A1	Shi et al. (2023)
J055245.26+204859.2	547513078	88.1886122	20.8164717	228.91	A1	Yang et al. (2024)
J055334.18+214620.4	547513105	88.3924422	21.7723481	157.55	A1	Yang et al. (2024)
J053704.76+212510.3	547514108	84.26863444	21.41924361	83.89	A1	Shang et al. (2022)
J054005.19+211837.5	547514174	85.0216625	21.3104275	120.84	A1	Shi et al. (2023)
J105819.78+404010.9	552208202	164.580938	40.669716	114.67	A2	Renson & Manfroid (2009)
J060357.23+214616.4	552702155	90.9884654	21.7712246	89.1	A1	Yang et al. (2024)
J071901.76+150939.2	553512019	109.75736	15.160907	147.51	A2	Hümmerich et al. (2020)
J054945.92+004443.5	553607164	87.4413606	0.7454278	73.97	A1	Shi et al. (2023)
J053752.66+030457.8	553614229	84.4694283	3.0827358	232.01	A1	Shang et al. (2022)
J054116.10+040443.0	553616193	85.3170981	4.0786138	99.92	A7	Shang et al. (2022)
J073755.22+155417.0	555908208	114.4801156	15.9047297	55.57	A5	Shang et al. (2022)
J073759.45+183545.8	555909081	114.4976158	18.594795	277.07	A2	Shang et al. (2022)
J173234.02+544426.5	562805232	263.1417513	54.7407023	98	A2	Shang et al. (2022)
J102027.62+280919.2	562906027	155.115109	28.15535	70	A1	Shi et al. (2023)
J182038.97+030321.6	565204238	275.1623938	3.056005	236.64	A3	Yang et al. (2024)
J181359.71+034816.6	565215063	273.4987994	3.8046139	337.83	A3	Shang et al. (2022)
J180601.60-031126.2	570104157	271.506694	-3.190622	90.51	A5	Shang et al. (2022)
J181411.59-043552.1	570107141	273.5483213	-4.5978161	64.63	A1	Yang et al. (2024)
J185800.98+432336.0	572006159	284.5041008	43.3933433	62.77	A1	Shi et al. (2023)
J163447.05+084000.4	572611117	248.6960592	8.6667796	116.61	A2	Hümmerich et al. (2020)
J165927.29+195312.0	575505197	254.8637417	19.8866778	83.34	A6	Hümmerich et al. (2020)
J143420.19+242330.5	576211105	218.585684	24.391815	173.89	A2	Yang et al. (2024)
J195951.93+212429.9	577010090	299.966387	21.408322	101.63	A1	Shang et al. (2022)
J201147.95+240935.2	577012236	302.9498053	24.1597842	94.85	A1	Yang et al. (2024)
J185914.31+411821.0	577807092	284.809633	41.305844	79.74	A2	Shang et al. (2022)
J183111.77+064516.0	579706162	277.799079	6.754472	100.76	A6	Shang et al. (2022)
J182512.07+073500.6	579709014	276.300301	7.583504	79.8	A5	Shi et al. (2023)
J182532.25+075650.6	579709201	276.385477	7.946924	123.74	A2	Shang et al. (2022)
J193747.65+374322.5	579801014	294.448558	37.722933	63.35	A2	Shang et al. (2022)
J194826.65+395203.1	579806145	297.11139	39.866138	476.47	A7	Shang et al. (2022)
J194407.28+383741.7	579807055	296.030358	38.628267	90.5	A1	Shi et al. (2023)
J182807.05+121610.2	580307107	277.0294	12.2695133	167.56	A1	Shi et al. (2023)
J182853.26+133432.4	580308092	277.2219211	13.57567	80.98	A7	Shang et al. (2022)
J182237.83+150325.0	580315151	275.6576305	15.0569538	207.84	A2	Shi et al. (2023)
J190823.14+443229.0	581704219	287.095054	44.541772	154.08	A2	Shi et al. (2023)
J191920.23+444707.0	581713126	289.8343	44.785286	264.9	A2	Shi et al. (2023)
J190949.10+430243.4	581808197	287.45459	43.04541	105.58	A7	Shang et al. (2022)
J182528.63+050611.5	582014157	276.369325	5.103219	101.66	A1	Shang et al. (2022)
J192622.68-014513.8	582104062	291.5945086	-1.7538531	62.11	A1	Shang et al. (2022)
J173451.97+015414.4	583609197	263.7165449	1.9040264	102.97	A6	Hümmerich et al. (2020)
J173147.81+015036.6	583615103	262.950461	1.842929	274.07	A2	Renson & Manfroid (2009)
J165923.79+322708.8	584404067	254.84771	32.452451	156	A7	Renson & Manfroid (2009)
J004456.54+471650.9	586714250	11.235586	47.280832	671.72	A1	Yang et al. (2024)
J201141.27+073627.4	587210140	302.92197	7.6076185	86.29	A5	Yang et al. (2024)
J232914.05+431810.5	587404205	352.30858	43.302925	57.45	A1	Yang et al. (2024)
J023009.38+391354.9	587706189	37.539091	39.231935	54.14	A5	Yang et al. (2024)
J210132.21+430342.6	587908142	315.3842242	43.0618592	139.91	A1	Shang et al. (2022)
J204343.11+432623.1	587910101	310.9296517	43.4397506	73.59	A1	Yang et al. (2024)
J205855.09+460434.0	587911049	314.729568	46.076135	100.2	A2	Shi et al. (2023)
J210155.23+455039.6	587912226	315.4801525	45.8443594	137.55	A1	Yang et al. (2024)
J041105.60+451144.5	592002167	62.773347	45.195714	75.96	A1	Shang et al. (2022)
J041407.05+465012.8	592003121	63.529381	46.836909	66.03	A2	Shi et al. (2023)
J042336.85+455829.0	592004087	65.903573	45.974727	58.98	A2	Shang et al. (2022)
J041858.21+450540.7	592105078	64.742557	45.094655	55.52	A1	Yang et al. (2024)
J212034.22+212054.4	593111077	320.14261	21.348471	112.48	F0	Shi et al. (2023)
J193128.34+470548.2	594202047	292.8681235	47.0967452	381.29	F0	Hümmerich et al. (2020)
J195435.23+484704.6	594213036	298.646823	48.784626	229.97	A1	Shang et al. (2022)
J195357.60+491809.9	594213184	298.490005	49.3027625	171.72	A5	Shang et al. (2022)
J073142.00-001728.2	600401153	112.925001	-0.291177	67.09	A1	Shang et al. (2022)
J072747.41-003719.4	600402002	111.947545	-0.622067	56.53	A5	Shang et al. (2022)
J072825.52+025649.8	600416070	112.1063363	2.9471878	69.74	A3	Yang et al. (2024)
J072601.83-001521.6	600502027	111.507642	-0.256008	139.55	A2	Shi et al. (2023)
J072604.86-002142.7	600502031	111.519016	-0.36187	324.47	A2	Renson & Manfroid (2009)
J072724.20+003144.8	600503245	111.850857	0.529121	103.42	A3	Shi et al. (2023)
J072916.11+003208.5	600505060	112.316016	0.53572	212.6	A1	Shi et al. (2023)
J073001.26+001728.1	600505072	112.5060414	0.29193	232.67	A1	Shang et al. (2022)
J073413.79-001850.6	600508221	113.557473	-0.314079	117.42	A5	Yang et al. (2024)
J072435.11+014259.2	600514201	111.14631	1.7164453	74.81	A2	Shang et al. (2022)
J073128.15+022407.5	600515021	112.867315	2.402108	99.82	A5	Shang et al. (2022)
J072825.48+025649.8	600516070	112.106201	2.947183	77.4	A6	Yang et al. (2024)
J063340.09+253621.6	601602067	98.4170472	25.6060125	178.72	A6	Shang et al. (2022)
J063027.71+273414.9	601603064	97.61549	27.57082	142.99	A2	Shi et al. (2023)
J063010.46+271815.2	601603094	97.5435928	27.3042261	196.58	A6	Yang et al. (2024)
J063246.58+275412.3	601603224	98.1941217	27.9034192	205.12	A2	Shang et al. (2022)
J064142.55+253224.4	601607064	100.4273303	25.5401133	158.32	A2	Shi et al. (2023)
J063840.97+284307.5	601609076	99.6707494	28.7187658	99.89	A5	Shang et al. (2022)
J062727.40+270158.1	601610007	96.8641881	27.03282	97.64	A2	Yang et al. (2024)
J011643.83+344751.6	602002131	19.18265	34.7976667	87.46	A7	Shang et al. (2022)
J083010.15+184731.6	602201176	127.5422953	18.7921272	87.47	A5	Yang et al. (2024)
J082251.75+212320.8	602203054	125.7156314	21.3891244	118.92	A6	Shang et al. (2022)
J081854.47+252728.9	602706052	124.7269619	25.4580331	101.05	A5	Shang et al. (2022)
J043448.22+411953.1	603004164	68.7009167	41.3314308	204.2	A2	Shang et al. (2022)
J044553.19+410251.7	603006026	71.4716342	41.0477175	160.63	A1	Shang et al. (2022)
J044511.48+405918.9	603006039	71.2978414	40.9886092	187.78	A1	Shang et al. (2022)
J044438.81+410114.8	603006045	71.16011833	41.02079778	188.81	A2	Shang et al. (2022)
J044551.15+403049.9	603006180	71.4631567	40.5138711	165.72	A5	Shang et al. (2022)
J044630.85+403642.0	603006186	71.6285483	40.6116939	91.33	A2	Shang et al. (2022)
J044435.72+403431.1	603006226	71.1488372	40.5753231	95.58	A2	Shang et al. (2022)
J044645.58+394332.2	603007140	71.6899569	39.7256128	134.14	A2	Shang et al. (2022)
J043832.73+402243.5	603008162	69.6363961	40.3787683	58.48	A1	Shi et al. (2023)
J043844.61+421845.8	603009118	69.6859094	42.3127236	100.9	A2	Shang et al. (2022)
J044320.74+412127.8	603009239	70.83797611	41.35742611	112.36	A2	Shang et al. (2022)
J043838.34+425217.5	603011058	69.6597528	42.8715472	164.76	A1	Shi et al. (2023)
J043729.75+430808.0	603011200	69.3739869	43.1355689	270.6	A2	Shi et al. (2023)
J044308.82+424543.0	603012088	70.7867556	42.7619631	284.83	A3	Shi et al. (2023)
J044502.28+422953.8	603012158	71.2595242	42.4982972	101.89	A1	Shi et al. (2023)
J042533.94+421746.3	603014014	66.3914473	42.2962194	78.9	A2	Shi et al. (2023)
J042600.81+421422.5	603014022	66.5033769	42.2395936	60.22	A1	Shang et al. (2022)
J043648.53+422936.8	603015041	69.2022453	42.4935706	224.41	A2	Shang et al. (2022)
J043813.44+424250.1	603015043	69.5560328	42.7139303	167.05	A1	Shang et al. (2022)
J043000.35+424303.6	603016186	67.5014963	42.7176797	171.55	A2	Shang et al. (2022)
J060732.18+221707.1	606205195	91.8841162	22.2853087	146.82	A1	Shi et al. (2023)
J060302.28+224930.6	606210116	90.75952	22.82517	134.43	A2	Renson & Manfroid (2009)
J062055.45+235853.4	606213001	95.2310481	23.9815181	177.31	A1	Shi et al. (2023)
J060628.14+243533.4	606216179	91.6172708	24.5926338	86.97	A1	Shi et al. (2023)
J025551.04+474440.6	606515059	43.96268	47.7446158	109.58	A7	Shang et al. (2022)
J025908.99+484421.5	606516124	44.78749	48.739322	57.61	A1	Shang et al. (2022)
J054634.76+502937.5	612614112	86.644874	50.49377	59.55	A1	Shang et al. (2022)
J050722.53+681042.8	613514228	76.843901	68.178581	58.65	A5	Shang et al. (2022)
J063355.95+263948.3	613805068	98.48313	26.66216	598.09	A2	Shi et al. (2023)
J063326.73+255755.6	613805205	98.3613936	25.9654678	74.58	A2	Shi et al. (2023)
J063851.43+252003.8	613807172	99.7143317	25.3344107	171.21	A1	Hümmerich et al. (2020)
J064259.18+270613.5	613808078	100.7466083	27.10248528	518.96	A2	Shi et al. (2023)
J062558.83+274838.3	613814242	96.4951351	27.8106414	200.3	A1	Shi et al. (2023)
J063007.42+283333.3	613816096	97.5309385	28.5592715	238	A1	Shi et al. (2023)
J061417.63+241432.5	614302039	93.5734725	24.2423847	86.6	A2	Shi et al. (2023)
J061701.58+254528.8	614303154	94.2565975	25.7580064	129.59	A2	Shang et al. (2022)
J061734.95+252253.9	614303192	94.3956611	25.3816492	183.91	A3	Shi et al. (2023)
J061944.37+270923.4	614311080	94.9348922	27.1565119	133.06	A5	Shi et al. (2023)
J061643.28+264718.3	614315088	94.1803711	26.7884333	111.64	A1	Shang et al. (2022)
J061958.67+261541.1	614315184	94.99446	26.26144	210.5	A1	Shi et al. (2023)
J060518.33+240216.8	615314093	91.3264126	24.0380126	92.45	A1	Shi et al. (2023)
J001630.01+515036.8	615603093	4.1250589	51.843581	56.17	A6	Shang et al. (2022)
J001433.00+515549.4	615610233	3.637521	51.930393	90.41	F0	Shang et al. (2022)
J003234.13+533930.0	615612024	8.1422123	53.658349	54.35	A2	Shang et al. (2022)
J020926.85+443847.2	615711213	32.361911	44.646445	60.78	A2	Shi et al. (2023)
J064918.22+072308.0	615903003	102.3259294	7.3855622	128.79	A1	Shi et al. (2023)
J064832.11+075441.2	615903168	102.1338283	7.9114514	101.39	A1	Shi et al. (2023)
J065123.76+074924.9	615904172	102.8490375	7.823605	151.76	A2	Shang et al. (2022)
J065219.04+064438.4	615905145	103.0793347	6.7440242	101.1	F0	Shang et al. (2022)
J064842.15+070349.6	615905188	102.1756431	7.0637856	92.03	A1	Shi et al. (2023)
J065758.45+062836.9	615907057	104.4935478	6.4769192	179.66	A2	Shang et al. (2022)
J065729.91+055809.8	615907247	104.3746508	5.9694033	76.46	F0	Yang et al. (2024)
J065714.75+073911.8	615908086	104.3114746	7.6532895	176.12	A2	Shi et al. (2023)
J065449.00+064403.3	615908186	103.7041944	6.7342681	195.09	A1	Shang et al. (2022)
J064521.24+071928.6	615910058	101.3385019	7.3246358	84.01	A5	Shang et al. (2022)
J064529.41+072552.3	615910074	101.3725711	7.4312053	249.93	A1	Hümmerich et al. (2020)
J064247.86+073421.7	615910128	100.6994403	7.5727117	63.04	A1	Shang et al. (2022)
J065419.48+094904.1	615911062	103.5811806	9.8178206	98.06	A2	Shi et al. (2023)
J065401.35+093740.8	615911072	103.5056356	9.6280269	83.81	A1	Shang et al. (2022)
J065943.53+091221.1	615912218	104.9313811	9.20587	89.55	A1	Shang et al. (2022)
J070016.96+082755.5	615913134	105.0706739	8.4654425	89.95	A3	Shi et al. (2023)
J065239.93+090550.0	615915137	103.1663997	9.0972497	181.41	A1	Shang et al. (2022)
J064450.69+090810.7	615916023	101.2112172	9.1363328	90.75	A1	Shang et al. (2022)
J064621.97+090605.6	615916085	101.5913292	9.10283944	263.38	A1	Renson & Manfroid (2009)
J064942.53+095057.3	615916131	102.4272164	9.8492714	103.25	A2	Shi et al. (2023)
J064744.36+092432.3	615916160	101.934855	9.4089969	195.03	A2	Shi et al. (2023)
J064635.18+092653.7	615916188	101.6465867	9.4482744	84.83	A1	Shang et al. (2022)
J064746.80+095209.7	615916243	101.9450017	9.8693658	81.06	A2	Shang et al. (2022)
J011217.69+612701.7	617404026	18.073717	61.450487	77.26	A2	Shang et al. (2022)
J011116.35+605800.8	617404164	17.818126	60.966911	100.88	A1	Shang et al. (2022)
J011501.74+600417.1	617405108	18.757272	60.07144	159.26	A1	Shi et al. (2023)
J013259.93+601804.9	617406157	23.249734	60.301366	57.01	A2	Shi et al. (2023)
J012627.65+604833.3	617408099	21.615249	60.809253	114.59	A2	Shi et al. (2023)
J012042.59+594630.7	617408125	20.177468	59.775202	100.02	A1	Shi et al. (2023)
J005715.20+601641.8	617410117	14.313362	60.278286	96.17	A2	Shang et al. (2022)
J013121.43+613815.0	617413177	22.839307	61.637508	75.81	A2	Shi et al. (2023)
J062504.99+114119.8	618504026	96.270833	11.688855	56.16	A5	Yang et al. (2024)
J063001.92+092340.8	618507020	97.508038	9.3946942	99.12	A2	Shang et al. (2022)
J063034.13+093840.0	618507121	97.64222	9.6444524	94.75	A1	Shi et al. (2023)
J061719.29+102925.3	618510080	94.330416	10.490377	87.06	A5	Yang et al. (2024)
J063515.49+113053.7	618513036	98.81455	11.514918	109.38	A1	Shi et al. (2023)
J224507.39+445319.3	618702126	341.280814	44.888698	174.35	A1	Shi et al. (2023)
J224514.12+462322.5	618703076	341.308864	46.389587	292.19	A2	Shang et al. (2022)
J225720.96+473448.0	618709062	344.33538	47.579906	182.83	A1	Shang et al. (2022)
J225938.84+465600.3	618709130	344.911848	46.933417	73.8	A1	Shang et al. (2022)
J224348.68+455432.6	618710215	340.951013	45.90908	83.87	A1	Shang et al. (2022)
J224829.70+482327.5	618716138	342.123761	48.390983	91.91	A7	Yang et al. (2024)
J061630.36+102116.0	618901087	94.126511	10.354459	52.82	A5	Yang et al. (2024)
J061812.80+100244.4	618901189	94.553341	10.045694	66.12	A1	Yang et al. (2024)
J061232.45+100828.1	618902116	93.135232	10.141145	122.1	A2	Shang et al. (2022)
J061043.80+110713.9	618902178	92.682521	11.120535	75.94	A5	Yang et al. (2024)
J061909.56+143120.1	618911034	94.789856	14.522277	55.06	A2	Shi et al. (2023)
J061359.92+143644.0	618911151	93.499681	14.612249	76.92	A2	Shang et al. (2022)
J062042.29+133956.5	618912097	95.176246	13.665717	138.17	A1	Shang et al. (2022)
J003859.53+460351.3	619005008	9.748079	46.064256	114.26	A1	Shi et al. (2023)
J004134.13+481411.3	619009175	10.392071	48.235373	93.9	A6	Shang et al. (2022)
J003711.29+495827.9	619011149	9.297051	49.974433	101.88	A1	Shang et al. (2022)
J065844.52+201432.4	619104125	104.6855294	20.2423419	259.97	A1	Shi et al. (2023)
J065122.67+213817.5	619116092	102.8444764	21.6382122	106.46	A1	Shi et al. (2023)
J041050.59+600137.4	619701242	62.710796	60.027081	94.23	A2	Shi et al. (2023)
J040723.71+621338.0	619703093	61.848815	62.227241	60.24	A6	Yang et al. (2024)
J073544.82+232336.0	619902128	113.9367875	23.3933556	221.42	A1	Hümmerich et al. (2020)
J074459.34+233759.0	619908222	116.2472594	23.6330603	169.83	A6	Shang et al. (2022)
J052653.69+053311.3	627101136	81.723749	5.5531582	75.49	A2	Shang et al. (2022)
J053440.14+062159.3	627106194	83.667288	6.3664814	67.93	A5	Yang et al. (2024)
J052938.62+091841.0	627111036	82.41094	9.3113982	53.16	A1	Shang et al. (2022)
J024329.30+412601.4	630107140	40.872101	41.433739	66.58	A7	Shang et al. (2022)
J063857.42+214329.0	630201106	99.7392525	21.7247289	64.73	A5	Shang et al. (2022)
J063451.26+220754.9	630205220	98.7136092	22.1319178	75.63	A5	Yang et al. (2024)
J064601.44+221654.3	630207126	101.5060289	22.2817731	74.79	A5	Shi et al. (2023)
J062812.44+230104.3	630210120	97.0518511	23.0178842	83.04	A5	Shang et al. (2022)
J063739.77+241634.5	630215104	99.4157458	24.2762733	104.72	A6	Shi et al. (2023)
J063825.75+241829.3	630215117	99.6073244	24.3081647	97.78	F0	Yang et al. (2024)
J021114.67+440047.5	630611061	32.8111489	44.0132106	122.63	A5	Yang et al. (2024)
J062145.00+231402.7	631113053	95.4375358	23.2340867	63.41	A5	Yang et al. (2024)
J020840.76+444402.0	631604188	32.169872	44.733904	118.23	A1	Shi et al. (2023)
J061210.33+113216.6	641101100	93.043054	11.537956	65.97	A5	Shi et al. (2023)
J060745.07+112159.4	641102115	91.937813	11.366522	69.66	A1	Shi et al. (2023)
J060920.67+130529.7	641103025	92.336152	13.091585	97.1	A1	Shi et al. (2023)
J060438.71+131433.5	641110066	91.161313	13.242662	50.56	A5	Shang et al. (2022)
J061021.34+124422.4	641205160	92.58895	12.739572	102.89	A2	Shi et al. (2023)
J061412.86+130520.7	641208020	93.553589	13.08909	86.11	A1	Shang et al. (2022)
J061539.39+124253.2	641208128	93.914165	12.714804	82.35	A1	Shi et al. (2023)
J061224.19+143316.9	641215121	93.100795	14.55472	128.79	A1	Shi et al. (2023)
J051404.15+611946.0	643606074	78.517326	61.329464	64.11	A2	Yang et al. (2024)
J060138.89+153443.6	643707087	90.4120764	15.5788028	58.29	A2	Shi et al. (2023)
J055747.87+171201.6	643708042	89.4494761	17.2004511	56.55	A1	Shi et al. (2023)
J055739.82+160140.9	643708219	89.4159458	16.0280342	134.52	A3	Shi et al. (2023)
J055804.63+174733.0	643709223	89.5193094	17.7925047	154.92	A7	Shang et al. (2022)
J054512.98+170931.3	643710149	86.3041061	17.1587089	150.23	A1	Shi et al. (2023)
J055501.51+185800.7	643711241	88.7563144	18.9668708	91.62	A1	Shang et al. (2022)
J055547.47+191413.6	643711250	88.9478159	19.2371347	139.94	A1	Shang et al. (2022)
J061238.13+213810.9	644901140	93.15889	21.636383	409.15	A1	Shi et al. (2023)
J043617.60+621545.8	647014012	69.073373	62.262728	84.9	A1	Shi et al. (2023)
J055136.76-002538.1	647510040	87.903205	-0.42857361	403.9	A7	Shang et al. (2022)
J055920.70+024024.0	647511125	89.8362731	2.6733383	236.44	A1	Shang et al. (2022)
J060739.87+011158.3	647513008	91.9161536	1.1995289	110.05	A5	Lu et al. (2025)
J055138.56+021421.9	647516207	87.9106747	2.2394217	177.91	A1	Shi et al. (2023)
J061448.04+082608.9	647601159	93.7002067	8.4358314	206.84	A2	Shi et al. (2023)
J061348.16+083500.7	647602064	93.4506941	8.5835449	135.52	A1	Shi et al. (2023)
J061139.26+095634.8	647603032	92.9136158	9.9430175	173.16	A2	Shang et al. (2022)
J061033.24+104723.7	647603118	92.6385342	10.7899275	193.35	A1	Shi et al. (2023)
J061618.70+093615.3	647605117	94.0788975	9.60492694	411.55	A2	Renson & Manfroid (2009)
J061550.77+092215.8	647605167	93.9615661	9.3710803	281.33	A2	Shi et al. (2023)
J061325.81+085045.8	647605204	93.3575819	8.8460614	187.36	A1	Shi et al. (2023)
J061940.62+083745.7	647607023	94.9192519	8.6293725	129.81	A1	Shang et al. (2022)
J062037.22+082436.2	647607215	95.1551192	8.4100767	142.77	A1	Shi et al. (2023)
J061936.16+090132.7	647608205	94.9006681	9.0257636	327.99	A1	Shang et al. (2022)
J061825.38+111259.6	647609101	94.6057794	11.2165706	55.48	A1	Shang et al. (2022)
J061819.62+110024.0	647609165	94.5817669	11.006685	95.04	A1	Shang et al. (2022)
J062025.06+110635.6	647609188	95.1044556	11.1099081	319.81	A1	Shang et al. (2022)
J060831.71+101037.6	647610013	92.1321456	10.1771178	194.11	A1	Shi et al. (2023)
J062206.81+112032.6	647612165	95.5283783	11.3424111	200.03	A2	Shi et al. (2023)
J062140.13+112544.6	647612170	95.4172142	11.4290572	252.52	A1	Yang et al. (2024)
J062348.54+103312.4	647613223	95.95112361	10.55345889	205.34	A2	Renson & Manfroid (2009)
J062216.48+104549.6	647613232	95.5686869	10.7637944	77.98	A5	Shang et al. (2022)
J060835.64+111107.4	647614133	92.148515	11.1854111	212.02	A2	Shi et al. (2023)
J060714.95+104042.2	647614235	91.81342306	10.67831722	60.37	A1	Shang et al. (2022)
J061027.28+120334.2	647616027	92.6136686	12.0595172	135.78	A1	Shi et al. (2023)
J060905.53+114858.8	647616211	92.2730764	11.8163364	56.92	A1	Shi et al. (2023)
J042731.14+130812.0	648513176	66.87861556	13.13668722	136.97	A1	Shang et al. (2022)
J061148.64+230615.9	648602116	92.9526667	23.10443	68.49	A1	Shang et al. (2022)
J062020.70+252609.6	648609231	95.08714917	25.43523389	77.05	A2	Hümmerich et al. (2020)
J061244.89+264910.8	648616109	93.1870628	26.8196806	66.03	A1	Shi et al. (2023)
J042735.68+063640.3	648716083	66.89982194	6.61198889	666.53	A6	Renson & Manfroid (2009)
J071154.76+345913.6	648807192	107.9780189	34.98851472	196.53	A5	Renson & Manfroid (2009)
J070358.72+372654.4	648815131	105.9946774	37.4484653	271.51	A1	Shang et al. (2022)
J045158.58+200344.9	649408203	72.9941138	20.0624827	339.92	A1	Shang et al. (2022)
J044220.19+201347.5	649410152	70.584133	20.229885	357.26	A1	Shang et al. (2022)
J045107.48+231454.1	649411071	72.7811958	23.2483722	99.31	A2	Shi et al. (2023)
J044741.44+230821.0	649411180	71.9226758	23.1391888	195.87	A1	Shi et al. (2023)
J045504.48+230922.5	649412180	73.7686714	23.1562721	344.67	A1	Shang et al. (2022)
J075742.58+253614.6	650801155	119.4274523	25.6040715	78.17	A1	Shang et al. (2022)
J060106.34-042123.3	651805009	90.276433	-4.356478	126.28	A7	Hümmerich et al. (2020)
J145218.93+201037.8	652507248	223.0789065	20.1771872	64.9	A5	Shang et al. (2022)
J070008.16+042238.1	655806155	105.03404	4.3772701	59.25	F0	Shang et al. (2022)
J070754.35+121036.0	656302147	106.9764639	12.1766944	101.6	A1	Shi et al. (2023)
J070800.38+134653.2	656303086	107.0015961	13.7814492	136.47	A1	Shang et al. (2022)
J071458.66+125334.0	656305131	108.7444558	12.8927928	283.88	A1	Shi et al. (2023)
J071558.74+150916.1	656309103	108.9947881	15.1544869	142.08	A1	Shi et al. (2023)
J071512.61+153632.9	656311058	108.8025778	15.6091628	245.01	A5	Shang et al. (2022)
J071416.17+152117.5	656315046	108.5673794	15.3548856	316.24	A1	Shi et al. (2023)
J072125.88+035420.9	656703248	110.357836	3.905822	94.74	A1	Shi et al. (2023)
J071653.66+050509.5	656714118	109.2235965	5.0859802	255.77	A1	Shi et al. (2023)
J072417.38+054727.1	656715201	111.073315	5.791891	104.76	A1	Renson & Manfroid (2009)
J170210.52+194917.3	657105168	255.5438336	19.821495	79.98	A1	Shi et al. (2023)
J071208.33+185914.8	657201203	108.034744	18.9874449	96.3	A1	Shi et al. (2023)
J070941.38+210505.8	657203185	107.4224195	21.0849637	54.22	A6	Shang et al. (2022)
J071706.53+205244.1	657208067	109.2761256	20.87846139	189.25	A1	Shi et al. (2023)
J070253.49+204333.7	657210096	105.7241625	20.72647806	68.56	A5	Shang et al. (2022)
J070608.63+213900.3	657214064	106.5359639	21.6500867	96.65	A1	Shang et al. (2022)
J074759.40+303434.3	657709134	116.9975349	30.5761987	164.03	A7	Hümmerich et al. (2020)
J133835.20+100715.7	662211056	204.647958	10.121274	166.38	F0	Hümmerich et al. (2020)
J193638.36+381107.9	664012200	294.15986	38.185532	61.35	A1	Shi et al. (2023)
J051201.47+201540.7	679005038	78.0061268	20.2613094	111.31	A2	Shang et al. (2022)
J052206.40+221830.8	679012220	80.5266719	22.3085787	110.52	A1	Lu et al. (2025)
J061052.69+130724.5	679501127	92.7195481	13.1234844	103.07	A1	Shi et al. (2023)
J061124.43+124501.6	679501177	92.85249556	12.75138861	203.21	A3	Shi et al. (2023)
J060352.23+132918.2	679502038	90.9676269	13.4883964	180.85	A1	Yang et al. (2024)
J060518.19+125728.8	679502122	91.3258148	12.958002	146.19	A1	Shi et al. (2023)
J060823.60+150657.0	679504022	92.0983556	15.1158461	339.39	A1	Shi et al. (2023)
J061041.32+140930.1	679505120	92.67085722	14.15816111	320.46	A1	Shang et al. (2022)
J061218.29+123436.1	679507158	93.07490222	12.5767125	102.58	A1	Gaia Collaboration et al. (2016, 2023)
J061359.62+152218.7	679509042	93.4984483	15.3718622	78.64	A1	Shi et al. (2023)
J061011.37+162922.0	679511084	92.5473989	16.4894697	70.78	A1	Shi et al. (2023)
J061104.30+171628.5	679511209	92.76653111	17.27460389	136.58	A1	Yang et al. (2024)
J060414.96+154219.4	679514091	91.0623642	15.7053902	201.75	A1	Shi et al. (2023)
J060259.04+160557.1	679514128	90.74483806	16.09921944	397.72	A1	Shi et al. (2023)
J060816.32+163644.6	679516115	92.0680025	16.612415	76.17	A1	Yang et al. (2024)
J043140.13+203059.8	680905049	67.91599444	20.5166125	83.34	A1	Shi et al. (2023)
J042522.01+232325.4	680916032	66.34162	23.38930444	214.62	A3	Shi et al. (2023)
J030457.20+523119.3	685801101	46.2383688	52.5220475	211.98	A2	Shi et al. (2023)
J030445.80+523800.6	685801135	46.1908399	52.633516	125.42	A1	Shi et al. (2023)
J025304.91+535235.8	685803227	43.2704687	53.8766152	453.32	A2	Shi et al. (2023)
J025951.19+540339.1	685804178	44.9633212	54.0608714	572.99	A2	Shi et al. (2023)
J030714.18+553530.5	685809065	46.8090845	55.5918327	69.06	A1	Shang et al. (2022)
J025039.93+535725.0	685810066	42.6663805	53.9569699	147.75	A2	Shang et al. (2022)
J024836.90+535847.1	685810107	42.1537712	53.9797616	156.06	A1	Yang et al. (2024)
J025212.38+533240.6	685810159	43.0516126	53.5446199	373.99	A2	Shi et al. (2023)
J025932.56+561129.1	685811003	44.8856834	56.1914203	312.56	A2	Shi et al. (2023)
J030702.87+563709.3	685811046	46.7619986	56.6192711	119.55	A3	Shi et al. (2023)
J031423.09+560524.1	685812199	48.5962184	56.090035	67.33	A2	Shang et al. (2022)
J035222.92+325344.1	685913142	58.09553	32.89559	77.62	A1	Hümmerich et al. (2020)
J062343.01+165840.1	686102075	95.9292276	16.9778126	213.92	A2	Shi et al. (2023)
J062512.47+171729.3	686105094	96.3019653	17.2914893	317.32	A1	Shang et al. (2022)
J063158.67+172531.2	686107187	97.994461	17.4253356	340.02	A1	Shi et al. (2023)
J063309.36+172950.7	686107200	98.2890353	17.49742	150.78	A1	Shang et al. (2022)
J062958.15+193629.8	686109037	97.492298	19.6082781	256.32	A1	Shang et al. (2022)
J061911.28+183721.8	686110249	94.7970337	18.6227447	132.8	A1	Shang et al. (2022)
J062007.71+191655.8	686114159	95.03214	19.282176	139.62	A2	Shang et al. (2022)
J062535.76+201504.7	686115225	96.3990374	20.2513218	165.69	A1	Shang et al. (2022)
J061958.76+200613.5	686116082	94.9948334	20.1037569	263.86	A7	Yang et al. (2024)
J065519.99+251847.0	686612140	103.833319	25.3130686	71.56	A1	Yang et al. (2024)
J064540.47+235117.7	686703062	101.4193861	23.85374917	83.25	A1	Gaia Collaboration et al. (2016, 2023)
J064802.40+224055.7	686705182	102.0100208	22.6821592	93.46	F0	Yang et al. (2024)
J065647.49+243000.6	686709192	104.19908	24.49968694	67.1	A1	Shi et al. (2023)
J053027.80+461036.1	686902233	82.615849	46.176716	57.23	A1	Shang et al. (2022)
J053355.91+472241.8	686904178	83.482976	47.378285	76.08	A2	Shang et al. (2022)
J053515.24+463342.7	686905034	83.813505	46.561871	108.48	A2	Shang et al. (2022)
J052905.53+482237.3	686915068	82.27308	48.377046	85.51	A2	Shang et al. (2022)
J065216.69+205412.7	687103112	103.069572	20.9035304	74.04	A2	Hümmerich et al. (2022)
J065629.87+200101.8	687104144	104.1244681	20.0171709	197.09	A1	Hümmerich et al. (2020)
J064754.14+201923.0	687110147	101.9755989	20.3230619	125.57	A1	Shi et al. (2023)
J065403.75+221540.6	687116070	103.5151336	22.26255889	62.9	A5	Renson & Manfroid (2009)
J050550.39+225118.1	687705206	76.458859	22.85419	349.78	A1	Gaia Collaboration et al. (2016, 2023)
J051100.37+240150.5	687708236	77.7515619	24.0307067	133.66	A2	Shi et al. (2023)
J034721.19+494538.9	687901160	56.838297	49.760808	50.61	A1	Shang et al. (2022)
J034752.79+502037.3	687905016	56.969998	50.3437	70.76	A1	Shi et al. (2023)
J035514.00+521306.2	687909143	58.808356	52.218393	59.16	A5	Shang et al. (2022)
J034301.86+524626.3	687915077	55.757767	52.773993	94.95	A2	Shang et al. (2022)
J064826.73+145651.2	688101021	102.1113781	14.9475639	94.68	A5	Yang et al. (2024)
J064100.20+150914.4	688102202	100.2508383	15.1540067	143.51	A5	Yang et al. (2024)
J064142.18+170708.8	688103057	100.4257708	17.1191114	61.86	A1	Shang et al. (2022)
J064748.24+160800.0	688105103	101.95208	16.13278	103.2	A2	Hümmerich et al. (2020)
J063713.63+164958.0	688110128	99.30681	16.8328	271.29	A1	Shi et al. (2023)
J031148.65+515219.2	688503064	47.952709	51.872019	60.25	A2	Shang et al. (2022)
J032419.63+514142.6	688504245	51.081793	51.695174	120.09	A1	Shang et al. (2022)
J031956.29+505543.5	688505172	49.984559	50.928758	120.05	A2	Shi et al. (2023)
J033245.85+513310.4	688506043	53.191052	51.552891	98.43	A2	Shi et al. (2023)
J033430.76+504440.4	688506119	53.628202	50.744576	60.78	A3	Yang et al. (2024)
J031020.64+521129.5	688514154	47.58603	52.191552	91.06	A2	Shi et al. (2023)
J065248.45-033247.1	696509189	103.201888	-3.546439	92.54	A1	Shang et al. (2022)
J064415.48-061037.4	696602013	101.064514	-6.177065	160.01	A1	Shi et al. (2023)
J064135.23-054610.7	696602042	100.3968012	-5.7696403	116.75	A1	Shi et al. (2023)
J064449.58-054625.4	696602062	101.2065894	-5.77374	131.13	A1	Shi et al. (2023)
J064254.14-045229.8	696603238	100.7256148	-4.8749564	208.54	A2	Shi et al. (2023)
J065657.60-051849.8	696606118	104.2400073	-5.3138403	124.03	A1	Shang et al. (2022)
J065137.34-053559.1	696607113	102.9056211	-5.5997731	54.38	A2	Shi et al. (2023)
J065311.33-053512.4	696607182	103.297245	-5.586779	213.41	A1	Shi et al. (2023)
J065339.25-053703.7	696607189	103.413566	-5.617722	65.63	A5	Shang et al. (2022)
J065401.73-041911.4	696608099	103.5072338	-4.3198359	191.29	A2	Shi et al. (2023)
J064649.74-021619.3	696611018	101.7072686	-2.2720504	131.03	A1	Shi et al. (2023)
J065419.90-032531.5	696613164	103.582946	-3.425431	211.82	A1	Shang et al. (2022)
J065459.63-035907.2	696613203	103.7472178	-3.98534639	81.56	A1	Shang et al. (2022)
J064032.48-033419.1	696614213	100.1353749	-3.5719942	160.46	A1	Shi et al. (2023)
J060453.30+205450.7	696702218	91.22091972	20.91408667	52.45	A2	Shi et al. (2023)
J060621.74+212439.7	696702241	91.59083	21.40991	260.56	A2	Shi et al. (2023)
J060556.25+223531.2	696703032	91.4843878	22.5920169	101.61	A1	Shi et al. (2023)
J060516.95+221012.3	696710216	91.3206447	22.1700864	66.61	A1	Shang et al. (2022)
J060333.37+231018.3	696714063	90.8890703	23.1717506	133.78	A2	Shang et al. (2022)
J060359.34+243543.5	696716181	90.9972728	24.5954175	52.61	A1	Shang et al. (2022)
J003441.15+390348.0	697009049	8.671484	39.063336	61.8	F0	Shang et al. (2022)
J024218.36+462646.3	697204142	40.576522	46.446206	77.99	A6	Shang et al. (2022)
J024754.70+461435.0	697208134	41.977946	46.243068	83.94	A2	Shang et al. (2022)
J024201.96+451624.6	697301161	40.507796	45.272451	194.98	A1	Shang et al. (2022)
J023948.36+472925.6	697303147	39.951509	47.490468	190.4	A2	Shi et al. (2023)
J024704.38+474135.4	697309029	41.76828	47.693184	135.85	A1	Shi et al. (2023)
J055837.82+042933.5	697404079	89.65625111	4.49266639	583.6	A2	Renson & Manfroid (2009)
J055942.01+071739.2	697411049	89.92374389	7.29434417	356.98	A1	Shang et al. (2022)
J055649.57+065911.5	697411191	89.2065483	6.9865375	181.14	A1	Shi et al. (2023)
J060432.11+051316.0	697413077	91.1338236	5.2211142	65.56	A1	Shi et al. (2023)
J100639.40+244606.4	697509186	151.6641825	24.7684508	112.69	A7	Shang et al. (2022)
J061639.34+204208.3	697702147	94.1639519	20.7023286	65.52	A2	Shang et al. (2022)
J063015.16+215028.4	697706193	97.5632042	21.8412261	91.82	A1	Shi et al. (2023)
J062638.99+233156.5	697709058	96.6624697	23.5323828	90.6	A2	Shi et al. (2023)
J063115.49+235418.3	697712208	97.8145475	23.9050978	123.01	A2	Hümmerich et al. (2020)
J061620.10+205445.8	697802050	94.08259	20.91274	149.8	A2	Shang et al. (2022)
J062157.03+210049.6	697805094	95.4876264	21.0137794	76.9	A1	Shang et al. (2022)
J062649.99+244513.2	697812239	96.70972417	24.75378528	58.31	A2	Shi et al. (2023)
J061713.35+232351.6	697814098	94.30564	23.39767	244.44	A2	Shang et al. (2022)
J062257.56+231621.8	697815107	95.74008	23.27384	123.75	A3	Renson & Manfroid (2009)
J062431.40+051129.3	699101174	96.130867	5.1914897	82.92	A2	Shi et al. (2023)
J065106.53+100406.7	708002080	102.77721	10.068532	105.27	A2	Shang et al. (2022)
J065116.27+134007.5	708016043	102.8178	13.668766	90.34	A1	Shi et al. (2023)
J065118.66+130322.2	708016092	102.82776	13.056183	67.96	A7	Shang et al. (2022)
J071816.48+082707.5	708401094	109.5692675	8.45107778	225.66	A2	Shang et al. (2022)
J060339.97+105417.1	709906197	90.916549	10.904758	90.31	A2	Shang et al. (2022)
J024823.58+411323.9	710208244	42.0982551	41.2233113	281	A1	Shang et al. (2022)
J055629.25+120153.3	711201103	89.1218937	12.0314966	239.74	A1	Hümmerich et al. (2020)
J054900.58+115132.5	711202220	87.2524233	11.8590319	71.79	A2	Shi et al. (2023)
J054958.14+140529.1	711203058	87.4922585	14.0914197	69.45	A1	Shang et al. (2022)
J055923.24+121336.9	711207119	89.8468594	12.2269428	141.42	A1	Shang et al. (2022)
J055719.01+124008.6	711208195	89.3292208	12.6690781	131.86	A5	Hümmerich et al. (2020)
J055617.33+160042.3	711211111	89.0722392	16.0117761	200.8	A2	Lu et al. (2025)
J060020.24+154701.5	711212189	90.0843686	15.7837572	54.92	A1	Hümmerich et al. (2020)
J055129.62+145503.4	711215096	87.8734324	14.917622	145.24	A2	Lu et al. (2025)
J055346.73+144708.1	711215186	88.4447453	14.7856017	131.04	A3	Shi et al. (2023)
J055013.57+155116.4	711216243	87.5565781	15.8545761	67.37	A1	Shang et al. (2022)
J084613.50+191508.9	711401178	131.5549872	19.25249028	235.67	A2	Hümmerich et al. (2020)
J044845.03+202134.6	712712137	72.187641	20.359629	468.2	A1	Shang et al. (2022)
J044220.19+201347.4	712716152	70.584144	20.229849	315.61	A2	Shang et al. (2022)
J082235.27+161149.2	713402161	125.6469837	16.1970115	187.68	A2	Shi et al. (2023)
J061642.73+251725.6	713603031	94.1780764	25.29045	100.9	A2	Shi et al. (2023)
J061642.12+254153.4	713603170	94.1755058	25.6981794	121.29	A2	Shang et al. (2022)
J061158.95+245713.9	713610100	92.9956658	24.9538772	87.69	A1	Shi et al. (2023)
J061431.00+271708.4	713616190	93.6292	27.2856856	70.17	A2	Shi et al. (2023)
J061341.48+243210.3	713702193	93.42421	24.5362	57.14	A7	Shang et al. (2022)
J062739.86+243519.6	713706008	96.9160992	24.5887858	91.36	A2	Shang et al. (2022)
J062654.15+234903.0	713707070	96.7256372	23.8175101	97.98	A2	Yang et al. (2024)
J061342.52+263829.5	713714142	93.42718	26.64154	355.86	A1	Hümmerich et al. (2020)
J024024.47+512520.2	714803093	40.100551	51.421408	125.71	A1	Yang et al. (2024)
J024921.15+512147.4	714804118	42.338159	51.363186	104.5	A2	Bernhard et al. (2021)
J025759.69+495240.9	714807089	44.496608	49.878044	215.86	A2	Renson & Manfroid (2009)
J025313.81+525518.7	714809084	43.307559	52.921881	71.75	F0	Yang et al. (2024)
J023844.12+510644.1	714810217	39.6838699	51.112254	150.06	A1	Hümmerich et al. (2020)
J024434.62+525703.6	714815153	41.144111	52.949822	329.91	A2	Shang et al. (2022)
J045107.51+231454.1	721606155	72.7813081	23.2483647	81.14	A2	Shi et al. (2023)
J043240.11+250720.9	721614017	68.165848	25.122709	50.14	A1	Gaia Collaboration et al. (2016, 2023)
J044233.21+245153.2	721615111	70.63718417	24.86479667	64.07	F0	Renson & Manfroid (2009)
J064547.91+231816.2	721706084	101.4494358	23.30345583	170.64	A1	Shi et al. (2023)
J063131.39+253725.1	721716037	97.88051583	25.62471194	99.23	A2	Shang et al. (2022)
J031710.54+440124.4	722004235	49.293917	44.023459	55.8	A6	Shang et al. (2022)
J031734.80+431639.0	722008020	49.3950238	43.2775082	201.96	A2	Shang et al. (2022)
J031833.16+443340.4	722009038	49.639954	44.561016	330.27	A1	Shang et al. (2022)
J060711.68+102912.1	724115087	91.79868	10.486697	67.04	A1	Shang et al. (2022)
J060956.09+091622.2	724204123	92.483733	9.2728399	69.1	A2	Shang et al. (2022)
J061554.29+082030.6	724207178	93.976222	8.3418465	61.55	A1	Shang et al. (2022)
J061312.08+092213.2	724208027	93.300347	9.3703434	92.26	A2	Shang et al. (2022)
J061224.16+113650.1	724211036	93.10069	11.613926	65.51	A2	Yang et al. (2024)
J061047.67+103404.4	724215133	92.698626	10.567894	112.52	A2	Yang et al. (2024)
J040520.96+130755.5	724305136	61.33598	13.13210111	377.55	A2	Shang et al. (2022)
J071509.06-002828.0	724603036	108.7877853	-0.4744566	167.21	A2	Shang et al. (2022)
J071954.72-010006.5	724605131	109.978032	-1.001825	137.16	A2	Shi et al. (2023)
J071447.84-004319.5	724605196	108.699334	-0.722111	74.31	A1	Shi et al. (2023)
J072551.55-013858.8	724607076	111.465953	-1.650102	280.39	A2	Shang et al. (2022)
J071243.05+005310.6	724614088	108.179381	0.886286	102.31	A1	Shi et al. (2023)
J071244.99+003112.8	724614151	108.186152	0.520467	112.14	A2	Shang et al. (2022)
J045817.66+223929.8	730504250	74.5735971	22.6582901	61.58	A1	Shi et al. (2023)
J061242.37+173045.7	730902064	93.17611778	17.51389972	57.52	A1	Shang et al. (2022)
J061058.53+165733.8	730902111	92.7438833	16.9593978	143.93	A1	Hümmerich et al. (2020)
J061834.25+181150.6	730908105	94.6427367	18.1974153	81.25	A5	Shang et al. (2022)
J061350.91+205213.6	730911090	93.4621447	20.8704606	157.65	F0	Yang et al. (2024)
J062345.06+202533.8	730912215	95.93814972	20.42509361	152.09	A2	Shang et al. (2022)
J060802.47+193720.6	730914151	92.0103086	19.6223894	50.5	A5	Shang et al. (2022)
J062857.63+171034.3	731504012	97.2401361	17.1762142	80.55	A5	Shang et al. (2022)
J062849.59+153654.9	731505092	97.2066256	15.6152736	54.41	A1	Shang et al. (2022)
J063712.53+151139.5	731507092	99.3022318	15.1943067	90.25	A1	Yang et al. (2024)
J062405.39+161813.1	731510069	96.0224806	16.3036403	64.16	A1	Shi et al. (2023)
J062738.21+165035.2	731603197	96.90921	16.8431246	225.65	A3	Shang et al. (2022)
J063802.51+163738.6	731606041	99.5104658	16.6274114	63.1	A2	Shi et al. (2023)
J063232.70+155949.8	731608192	98.1362587	15.9971742	108.4	A1	Hümmerich et al. (2020)
J055721.84+254214.3	732001053	89.3410061	25.7039797	64.98	A5	Shang et al. (2022)
J055023.89+261330.1	732002156	87.5995832	26.2250546	166.41	A1	Shi et al. (2023)
J055827.72+280832.5	732004044	89.6155037	28.1423788	126.78	A2	Shi et al. (2023)
J055817.75+275608.4	732004049	89.573995	27.9356733	65.78	A3	Shang et al. (2022)
J054858.28+275631.3	732014229	87.2428586	27.9420417	51.11	A1	Shi et al. (2023)
J062936.59+184324.2	733401126	97.4024881	18.7233906	84.79	A1	Shang et al. (2022)
J062634.86+180238.5	733401207	96.6452722	18.0440278	100.18	A1	Shi et al. (2023)
J062028.00+185753.2	733402083	95.1167047	18.9647884	124	A1	Shi et al. (2023)
J062133.46+191543.9	733402177	95.3894461	19.262215	58.71	A1	Shi et al. (2023)
J062357.09+204923.4	733403217	95.9879011	20.8231694	142.51	A1	Shi et al. (2023)
J062531.73+204020.5	733404012	96.3822181	20.6723875	139.11	A1	Shang et al. (2022)
J063257.36+182127.6	733407233	98.2390142	18.3576742	78.47	A1	Shang et al. (2022)
J063036.58+224613.2	733411046	97.6524372	22.7703392	150.9	A1	Shi et al. (2023)
J063744.41+195655.1	733506168	99.43364	19.94866	176.2	A6	Renson & Manfroid (2009)
J063433.35+190618.5	733507176	98.638965	19.1051658	174.67	A2	Bernhard et al. (2021)
J063103.83+201822.0	733508042	97.7659978	20.3061353	155.2	A5	Shang et al. (2022)
J063036.07+191550.2	733508216	97.6503092	19.2639531	104.28	A1	Shi et al. (2023)
J062901.75+221810.1	733511065	97.2573067	22.3028331	161.15	A2	Shi et al. (2023)
J063718.25+204411.6	733513052	99.3260806	20.7365831	98.61	A1	Shang et al. (2022)
J061925.97+204122.2	733514197	94.8582096	20.6895174	311.74	A1	Hümmerich et al. (2020)
J061953.91+210238.8	733514206	94.9746278	21.0441383	156.12	A5	Shi et al. (2023)
J062832.55+213449.5	733515133	97.13566	21.58043	356.28	A2	Shi et al. (2023)
J062723.52+212713.3	733515176	96.84689278	21.453715	235.45	A2	Shi et al. (2023)
J134827.68+073334.9	733601089	207.1153583	7.5597222	144.05	A1	Shi et al. (2023)
J084553.87+151147.5	741106069	131.475703	15.196004	364.32	A1	Shang et al. (2022)
J021151.41+372456.7	757208240	32.964239	37.415762	114.11	A6	Shang et al. (2022)
J020128.22+371521.4	757210224	30.367601	37.255953	58.76	A2	Shang et al. (2022)
J063913.88-021041.6	757302044	99.8078745	-2.1782303	86.31	A1	Shi et al. (2023)
J064357.18-014516.2	757305038	100.9882507	-1.7545085	150.21	A5	Shang et al. (2022)
J065238.08-020334.0	757307180	103.1587056	-2.0594656	77.08	A2	Yang et al. (2024)
J065035.14-011001.7	757308053	102.64644	-1.167142	94.52	A1	Shi et al. (2023)
J065127.59-001953.1	757309142	102.86496	-0.3314444	53.24	A5	Shang et al. (2022)
J064809.16-001729.0	757309209	102.038198	-0.291389	123.23	A1	Shi et al. (2023)
J064741.41+010416.3	757311063	101.922574	1.071197	55.26	A1	Shang et al. (2022)
J065233.28+010715.1	757312193	103.138693	1.120865	127.74	A1	Shang et al. (2022)
J213243.43+331712.5	757403154	323.180961	33.286822	468.39	A2	Shi et al. (2023)
J213829.74+332758.6	757404068	324.6239489	33.4662987	183.99	A1	Faltová et al. (2021)
J213404.83+323008.4	757405051	323.520129	32.502361	111.17	A3	Shang et al. (2022)
J214824.08+331430.0	757406067	327.1003665	33.2416706	166.6	A1	Shang et al. (2022)
J061027.80+272340.6	758402114	92.61509861	27.39382444	170.09	A2	Shang et al. (2022)
J061033.43+292503.4	758403181	92.63930917	29.41622889	549.86	A2	Shang et al. (2022)
J062328.67+292216.7	758406042	95.86865611	29.37219472	83.2	A1	Shang et al. (2022)
J062134.96+292444.6	758408076	95.3956858	29.4123978	237.37	A2	Lu et al. (2025)
J062027.08+291629.9	758408081	95.1128464	29.2749744	138.54	A1	Shi et al. (2023)
J062121.11+300433.1	758409198	95.3379897	30.0758875	233.5	A2	Shang et al. (2022)
J061650.54+312316.2	758411228	94.2105967	31.3878456	145.32	A1	Shang et al. (2022)
J062457.79+292818.9	758413051	96.2407972	29.4719264	91.9	A1	Shang et al. (2022)
J062433.19+292646.9	758413095	96.1383136	29.4463826	143.83	A1	Shang et al. (2022)
J063545.70+214508.1	758802044	98.9404422	21.7522774	258.81	A1	Shi et al. (2023)
J064851.39+211245.6	758807223	102.2141305	21.2126793	426.6	A2	Hümmerich et al. (2020)
J064810.81+243850.2	758812077	102.0450477	24.6472984	516.17	A1	Shi et al. (2023)
J065318.01+235757.0	758813022	103.3250472	23.9658447	124.03	A2	Shang et al. (2022)
J063417.67+231732.1	759714198	98.5736581	23.292251	173.59	A1	Shang et al. (2022)
J071324.56+053933.8	769302045	108.35237	5.6593998	385.97	A2	Shi et al. (2023)
J071535.89+054342.3	769302248	108.89955	5.7284329	300.06	A1	Shi et al. (2023)
J071411.85+061955.6	769310162	108.5494	6.3321162	294.53	A2	Shang et al. (2022)
J072310.27+055834.6	769408121	110.7928	5.9762843	88.36	A2	Shang et al. (2022)
J071744.63+074750.0	769415238	109.43599	7.7972385	527.05	A2	Shang et al. (2022)
J010512.81+101628.7	778116011	16.302303	10.274663	139.01	A2	Renson & Manfroid (2009)
J063240.44+232545.2	778214040	98.1685277	23.4292344	84.67	F0	Shang et al. (2022)
J050231.34+091158.9	780312171	75.63061	9.199702	92.35	F0	Shi et al. (2023)
J044907.58+305532.3	782703114	72.2816028	30.9256389	77.2	A6	Yang et al. (2024)
J045705.46+291140.8	782705025	74.2727676	29.1946943	137.57	A6	Shang et al. (2022)
J045909.90+300315.3	782708022	74.7912517	30.0542547	164.68	A5	Lu et al. (2025)
J045802.45+293432.0	782708181	74.50877028	29.57510417	288.96	A2	Gaia Collaboration et al. (2016, 2023)
J045815.99+292232.1	782708186	74.5666347	29.3755967	79.99	A1	Shang et al. (2022)
J045927.12+301544.6	782708234	74.8630389	30.2624025	83.12	A5	Shi et al. (2023)
J050107.55+311340.4	782709178	75.2814925	31.2279101	208.31	A1	Shang et al. (2022)
J065721.16-003418.5	782903002	104.3381939	-0.5718111	180.58	A1	Yang et al. (2024)
J065626.85-001725.7	782903039	104.111904	-0.290491	262.22	A1	Shi et al. (2023)
J065749.70+001729.8	782903140	104.4566392	0.29284889	292.27	A2	Yang et al. (2024)
J065627.29+000358.0	782903182	104.113716	0.066118	288.06	A7	Shang et al. (2022)
J065706.65-000758.7	782903193	104.278559	-0.133683	268.32	A1	Shang et al. (2022)
J065557.39-003543.7	782903245	103.9891372	-0.5954745	102.4	A2	Shang et al. (2022)
J070058.80-010352.0	782905149	105.245007	-1.064454	110.23	A2	Shang et al. (2022)
J070706.40-012039.4	782907091	106.7766714	-1.3443011	129.93	A5	Shang et al. (2022)
J070706.06-012544.8	782907096	106.775261	-1.429131	93.28	A3	Shang et al. (2022)
J070515.97-012142.1	782907111	106.317222	-1.360797	181.55	A5	Shang et al. (2022)
J070646.99-011300.6	782907192	106.696636	-1.215999	138.87	A1	Shang et al. (2022)
J070315.51-001755.5	782908232	105.814629	-0.298766	261.76	A2	Shang et al. (2022)
J065437.35-002709.4	782910223	103.654311	-0.452638	306.6	A2	Renson & Manfroid (2009)
J070718.64+014711.1	782912107	106.826688	1.787273	199.6	A2	Gaia Collaboration et al. (2016, 2023)
J065306.09+001100.4	782914066	103.275375	0.183464	134.71	A1	Shi et al. (2023)
J034015.11+141108.1	794514160	55.062354	14.186676	115.92	A1	Shang et al. (2022)
J061109.39+223800.3	794604098	92.7891283	22.6334397	73.11	A5	Shang et al. (2022)
J061205.27+215949.3	794605129	93.0219656	21.9970458	142.12	A5	Shang et al. (2022)
J060130.45+223012.7	794610144	90.3769019	22.5035417	50.42	F0	Shang et al. (2022)
J040915.98+525348.2	794901200	62.316596	52.896743	55.19	A2	Shi et al. (2023)
J041143.61+533011.9	794907122	62.931739	53.503317	69.7	A1	Shi et al. (2023)
J040129.75+564409.3	794916125	60.373969	56.735925	59.76	A2	Yang et al. (2024)
J035046.02+363648.0	795807065	57.6917655	36.6133444	99.55	A2	Shi et al. (2023)
J062403.70+214348.0	795905157	96.0154383	21.7300206	437.62	A2	Yang et al. (2024)
J062917.67+225035.3	795909207	97.32214944	22.84327583	73.1	A1	Gaia Collaboration et al. (2016, 2023)
J062941.05+242924.5	795912241	97.42083139	24.49142667	115.16	A2	Shi et al. (2023)
J035720.90+203907.8	797304106	59.338284	20.651986	214.5	A1	Gaia Collaboration et al. (2016, 2023)
J055103.84+193700.3	803203042	87.766037	19.616757	51.74	A1	Shi et al. (2023)
J092907.24+092440.5	805112122	142.2801833	9.4112556	136.64	A2	Hümmerich et al. (2020)
J045810.89+221311.9	805604081	74.5454081	22.2199922	275.58	A1	Shang et al. (2022)
J045324.33+215142.6	805605063	73.351381	21.861841	173.4	A1	Shang et al. (2022)
J064048.59+355211.3	805704167	100.2024717	35.8698056	254.8	A7	Shang et al. (2022)
J064514.27+371341.2	805709051	101.3085736	37.22914528	95.88	A1	Shi et al. (2023)
J070247.33+080145.0	806005035	105.6972378	8.0291882	111.73	A1	Shang et al. (2022)
J070617.33+101602.9	806009055	106.5708561	10.26711944	198.75	A1	Renson & Manfroid (2009)
J070341.45+101920.4	806015040	105.9227483	10.3223584	92.86	A2	Shang et al. (2022)
J065540.64+103000.1	806016224	103.919365	10.5000294	107.01	A1	Shang et al. (2022)
J055028.87+314811.0	806303163	87.6203039	31.8030569	107.6	A1	Shang et al. (2022)
J055455.57+310714.5	806304142	88.73155	31.1207139	71.98	A1	Shang et al. (2022)
J060221.23+311330.8	806306080	90.5884761	31.225245	106.83	A2	Shang et al. (2022)
J060555.33+305229.1	806306164	91.4805458	30.8747578	57.06	A1	Shang et al. (2022)
J060102.09+300514.3	806307058	90.2587217	30.0873231	69.9	A1	Shang et al. (2022)
J060051.57+301349.5	806307067	90.21372111	30.23089444	88.21	A1	Shang et al. (2022)
J060032.33+310853.5	806308057	90.1347372	31.1481997	89.31	A1	Shi et al. (2023)
J055737.62+302838.0	806308195	89.4067711	30.4772458	56.69	A1	Yang et al. (2024)
J055909.76+323232.9	806309044	89.7907083	32.5424903	158.47	A2	Shang et al. (2022)
J060418.64+321841.2	806313131	91.0776872	32.3114497	50.21	A1	Shang et al. (2022)
J054639.65+322459.1	806314216	86.6652106	32.4164422	102.8	A1	Shang et al. (2022)
J055157.91+324532.0	806315078	87.9913258	32.7588994	200.84	A3	Shi et al. (2023)
J073810.82+032729.0	811605058	114.5451065	3.4580576	141.4	A1	Shi et al. (2023)
J074750.00+025937.1	811606212	116.958339	2.993664	125.65	A5	Shang et al. (2022)
J074354.81+022855.0	811607027	115.978396	2.481952	276.41	A5	Hümmerich et al. (2020)
J073929.02+060120.9	811611016	114.8709189	6.0224757	255.93	A1	Hümmerich et al. (2020)
J070448.05+052150.8	814803144	106.2002106	5.3641244	177.94	A1	Shi et al. (2023)
J071409.09+045556.2	814806027	108.5379007	4.9322992	115.74	A1	Shi et al. (2023)
J071226.20+032113.4	814807058	108.109173	3.353741	114.3	F0	Shi et al. (2023)
J183344.13+093641.1	820705079	278.4339	9.6114289	119.51	A2	Shi et al. (2023)
J184406.82+100348.0	820706114	281.028444	10.063352	63.85	A5	Shang et al. (2022)
J175047.94+394915.1	821012143	267.699763	39.820871	73.79	A7	Bauer-Fasching et al. (2024)
J002403.91+530427.8	836511180	6.0163279	53.0744007	112.67	A1	Shi et al. (2023)
J023015.88+541923.5	836605133	37.56619	54.323201	427.26	A1	Yang et al. (2024)
J022651.34+540222.9	836605204	36.713922	54.039698	290.87	F0	Yang et al. (2024)
J023506.37+570129.3	836609080	38.776542	57.024831	143.43	A1	Yang et al. (2024)
J023342.18+562031.9	836609155	38.42576	56.342199	72.39	A3	Shi et al. (2023)
J021758.53+565925.0	836616211	34.493889	56.990302	147.06	A3	Shi et al. (2023)
J202458.48+271558.1	837401142	306.2437	27.266139	95.38	A7	Yang et al. (2024)
J202153.08+273117.9	837405225	305.4712	27.521662	54.02	A1	Shi et al. (2023)
J221357.91+532229.1	837606155	333.49132	53.374751	305.22	A2	Shi et al. (2023)
J220605.36+520750.7	837607154	331.522365	52.130764	105.09	A5	Yang et al. (2024)
J215438.72+560731.8	837616146	328.6613739	56.1255264	134.29	A1	Shi et al. (2023)
J185658.31+390835.9	837810034	284.2429957	39.1433324	346.6	A1	Shi et al. (2023)
J190132.50+415158.9	837811020	285.3854334	41.8663865	830.38	A6	Hümmerich et al. (2020)
J064949.21-021425.3	840307122	102.4550797	-2.2403717	74.37	A1	Shi et al. (2023)
J065027.43-010218.8	840308060	102.614301	-1.03857	81.65	A1	Shi et al. (2023)
J064843.66+013629.5	840311028	102.1830967	1.60887389	100.86	A1	Renson & Manfroid (2009)
J064601.48+013756.5	840311211	101.506181	1.632377	98.01	A1	Yang et al. (2024)
J025810.13+541028.7	840705040	44.542232	54.174647	86.11	A1	Shi et al. (2023)
J025450.18+543153.4	840705061	43.709104	54.531524	90.78	A1	Shi et al. (2023)
J030100.83+535732.6	840705144	45.253485	53.959061	92.01	A1	Yang et al. (2024)
J030826.05+531711.9	840807066	47.1085775	53.2866489	110.11	A1	Yang et al. (2024)
J031000.50+531857.3	840807077	47.5021047	53.3159392	102.29	A1	Bernhard et al. (2021)
J204923.34+263258.8	840903010	312.3472562	26.5496862	227.99	A1	Shi et al. (2023)
J205818.66+261144.8	840906021	314.577778	26.19579	128.26	A1	Shi et al. (2023)
J212808.79+062305.9	842206225	322.03666	6.3849834	111.8	A1	Shang et al. (2022)
J045636.47+390149.6	842412035	74.1519916	39.0304534	371.65	A1	Shang et al. (2022)
J071840.52+161932.1	844102056	109.6698639	16.32502889	272.01	A2	Shi et al. (2023)
J072439.35+173837.8	844108037	111.1629508	17.64451722	58.87	A1	Yang et al. (2024)
J220856.85+010115.0	844208213	332.2369	1.0208434	91.79	A1	Shi et al. (2023)
J052533.34+150416.6	844707233	81.3889519	15.0713011	324.07	A1	Shi et al. (2023)
J051250.27+185312.8	844716208	78.20935111	18.88814278	304.64	A1	Gaia Collaboration et al. (2016, 2023)
J062010.55+190855.0	844909228	95.0439591	19.1486225	123.83	A2	Shang et al. (2022)
J060706.46+182520.5	844910043	91.7769433	18.4223711	98.72	A1	Shang et al. (2022)
J061600.12+205214.6	844911057	94.0005342	20.8707244	92.1	A1	Shi et al. (2023)
J235244.65+500632.6	853902047	358.186056	50.109066	80.26	A1	Yang et al. (2024)
J064534.06+234628.3	854209152	101.3919507	23.7745374	136.24	A1	Hümmerich et al. (2020)
J002707.67+715437.8	855015003	6.7819867	71.910514	61.13	A1	Shi et al. (2023)
J031045.12+463200.1	856306238	47.689375	46.532921	67.05	A2	Shang et al. (2022)
J074933.80+135525.3	864105145	117.3908641	13.9237144	365.27	A1	Shi et al. (2023)
J040437.52+525102.1	864502012	61.1563382	52.8505982	280.98	A1	Yang et al. (2024)
J040252.54+524529.9	864502101	60.71952139	52.75967417	282.74	A2	Renson & Manfroid (2009)
J040821.05+540115.5	864505151	62.088209	54.022028	122.3	A3	Shi et al. (2023)
J040423.51+534407.8	864505235	61.097983	53.735503	116.38	A1	Yang et al. (2024)
J041709.18+532317.1	864507109	64.2882589	53.3881017	87.74	A1	Yang et al. (2024)
J041813.53+525510.0	864507207	64.55578694	52.91844694	192.49	A1	Shi et al. (2023)
J042000.05+562033.9	864512015	65.000223	56.342776	115.55	A5	Yang et al. (2024)
J074959.87+013520.0	864602064	117.4984	1.588279	112.96	A2	Renson & Manfroid (2009)
J074855.66+022310.7	864605178	117.2319522	2.3863175	146.17	F0	Hümmerich et al. (2020)
J074738.21+052329.6	864616235	116.9092495	5.3915753	308.15	A1	Hümmerich et al. (2020)
J220233.24+400005.1	864911166	330.638501	40.001431	117.26	A7	Yang et al. (2024)
J071535.90+054342.4	865502248	108.8995854	5.7284647	279.93	A1	Shi et al. (2023)
J071227.04+075533.1	865514219	108.1127083	7.92588	280.27	A2	Shang et al. (2022)
J070445.49-012553.0	869307115	106.18956	-1.431395	97.99	A2	Yang et al. (2024)
J070146.75+012107.4	869309081	105.4448327	1.3520584	64.86	A1	Yang et al. (2024)
J080841.86-001125.7	869901193	122.174427	-0.190473	75.17	A2	Shi et al. (2023)
J040606.83+161907.5	874707250	61.5284726	16.3187616	113.1	A1	Shang et al. (2022)
J043139.84+203059.7	879409086	67.9160022	20.516605	469.57	A2	Shi et al. (2023)
J062725.64+163224.7	879501025	96.8568552	16.5402133	187.13	A2	Shi et al. (2023)
J062335.24+191515.2	879503149	95.8968628	19.2542454	148.6	A1	Bauer-Fasching et al. (2024)
J062325.89+171711.6	879505204	95.8578995	17.2865689	85.69	A1	Yang et al. (2024)
J062922.12+163558.8	879507156	97.3421755	16.5996758	58.38	A1	Yang et al. (2024)
J063612.60+193154.6	879513022	99.052507	19.5318574	228.23	A1	Shi et al. (2023)
J062534.92+193613.1	879515192	96.3955306	19.6036415	114.34	A1	Yang et al. (2024)
J062246.10+192548.8	879515233	95.6920992	19.4302336	166.92	A1	Lu et al. (2025)
J045501.99+431029.5	880505167	73.758323	43.174884	107.77	A2	Shi et al. (2023)
J074631.81+163258.7	881902067	116.6325458	16.5496439	149.5	A1	Yang et al. (2024)
J062714.26+172512.8	882805025	96.8094424	17.4202431	115.66	A3	Faltová et al. (2021)
J063330.50+193334.2	882813104	98.3770912	19.5595169	251.67	A1	Shi et al. (2023)
J062701.11+192226.6	882815120	96.7546494	19.3740686	255.72	A1	Faltová et al. (2021)
J034506.34+293737.8	883007128	56.27485833	29.62717083	195.41	A1	Yang et al. (2024)
J062256.30+171516.8	894602054	95.7345952	17.2546752	53.83	A1	Shi et al. (2023)
J062527.82+195804.2	898015006	96.36594	19.9678575	92.53	A1	Shang et al. (2022)
J065338.24+032346.2	898104001	103.410691	3.395813	60.06	A2	Renson & Manfroid (2009)
J065600.81+020146.9	898105144	104.0033944	2.0296958	67.18	F0	Yang et al. (2024)
J070216.49+025253.9	898106088	105.568739	2.881665	185.02	A1	Yang et al. (2024)
J070252.52+023654.2	898106178	105.719843	2.615901	95.16	A1	Renson & Manfroid (2009)
J065935.31+024537.4	898108057	104.897157	2.760394	88	A1	Yang et al. (2024)
J064731.74+030439.9	898110082	101.8827039	3.07898417	57.2	A1	Renson & Manfroid (2009)
J063144.28-050621.2	898301239	97.934535	-5.1059	73.69	A2	Yang et al. (2024)
J063117.57-035454.2	898305242	97.823244	-3.915059	83.98	A1	Yang et al. (2024)
J063720.39-044820.6	898307165	99.334986	-4.805731	128.37	A1	Yang et al. (2024)
J063949.09-031724.5	898308059	99.9545586	-3.2901425	102.74	A1	Shi et al. (2023)
J063653.04-031304.8	898308230	99.221007	-3.218004	103.28	A1	Yang et al. (2024)
J190620.50+174046.4	911407116	286.5854542	17.6795722	454.44	A2	Yang et al. (2024)
J070703.79-015845.6	939416237	106.765815	-1.97935	81.17	A1	Yang et al. (2024)
J051201.46+201540.8	939905076	78.0060981	20.2613583	99.33	A1	Shang et al. (2022)
J051709.99+214859.1	939909170	79.2916356	21.8164392	89.02	A2	Shi et al. (2023)
J015238.34+420624.4	947515153	28.1597715	42.1067818	271.09	A1	Lu et al. (2025)
J062455.25+164040.9	948501136	96.2302239	16.6780371	113.61	A1	Bauer-Fasching et al. (2024)
J062738.21+165035.1	948501243	96.9092194	16.8430955	549.25	A2	Shang et al. (2022)
J063529.26+181133.3	948506175	98.8719579	18.1926055	174.37	A1	Bernhard et al. (2021)
J062010.10+191458.5	948514157	95.0421199	19.2495863	181.19	A1	Lu et al. (2025)
J054106.52+284522.1	948703011	85.2771778	28.7561461	122.09	F0	Shi et al. (2023)
J055302.73+283322.0	948706160	88.26188806	28.55518472	197.25	A1	Renson & Manfroid (2009)
J055053.71+304319.7	948712105	87.72325361	30.7234675	262.18	A1	Renson & Manfroid (2009)
J055342.62+292724.8	948713045	88.4276212	29.4569062	79.88	A1	Shi et al. (2023)
J053749.80+304016.2	948716197	84.4575286	30.6711761	85.76	A1	Yang et al. (2024)
J044735.04+100814.8	949702069	71.8960292	10.1374472	173.24	A1	Shang et al. (2022)
J000126.03+011454.1	951005029	0.3584888	1.2483851	87.59	A5	Yang et al. (2024)
J043138.02+451226.6	960103174	67.90844917	45.20630667	240.53	A1	Yang et al. (2024)
J044650.74+450632.4	960106043	71.7114317	45.1090067	76.24	A1	Yang et al. (2024)
J042622.29+443611.7	960110246	66.5928981	44.6032506	311.16	A2	Yang et al. (2024)
J043017.22+465420.0	960116072	67.57086389	46.90643333	180.43	A1	Yang et al. (2024)
J073054.72+101640.1	961310163	112.7280414	10.2778106	440.14	A1	Shi et al. (2023)
J041928.96+451250.5	962014212	64.870702	45.214055	85.52	A1	Bauer-Fasching et al. (2024)
J062024.70+212535.9	966707001	95.102921	21.426657	87.51	A1	Shi et al. (2023)
J061830.31+245416.5	966712188	94.626303	24.904611	74.63	A1	Shi et al. (2023)
J062128.45+191818.1	975703111	95.3685502	19.3050545	121.77	A1	Bauer-Fasching et al. (2024)
J042303.22+433120.9	977202060	65.763441	43.522497	88.4	A2	Yang et al. (2024)
J031909.40+401025.6	977415149	49.78989889	40.17261139	300.19	A1	Renson & Manfroid (2009)
J053247.77+353552.1	978003171	83.199055	35.597831	98.11	A1	Bernhard et al. (2021)
J061412.57+232718.6	978504071	93.5523792	23.4551806	152.02	A1	Yang et al. (2024)
J050828.39+394824.4	978702020	77.118315	39.806792	56.08	A2	Shang et al. (2022)
J051939.49+424550.4	978711243	79.91458	42.764002	59.82	A2	Yang et al. (2024)
J073411.00+152416.6	988316164	113.5458592	15.4046214	157.62	A1	Shang et al. (2022)
J071121.43-062050.2	989001239	107.8393272	-6.3473036	91.73	A3	Yang et al. (2024)
J070949.80-052218.2	989005181	107.4575103	-5.3717429	212.82	A1	Yang et al. (2024)
J071629.55-050206.1	989006024	109.123447	-5.033971	107.5	A1	Yang et al. (2024)
J070129.09-040545.3	989014043	105.37121	-4.095936	204.7	F0	Yang et al. (2024)
J070811.30-024133.9	989016113	107.0471138	-2.6927699	112.01	A1	Yang et al. (2024)
J063021.81+155551.8	990204114	97.590881	15.931079	55.87	A1	Bauer-Fasching et al. (2024)
J063050.13+180744.9	990211071	97.708879	18.129154	53.8	A2	Yang et al. (2024)
J095855.77-044413.8	991402072	149.7323886	-4.7371722	79.51	A1	Shi et al. (2023)
J063357.46+171343.3	991910198	98.489433	17.22871	138.9	A1	Yang et al. (2024)
J062822.53+163230.9	993801194	97.0938803	16.5419385	70.06	A1	Yang et al. (2024)
J070006.94+034516.2	994907007	105.02895	3.7545234	51.06	A2	Yang et al. (2024)
J072433.04-001416.4	1000302088	111.1376833	-0.237905	253.68	A1	Shi et al. (2023)
J072813.92-001353.2	1000302247	112.058003	-0.231471	74.18	A7	Yang et al. (2024)
J083737.51+285329.9	1000908071	129.4063265	28.8916489	68.41	A7	Yang et al. (2024)
J082344.27+305006.8	1000916224	125.9344933	30.8352398	116.77	A1	Shang et al. (2022)
J195054.21+373858.1	1016205176	297.72588	37.649474	79.04	A1	Shang et al. (2022)
J195156.34+375541.1	1016208152	297.98475	37.92809	117.99	A2	Yang et al. (2024)
J065141.48+102538.0	1046907201	102.9228747	10.4272463	112	A1	Hümmerich et al. (2020)
J065125.21+102212.2	1046907207	102.8550511	10.3700561	195.68	A1	Shi et al. (2023)
J213228.74+465502.7	1047110114	323.11977	46.917437	97.35	A3	Shang et al. (2022)
J054010.66+184349.7	1048002105	85.0444178	18.7304992	69.11	A2	Shang et al. (2022)
J054806.80+210621.8	1048009209	87.02950167	21.10530028	100.98	A1	Shi et al. (2023)
J065000.38+293255.9	1057602127	102.5000922	29.54934917	345.17	A2	Yang et al. (2024)
J065846.77+305344.5	1057608082	104.6943919	30.89473722	191.08	A1	Shi et al. (2023)
J064741.71+331005.6	1057616045	101.9252836	33.16778667	266.6	A6	Shang et al. (2022)
J032423.32+541646.2	1058301078	51.097184	54.279516	61.86	A1	Shi et al. (2023)
J094438.61+312641.5	1058512170	146.1608878	31.4448755	224.14	A1	Hümmerich et al. (2020)
J084207.20+121621.6	1059303066	130.528822	12.272688	105.55	A6	Hümmerich et al. (2020)
J070211.61+202805.4	1067409075	105.5488853	20.46914056	219.91	A2	Shi et al. (2023)
J024356.01+535924.9	1067702126	40.983397	53.990261	176.34	A1	Shang et al. (2022)
J060005.70+215406.3	1073102090	90.023773	21.901752	82.75	A5	Bernhard et al. (2021)
J061417.64+241432.6	1073113142	93.573509	24.2424	81.85	A1	Shi et al. (2023)
J014637.84+554931.2	1073801181	26.657697	55.825354	72.26	A1	Shang et al. (2022)
J014337.28+570622.8	1073805183	25.905351	57.106339	110.93	A1	Shang et al. (2022)
J065135.43+205612.4	1083716221	102.8963192	20.93701861	120.52	A2	Shi et al. (2023)
J083406.40+111347.9	1085608240	128.5266972	11.2299869	433.92	A1	Hümmerich et al. (2020)
J035700.35+240805.7	1086107233	59.2514975	24.1349394	98.46	A2	Hümmerich et al. (2020)
J082319.48-043826.0	1086903002	125.831196	-4.640581	54.56	A1	Shang et al. (2022)
J054750.69+115742.3	1099409183	86.9612469	11.9617648	120.45	A1	Hümmerich et al. (2020)
J101811.47+013954.6	1101804051	154.5466783	1.66518333	78.16	A5	Hümmerich et al. (2020)
J154651.22+103802.9	1102211120	236.7134273	10.634154	576.88	A5	Hümmerich et al. (2020)
J171130.74+095158.5	1127607132	257.8781084	9.8662736	219.2	A1	Shang et al. (2022)
J194401.62+352211.1	1138707088	296.0067766	35.369755	379.8	A3	Lu et al. (2025)
J194057.01+365011.1	1138708031	295.2375822	36.8364402	592.75	A2	Lu et al. (2025)
J203021.95+331838.8	1143204166	307.5914684	33.3107949	379.09	A1	Lu et al. (2025)
J003208.57+551507.2	1143302014	8.0357286	55.2520184	75.47	A2	Lu et al. (2025)
J004655.69+585355.6	1143311148	11.7320461	58.8987962	84.14	A2	Lu et al. (2025)
J003237.94+571751.8	1143314222	8.1581238	57.2977405	137.4	A5	Bauer-Fasching et al. (2024)
J004244.73+574813.7	1143315014	10.6864058	57.8038127	150.32	A1	Bauer-Fasching et al. (2024)
J052537.09+341537.5	1143401230	81.4045557	34.260419	97.95	A5	Lu et al. (2025)
J052443.88+343017.2	1143401231	81.1828516	34.5047855	75.24	A1	Bauer-Fasching et al. (2024)
J052154.04+365719.2	1143403134	80.4751723	36.9553554	146.2	A1	Yang et al. (2024)
J053237.77+353516.3	1143406179	83.1574136	35.5878744	251.88	A1	Bauer-Fasching et al. (2024)
J053156.09+354347.9	1143406230	82.9837155	35.72999	101.33	A1	Lu et al. (2025)
J053055.22+344307.0	1143407244	82.7301219	34.7186184	171.65	A1	Bauer-Fasching et al. (2024)
J052644.33+352540.6	1143408200	81.6847278	35.427969	261.51	A1	Lu et al. (2025)
J052722.84+355538.3	1143408240	81.8452067	35.9273206	507.25	A1	Lu et al. (2025)
J052732.55+364246.6	1143409210	81.8856486	36.7129715	189.78	A1	Lu et al. (2025)
J052116.09+383737.3	1143411008	80.3170587	38.6270333	51.02	A5	Lu et al. (2025)
J052555.57+383706.9	1143411131	81.4815692	38.6186021	140.67	A1	Lu et al. (2025)
J052422.19+383106.4	1143411188	81.0924585	38.5184457	151.87	A3	Shi et al. (2023)
J052949.01+381634.9	1143412030	82.4542444	38.2763651	80.12	A1	Lu et al. (2025)
J053437.62+364648.8	1143413026	83.6567524	36.7802414	129.77	A3	Shi et al. (2023)
J053504.19+364051.0	1143413045	83.7674894	36.6808482	63.67	A1	Shang et al. (2022)
J052411.36+374602.6	1143415039	81.0473617	37.767402	170.2	A1	Shi et al. (2023)
J052043.34+380212.5	1143416108	80.1805862	38.0368207	186.21	A5	Yang et al. (2024)
J063634.65+324140.4	1143909183	99.144414	32.6945589	125.45	A5	Shi et al. (2023)
J062426.52+320321.4	1143910100	96.1105332	32.0559486	66.03	A1	Lu et al. (2025)
J022558.74+543116.3	1144906082	36.4947724	54.5212203	177.9	A1	Shang et al. (2022)
J020244.78+535759.5	1144910209	30.6866115	53.9665431	87.88	A2	Yang et al. (2024)
J020112.29+551923.0	1144914049	30.3012231	55.3230563	85.61	A1	Lu et al. (2025)
J020604.04+555544.0	1144914074	31.5168581	55.9288951	149.22	A1	Shi et al. (2023)
J020958.46+565114.9	1144916101	32.4936204	56.8541609	66.23	A1	Lu et al. (2025)
J020823.71+572130.4	1144916235	32.0987948	57.358445	94.88	A5	Lu et al. (2025)
J052305.43+341111.1	1145001117	80.772661	34.186431	138.25	A5	Lu et al. (2025)
J053026.03+350451.2	1145007104	82.6084629	35.0808926	61.29	A1	Bauer-Fasching et al. (2024)
J210609.99+341650.0	1145504100	316.5410775	34.28124376	482.93	A1	Gaia Collaboration et al. (2016, 2023)
J210036.38+335833.1	1145505159	315.1516061	33.975865	302.49	A5	Lu et al. (2025)
J205726.21+355144.0	1145514249	314.3592379	35.8622296	145.3	A1	Bauer-Fasching et al. (2024)
J053247.76+353552.2	1145706188	83.1990356	35.5978461	108.18	A3	Bernhard et al. (2021)
J033131.95+254317.6	1146014196	52.88200001	25.72157051	401.86	A3	Gaia Collaboration et al. (2016, 2023)
J063326.73+255755.7	1146101029	98.361385	25.9654842	255.11	A1	Shi et al. (2023)
J064259.18+270612.1	1146106152	100.7466168	27.10249038	506.13	A1	Shi et al. (2023)
J062842.95+294614.6	1146116043	97.17823622	29.7700885	776.89	A2	Gaia Collaboration et al. (2016, 2023)
J062700.99+290802.1	1146116163	96.754141	29.1339294	82.49	A1	Lu et al. (2025)
J235241.76+620611.2	1146703031	358.1740147	62.1031385	159.26	A3	Lu et al. (2025)
J235724.67+620845.5	1146704134	359.3528255	62.1459785	133.19	A1	Bauer-Fasching et al. (2024)
J001218.48+603439.0	1146707232	3.0770173	60.5775271	170.9	A1	Bauer-Fasching et al. (2024)
J000500.54+640951.9	1146711194	1.2522843	64.1644173	162.81	A1	Bauer-Fasching et al. (2024)
J001519.55+634008.1	1146712122	3.8314827	63.6689221	100.48	A5	Bauer-Fasching et al. (2024)
J040624.00+593954.6	1146806179	61.6000055	59.66517	159.79	A2	Bernhard et al. (2021)
J035749.97+592246.0	1146808102	59.4582226	59.3794618	53.61	A5	Lu et al. (2025)
J035345.53+595852.5	1146904081	58.4397208	59.9812509	415.35	A1	Lu et al. (2025)
J035132.46+603507.2	1146904158	57.88323331	60.58533597	178.25	A1	Gaia Collaboration et al. (2016, 2023)
J033741.98+604229.2	1146914214	54.42638407	60.70852482	266.61	A1	Gaia Collaboration et al. (2016, 2023)
J035216.74+605808.9	1146915158	58.0697757	60.9691404	400.97	A1	Lu et al. (2025)
J062413.93+643834.1	1147003159	96.0580428	64.6428196	143.51	A1	Lu et al. (2025)
J033602.90-022142.8	1147407044	54.01114456	-2.361896556	138.5	A1	Renson & Manfroid (2009)
J053058.13+355916.1	1147505051	82.7422383	35.9878241	53.92	A1	Yang et al. (2024)
J052639.66+363949.9	1147603036	81.6652606	36.6638888	242.13	A1	Lu et al. (2025)
J053509.30+350554.4	1147607174	83.7887804	35.0984631	254.25	A1	Hümmerich et al. (2020)
J053803.27+362120.2	1147608064	84.5136334	36.3556152	124.87	A1	Lu et al. (2025)
J052143.28+354353.0	1147610243	80.4303379	35.7314005	79.11	A5	Hümmerich et al. (2020)
J053056.99+382732.8	1147611038	82.73655685	38.45878416	295.79	A1	Shi et al. (2023)
J063204.31+013002.3	1148304099	98.01850056	1.500029738	999	A1	Shi et al. (2023)
J062914.54+004257.0	1148305120	97.3097638	0.715842235	699.72	A3	Renson & Manfroid (2009)
J063218.31+032144.0	1148315037	98.07687703	3.362894315	257.84	A1	Renson & Manfroid (2009)
J062909.51+023823.8	1148315137	97.2896597	2.6399633	147.47	A1	Hümmerich et al. (2020)
J044458.32+595238.0	1154902249	71.24098338	59.87723411	678.89	A1	Gaia Collaboration et al. (2016, 2023)
J043753.52+612141.6	1154910156	69.4730221	61.361559	94.16	A6	Lu et al. (2025)
J053857.05+592215.6	1155006237	84.7377329	59.3710166	146.06	A3	Shang et al. (2022)
J062014.57+062108.6	1156007105	95.0607391	6.3523912	143.21	A1	Lu et al. (2025)
J061543.23+062414.3	1156008178	93.9301295	6.4039812	97.46	A1	Shi et al. (2023)
J052744.39+365020.5	1156709201	81.934975	36.8390519	127.6	A1	Shang et al. (2022)
J051618.76+364947.0	1156714025	79.0781829	36.8297332	218.31	A1	Bauer-Fasching et al. (2024)
J063251.79+044716.1	1156803180	98.2157999	4.7878224	272.37	A1	Renson & Manfroid (2009)
J064326.10+042927.2	1156808081	100.8587771	4.4908931	340.12	A1	Yang et al. (2024)
J063307.23+055651.7	1156816165	98.2801637	5.9477063	174.41	A2	Lu et al. (2025)
J063507.63+060954.3	1156816201	98.7818069	6.1650958	76.9	A5	Lu et al. (2025)
J221317.71+511519.2	1156910169	333.3238112	51.2553489	131.39	A1	Bauer-Fasching et al. (2024)
J020947.15+554025.9	1157103118	32.4464707	55.6738825	73.39	A5	Lu et al. (2025)
J020912.59+555948.0	1157115086	32.3024604	55.9966745	138.98	A1	Shang et al. (2022)
J041207.23+235858.4	1157606026	63.03094026	23.98262507	282.51	A2	Shi et al. (2023)
J035700.36+240805.7	1157614144	59.2515002	24.1349416	345.77	A1	Shang et al. (2022)
J063952.40+030523.0	1158401018	99.9683724	3.0897274	67.82	A5	Lu et al. (2025)
J064045.83+053932.0	1158409116	100.1909854	5.6589123	80.62	A1	Lu et al. (2025)
J063226.34+044536.9	1158414150	98.1097747	4.7602616	235.53	A2	Shang et al. (2022)
J063133.45+050659.4	1159114115	97.8893774	5.1165033	126.6	A2	Shi et al. (2023)
J024201.87+451620.8	1159608181	40.5078064	45.2724539	487.99	A2	Shang et al. (2022)
J034306.73+495240.9	1159702134	55.7780768	49.8780462	135.91	A1	Shi et al. (2023)
J034152.65+492955.5	1159702174	55.46939	49.4987561	216.13	A1	Lu et al. (2025)
J034247.85+515853.2	1159703145	55.6993799	51.9814536	90.65	A1	Shi et al. (2023)
J033831.76+513357.2	1159703175	54.6323487	51.5658936	117.74	A1	Shi et al. (2023)
J040207.62+511231.9	1159706073	60.5317503	51.2088642	113.61	A1	Shi et al. (2023)
J035725.00+493655.3	1159707100	59.3541673	49.6153741	50.36	A2	Lu et al. (2025)
J035125.91+510437.3	1159708242	57.8579736	51.0770375	390.17	A7	Lu et al. (2025)
J035722.18+515433.5	1159713238	59.34360581	51.90882838	396.59	A2	Gaia Collaboration et al. (2016, 2023)
J050300.61+232556.1	1159804040	75.75155616	23.43227586	276.91	A1	Gaia Collaboration et al. (2016, 2023)
J045633.19+242951.9	1159814179	74.1382947	24.4977691	103.02	A1	Lu et al. (2025)
J045538.72+243458.7	1159814238	73.9113508	24.5829735	153.73	A1	Shi et al. (2023)
J074927.59+600555.9	1159914059	117.3649996	60.098873	96.49	A5	Lu et al. (2025)
J101159.65+633515.5	1170208012	152.9985763	63.5876657	119.11	A5	Lu et al. (2025)
J052037.54+363050.7	1170503076	80.1564482	36.5141097	186.18	A1	Lu et al. (2025)
J051935.98+375547.7	1170516204	79.8999177	37.9299409	54.01	A1	Lu et al. (2025)
J001911.17+660848.8	1170706026	4.794683475	66.14691077	288.12	A1	Renson & Manfroid (2009)
J014241.84+643639.1	1170815024	25.67257214	64.61094524	308.9	A1	Gaia Collaboration et al. (2016, 2023)
J021138.39+560150.5	1171115024	32.9099981	56.0307204	97.02	A1	Lu et al. (2025)
J061345.58+065909.6	1171204100	93.4399477	6.9860175	61.04	A1	Shang et al. (2022)
J051630.48+373619.7	1171816163	79.1270306	37.6054986	64.07	A1	Lu et al. (2025)
J022231.74+385743.8	1172402062	35.6322708	38.9621707	329.43	A6	Lu et al. (2025)
J023832.68+402016.3	1172409226	39.63492466	40.33787994	435.87	A1	Gaia Collaboration et al. (2016, 2023)
J023344.25+414813.5	1172412135	38.4343962	41.8037762	417.5	A2	Lu et al. (2025)
J045747.64+560121.5	1172605218	74.4485041	56.0226432	307.26	A1	Shi et al. (2023)
J050537.96+554552.8	1172608218	76.4081802	55.7646804	245.22	A1	Shi et al. (2023)
J050144.01+584923.3	1172611058	75.4334142	58.8231632	274.62	A1	Shi et al. (2023)
J044715.45+573745.5	1172614216	71.8144023	57.6293257	234.28	A1	Shi et al. (2023)
J070519.30+350141.0	1172805030	106.330436	35.0280644	143.71	A1	Shi et al. (2023)
J064804.26+051057.0	1173313006	102.0177669	5.1825002	131.36	A1	Yang et al. (2024)
J064411.31+052535.2	1173313247	101.0471652	5.4264617	116.89	A3	Yang et al. (2024)
J063333.03+053346.8	1173314074	98.3876556	5.5630212	107.99	A1	Yang et al. (2024)
J063838.82+054125.8	1173315068	99.6617687	5.6905072	163.73	A1	Yang et al. (2024)
J010512.55+101628.7	1173512075	16.3023008	10.2746628	427.61	A1	Renson & Manfroid (2009)
J042117.90+455656.2	1173610077	65.3246247	45.9489714	79.98	A1	Shi et al. (2023)
J072525.84-015647.0	1173906059	111.3576748	-1.9464051	103.49	A2	Lu et al. (2025)
J071805.87-010941.8	1173909170	109.5244741	-1.1616336	167.17	A1	Shi et al. (2023)
J031909.45+401024.5	1185110068	49.78990216	40.17262033	229.2	A1	Renson & Manfroid (2009)
J063445.01+415229.5	1185207194	98.6875432	41.8748663	321.2	A2	Lu et al. (2025)
J062226.06+443003.9	1185214117	95.60994948	44.50091924	926.33	A1	Shi et al. (2023)
J050622.35+304951.9	1185908120	76.5931287	30.8310916	120.15	A1	Bernhard et al. (2021)
J063208.24+175318.4	1186001045	98.0343403	17.8884569	274.98	A1	Shi et al. (2023)
J063126.38+171810.7	1186001113	97.8599212	17.3029962	162.84	A1	Shi et al. (2023)
J062717.65+185655.1	1186005158	96.8235795	18.9486648	75.02	A1	Shi et al. (2023)
J063612.60+193154.7	1186008045	99.0525185	19.5318625	64.1	A1	Shi et al. (2023)
J063834.32+203109.3	1186013173	99.643018	20.5192533	253.38	A2	Shi et al. (2023)
J062723.25+212713.3	1186016045	96.8468906	21.4537214	321.23	A1	Shi et al. (2023)
J045808.28+465625.8	1186603127	74.5345343	46.9405105	250.7	A1	Shi et al. (2023)
J051159.17+455956.2	1186606234	77.9965638	45.9989678	57.59	A1	Lu et al. (2025)
J050838.39+465719.5	1186609001	77.159965	46.9554191	118.76	A1	Lu et al. (2025)
J050806.71+473148.2	1186609037	77.0279796	47.5300729	205.4	A2	Shang et al. (2022)
J050304.74+485412.9	1186611124	75.7697529	48.9035927	59.13	A5	Lu et al. (2025)
J045453.33+473146.5	1186614176	73.7222165	47.5295925	101.37	A1	Lu et al. (2025)
J070157.62-024944.6	1187801208	105.4900846	-2.8290647	93.64	A5	Lu et al. (2025)
J070446.51-013004.7	1187805149	106.1938019	-1.5013249	84.41	A1	Lu et al. (2025)
J065922.56-012947.2	1187805171	104.844041	-1.4964521	131.82	A1	Lu et al. (2025)
J065733.39-005449.8	1187810097	104.3891468	-0.9138532	100.74	A1	Lu et al. (2025)
J070309.68+013834.9	1187811165	105.7903657	1.6430282	67.14	A3	Lu et al. (2025)
J070355.41+012153.8	1187811213	105.9809061	1.3649488	90.63	A1	Lu et al. (2025)
J065759.33+003240.5	1187816162	104.4972472	0.5445954	107.7	A5	Lu et al. (2025)
J111932.36+650125.7	1188410100	169.8848442	65.0238262	249.82	A1	Lu et al. (2025)
J061036.12+095431.4	1188611083	92.6505355	9.9087269	66.29	A1	Lu et al. (2025)
J061243.46+092517.5	1188611224	93.1811045	9.4215528	62.91	A1	Yang et al. (2024)
J014016.31+422946.5	1189915160	25.0679687	42.4962548	112.15	A2	Hümmerich et al. (2020)
J034736.49+340604.0	1190011224	56.9020818	34.1011121	54.67	A5	Lu et al. (2025)
J052209.91+344216.0	1204401057	80.5413184	34.7044459	120.84	A2	Lu et al. (2025)
J052651.08+245707.9	1204502176	81.7128655	24.9522089	79.35	A1	Lu et al. (2025)
J053712.63+254735.4	1204506237	84.3026398	25.7931901	100.26	A1	Shi et al. (2023)
J053229.30+284227.8	1204511198	83.1220879	28.7077389	120.95	A1	Lu et al. (2025)
J053246.91+245137.8	1204601228	83.1954669	24.8605058	158.98	A1	Lu et al. (2025)
J052524.34+252300.8	1204602042	81.3514318	25.3835652	102.39	A5	Lu et al. (2025)
J053301.05+252439.3	1204605030	83.2543947	25.4109255	93.28	A5	Lu et al. (2025)
J054240.74+262043.1	1204606071	85.66875038	26.34532455	223.41	A1	Gaia Collaboration et al. (2016, 2023)
J053348.17+255426.2	1204608174	83.450715	25.9072885	158.35	A5	Lu et al. (2025)
J053509.18+261335.9	1204608233	83.7882601	26.2266446	618.94	A3	Renson & Manfroid (2009)
J053522.30+265358.8	1204609009	83.8429387	26.89968	194.33	A1	Lu et al. (2025)
J053422.80+273839.9	1204609106	83.5950034	27.6444349	252.45	A1	Lu et al. (2025)
J053627.20+283551.5	1204612074	84.1133597	28.5976553	176.11	A5	Lu et al. (2025)
J052149.05+272623.2	1204614165	80.4543805	27.4397797	56.07	A1	Lu et al. (2025)
J053157.28+272117.3	1204615161	82.9886721	27.3548174	276.14	A1	Lu et al. (2025)
J052550.63+280947.7	1204616090	81.4609757	28.1632592	93.66	A1	Lu et al. (2025)
J052546.29+284039.7	1204616228	81.4429009	28.6777141	163.28	A1	Lu et al. (2025)
J085148.86+434402.2	1204814155	132.9535971	43.7339691	174.78	A1	Shang et al. (2022)
J060446.24+582009.4	1205302165	91.1926978	58.3359598	107.81	A2	Lu et al. (2025)
J051003.05+305735.6	1205906008	77.512739	30.9598986	125.38	A1	Lu et al. (2025)
J051049.60+314511.2	1205906030	77.7066728	31.7531312	208.34	A5	Shang et al. (2022)
J051210.16+310708.1	1205906102	78.0423605	31.1189417	171.13	F0	Shang et al. (2022)
J050458.84+324943.6	1205909054	76.2451687	32.8287957	141.4	A1	Lu et al. (2025)
J050742.97+335516.3	1205912190	76.9290452	33.9212196	107.79	A1	Bauer-Fasching et al. (2024)
J045340.90+321758.4	1205914219	73.4204227	32.2995805	204.51	A1	Lu et al. (2025)
J043402.09+434810.8	1206401193	68.5087106	43.8030009	103.88	A1	Bauer-Fasching et al. (2024)
J042522.88+462713.3	1206403129	66.3453671	46.4536981	71.83	A1	Bauer-Fasching et al. (2024)
J042357.64+463724.1	1206403246	65.9901814	46.6233618	165.01	A1	Lu et al. (2025)
J043138.02+451222.7	1206405130	67.9084578	45.2063161	558.48	A1	Yang et al. (2024)
J041904.52+460858.2	1206414044	64.7688672	46.1495152	67.15	A1	Lu et al. (2025)
J041706.55+462439.3	1206414201	64.2772972	46.4109198	151.33	A1	Hümmerich et al. (2020)
J052547.84+320155.5	1207103159	81.4493695	32.0320981	100.45	A1	Yang et al. (2024)
J052904.69+313249.9	1207103211	82.2695734	31.5472052	104.86	A1	Shang et al. (2022)
J053808.12+325952.0	1207109190	84.5338592	32.997791	133.01	A1	Yang et al. (2024)
J052731.93+335627.2	1207116028	81.8830482	33.9409077	113.65	A1	Lu et al. (2025)
J051440.88+405303.6	1208109159	78.67034	40.8843445	85.07	A1	Shang et al. (2022)
J051250.18+413840.6	1208111235	78.2091166	41.6446246	58.11	A1	Bauer-Fasching et al. (2024)
J051633.24+421328.6	1208112238	79.138526	42.2246292	71.52	A2	Shang et al. (2022)
J050445.30+403625.5	1208114121	76.1887838	40.6071089	118.45	A1	Lu et al. (2025)
J050813.49+410730.0	1208115090	77.0562409	41.1250118	122.48	A1	Yang et al. (2024)
J051332.13+404625.4	1208115169	78.383893	40.7737347	120.94	A1	Lu et al. (2025)
J040531.05+471204.6	1208904055	61.3793806	47.2012872	192.51	A1	Yang et al. (2024)
J040311.06+460648.0	1208905045	60.7961235	46.1133424	74.8	A1	Shi et al. (2023)
J040023.61+462840.6	1208905084	60.098404	46.47797	443.2	A1	Hümmerich et al. (2020)
J035702.35+464210.8	1208905164	59.2598009	46.7030172	171.5	A1	Yang et al. (2024)
J040604.25+493916.6	1208911128	61.5177125	49.6546177	100.59	A1	Shang et al. (2022)
J040304.74+492915.6	1208911187	60.76976	49.487678	101.6	A1	Lu et al. (2025)
J040001.01+493312.6	1208911218	60.0042112	49.5535152	205.12	A1	Lu et al. (2025)
J041448.39+484252.8	1208912219	63.7016349	48.7146724	254.41	A1	Hümmerich et al. (2020)
J035305.69+483601.0	1208916175	58.2737138	48.6002822	74.89	A1	Yang et al. (2024)
J063340.40+080340.2	1209008168	98.4183616	8.0611748	62.98	A1	Bauer-Fasching et al. (2024)
J062641.16+081206.2	1209010031	96.6715269	8.2017372	76.95	A1	Lu et al. (2025)
J062333.13+080012.9	1209010200	95.8880551	8.0035986	72.11	A1	Lu et al. (2025)
J062825.19+094143.6	1209015095	97.1049659	9.6954484	70.03	A1	Lu et al. (2025)
J063323.16+071005.2	1223101023	98.34660383	7.169056946	268.5	A1	Gaia Collaboration et al. (2016, 2023)
J063512.11+064131.1	1223101195	98.8004665	6.6919935	92.85	A1	Lu et al. (2025)
J062756.29+075805.0	1223105163	96.9845643	7.9680724	666.24	A1	Renson & Manfroid (2009)
J064012.71+082519.1	1223106144	100.0529961	8.4219959	453.11	A1	Hümmerich et al. (2020)
J063436.67+082227.6	1223108227	98.6528058	8.3743569	376.84	A2	Renson & Manfroid (2009)
J063018.34+102617.7	1223116107	97.57710815	10.43758007	262.12	A2	Gaia Collaboration et al. (2016, 2023)
J070626.85+061406.7	1223301235	106.6119015	6.2351961	151.13	A3	Lu et al. (2025)
J065957.02+074414.7	1223303053	104.9876145	7.7374352	156.2	A1	Lu et al. (2025)
J070633.87+075552.3	1223304075	106.641919	7.931073346	379.16	A3	Gaia Collaboration et al. (2016, 2023)
J065629.15+074030.4	1223310058	104.121475	7.6751376	399.72	A1	Hümmerich et al. (2020)
J065908.86+072636.8	1223310222	104.7869331	7.443577	108.12	A1	Yang et al. (2024)
J071043.40+095403.0	1223312011	107.6808698	9.9008373	268.09	A2	Shi et al. (2023)
J092615.19+280323.0	1228615114	141.5633121	28.0563891	422.58	A1	Hümmerich et al. (2020)
J174401.93+142325.5	1228810194	266.0071721	14.39042739	452.64	A7	Gaia Collaboration et al. (2016, 2023)
J082707.00+453552.9	1229710155	126.7779724	45.59803222	299.97	A6	Shi et al. (2023)
J090059.83+131238.8	1230209087	135.2493311	13.2108043	317.43	A7	Shang et al. (2022)
J195151.44+390433.4	1246314093	297.9655727	39.07603437	999	A1	Gaia Collaboration et al. (2016, 2023)
J192037.62+345010.0	1246807105	290.1567561	34.8361319	122.1	A5	Lu et al. (2025)
J191812.52+354556.9	1246808061	289.5521831	35.7658098	118.69	A1	Lu et al. (2025)
